fecha,time,departamento,provincia,distrito,ubigeo,latitud,longitud,altitud_estimada,poblacion_total,poblacion_rural,porcentaje_rural,actividad_agropecuaria,cultivo_relevante,temperature_2m,relative_humidity_2m,apparent_temperature,dew_point_2m,precipitation,cloud_cover,wind_speed_10m,mes,hora,temporada_agricola,temperatura_minima_diaria,horas_bajo_cero,riesgo_helada
2024-06-01,2024-06-01T00:00,Puno,Puno,Puno,210101,-15.8402,-70.0219,3827,128637,21868,16.99,True,papa,3.8,38,-1.1,-9.2,0.0,0,11.8,6,0,heladas_invernales,1.7,0,medio
2024-06-01,2024-06-01T01:00,Puno,Puno,Puno,210101,-15.8402,-70.0219,3827,128637,21868,16.99,True,papa,2.7,36,-2.3,-10.8,0.0,0,11.8,6,1,heladas_invernales,1.7,0,medio
2024-06-01,2024-06-01T02:00,Puno,Puno,Puno,210101,-15.8402,-70.0219,3827,128637,21868,16.99,True,papa,2.1,36,-3.1,-11.5,0.0,0,12.4,6,2,heladas_invernales,1.7,0,medio
2024-06-01,2024-06-01T03:00,Puno,Puno,Puno,210101,-15.8402,-70.0219,3827,128637,21868,16.99,True,papa,1.9,35,-3.3,-11.9,0.0,0,12.3,6,3,heladas_invernales,1.7,0,medio
2024-06-01,2024-06-01T04:00,Puno,Puno,Puno,210101,-15.8402,-70.0219,3827,128637,21868,16.99,True,papa,1.7,36,-3.4,-11.7,0.0,0,11.3,6,4,heladas_invernales,1.7,0,medio
2024-06-01,2024-06-01T05:00,Puno,Puno,Puno,210101,-15.8402,-70.0219,3827,128637,21868,16.99,True,papa,2.2,36,-2.4,-11.5,0.0,0,8.4,6,5,heladas_invernales,1.7,0,medio
2024-06-01,2024-06-01T06:00,Puno,Puno,Puno,210101,-15.8402,-70.0219,3827,128637,21868,16.99,True,papa,6.5,22,2.1,-14.0,0.0,0,5.9,6,6,heladas_invernales,1.7,0,medio
2024-06-01,2024-06-01T07:00,Puno,Puno,Puno,210101,-15.8402,-70.0219,3827,128637,21868,16.99,True,papa,5.0,40,1.2,-7.4,0.0,0,5.4,6,7,heladas_invernales,1.7,0,medio
2024-06-01,2024-06-01T08:00,Puno,Puno,Puno,210101,-15.8402,-70.0219,3827,128637,21868,16.99,True,papa,7.2,29,3.3,-9.5,0.0,0,4.9,6,8,heladas_invernales,1.7,0,medio
2024-06-01,2024-06-01T09:00,Puno,Puno,Puno,210101,-15.8402,-70.0219,3827,128637,21868,16.99,True,papa,10.0,19,6.0,-12.4,0.0,0,4.0,6,9,heladas_invernales,1.7,0,medio
2024-06-01,2024-06-01T10:00,Puno,Puno,Puno,210101,-15.8402,-70.0219,3827,128637,21868,16.99,True,papa,11.8,18,8.4,-11.6,0.0,0,7.4,6,10,heladas_invernales,1.7,0,medio
2024-06-01,2024-06-01T11:00,Puno,Puno,Puno,210101,-15.8402,-70.0219,3827,128637,21868,16.99,True,papa,13.2,19,10.3,-10.1,0.0,0,9.0,6,11,heladas_invernales,1.7,0,medio
2024-06-01,2024-06-01T12:00,Puno,Puno,Puno,210101,-15.8402,-70.0219,3827,128637,21868,16.99,True,papa,14.4,17,11.6,-10.5,0.0,0,10.0,6,12,heladas_invernales,1.7,0,medio
2024-06-01,2024-06-01T13:00,Puno,Puno,Puno,210101,-15.8402,-70.0219,3827,128637,21868,16.99,True,papa,15.2,15,12.3,-11.4,0.0,0,9.5,6,13,heladas_invernales,1.7,0,medio
2024-06-01,2024-06-01T14:00,Puno,Puno,Puno,210101,-15.8402,-70.0219,3827,128637,21868,16.99,True,papa,15.8,14,12.4,-12.1,0.0,0,8.7,6,14,heladas_invernales,1.7,0,medio
2024-06-01,2024-06-01T15:00,Puno,Puno,Puno,210101,-15.8402,-70.0219,3827,128637,21868,16.99,True,papa,15.8,15,11.1,-11.2,0.0,0,10.8,6,15,heladas_invernales,1.7,0,medio
2024-06-01,2024-06-01T16:00,Puno,Puno,Puno,210101,-15.8402,-70.0219,3827,128637,21868,16.99,True,papa,14.8,21,9.7,-7.3,0.0,0,13.8,6,16,heladas_invernales,1.7,0,medio
2024-06-01,2024-06-01T17:00,Puno,Puno,Puno,210101,-15.8402,-70.0219,3827,128637,21868,16.99,True,papa,13.0,29,8.2,-4.7,0.0,0,14.1,6,17,heladas_invernales,1.7,0,medio
2024-06-01,2024-06-01T18:00,Puno,Puno,Puno,210101,-15.8402,-70.0219,3827,128637,21868,16.99,True,papa,11.6,39,8.0,-1.9,0.0,0,8.5,6,18,heladas_invernales,1.7,0,medio
2024-06-01,2024-06-01T19:00,Puno,Puno,Puno,210101,-15.8402,-70.0219,3827,128637,21868,16.99,True,papa,10.5,47,7.5,-0.2,0.0,0,5.2,6,19,heladas_invernales,1.7,0,medio
2024-06-01,2024-06-01T20:00,Puno,Puno,Puno,210101,-15.8402,-70.0219,3827,128637,21868,16.99,True,papa,10.6,40,7.9,-2.4,0.0,0,1.5,6,20,heladas_invernales,1.7,0,medio
2024-06-01,2024-06-01T21:00,Puno,Puno,Puno,210101,-15.8402,-70.0219,3827,128637,21868,16.99,True,papa,7.3,58,4.1,-0.4,0.0,0,6.9,6,21,heladas_invernales,1.7,0,medio
2024-06-01,2024-06-01T22:00,Puno,Puno,Puno,210101,-15.8402,-70.0219,3827,128637,21868,16.99,True,papa,6.1,59,2.5,-1.4,0.0,0,8.6,6,22,heladas_invernales,1.7,0,medio
2024-06-01,2024-06-01T23:00,Puno,Puno,Puno,210101,-15.8402,-70.0219,3827,128637,21868,16.99,True,papa,5.2,56,1.3,-2.9,0.0,0,9.0,6,23,heladas_invernales,1.7,0,medio
2024-06-02,2024-06-02T00:00,Puno,Puno,Puno,210101,-15.8402,-70.0219,3827,128637,21868,16.99,True,papa,4.6,53,0.5,-4.2,0.0,0,9.4,6,0,heladas_invernales,3.4,0,bajo
2024-06-02,2024-06-02T01:00,Puno,Puno,Puno,210101,-15.8402,-70.0219,3827,128637,21868,16.99,True,papa,4.0,55,-0.0,-4.3,0.0,0,9.0,6,1,heladas_invernales,3.4,0,bajo
2024-06-02,2024-06-02T02:00,Puno,Puno,Puno,210101,-15.8402,-70.0219,3827,128637,21868,16.99,True,papa,4.6,52,0.7,-4.3,0.0,0,7.9,6,2,heladas_invernales,3.4,0,bajo
2024-06-02,2024-06-02T03:00,Puno,Puno,Puno,210101,-15.8402,-70.0219,3827,128637,21868,16.99,True,papa,5.8,47,2.0,-4.7,0.0,0,6.9,6,3,heladas_invernales,3.4,0,bajo
2024-06-02,2024-06-02T04:00,Puno,Puno,Puno,210101,-15.8402,-70.0219,3827,128637,21868,16.99,True,papa,4.5,50,0.7,-5.0,0.0,0,7.2,6,4,heladas_invernales,3.4,0,bajo
2024-06-02,2024-06-02T05:00,Puno,Puno,Puno,210101,-15.8402,-70.0219,3827,128637,21868,16.99,True,papa,3.4,49,-0.7,-6.3,0.0,0,7.6,6,5,heladas_invernales,3.4,0,bajo
2024-06-02,2024-06-02T06:00,Puno,Puno,Puno,210101,-15.8402,-70.0219,3827,128637,21868,16.99,True,papa,4.0,42,-0.1,-7.8,0.0,0,6.8,6,6,heladas_invernales,3.4,0,bajo
2024-06-02,2024-06-02T07:00,Puno,Puno,Puno,210101,-15.8402,-70.0219,3827,128637,21868,16.99,True,papa,4.4,51,0.8,-4.7,0.0,0,5.8,6,7,heladas_invernales,3.4,0,bajo
2024-06-02,2024-06-02T08:00,Puno,Puno,Puno,210101,-15.8402,-70.0219,3827,128637,21868,16.99,True,papa,7.2,37,3.7,-6.6,0.0,0,3.6,6,8,heladas_invernales,3.4,0,bajo
2024-06-02,2024-06-02T09:00,Puno,Puno,Puno,210101,-15.8402,-70.0219,3827,128637,21868,16.99,True,papa,10.0,22,6.0,-11.0,0.0,0,4.0,6,9,heladas_invernales,3.4,0,bajo
2024-06-02,2024-06-02T10:00,Puno,Puno,Puno,210101,-15.8402,-70.0219,3827,128637,21868,16.99,True,papa,11.9,19,9.0,-10.9,0.0,0,4.4,6,10,heladas_invernales,3.4,0,bajo
2024-06-02,2024-06-02T11:00,Puno,Puno,Puno,210101,-15.8402,-70.0219,3827,128637,21868,16.99,True,papa,13.5,16,11.3,-11.5,0.0,0,4.9,6,11,heladas_invernales,3.4,0,bajo
2024-06-02,2024-06-02T12:00,Puno,Puno,Puno,210101,-15.8402,-70.0219,3827,128637,21868,16.99,True,papa,14.8,15,12.7,-11.4,0.0,25,5.9,6,12,heladas_invernales,3.4,0,bajo
2024-06-02,2024-06-02T13:00,Puno,Puno,Puno,210101,-15.8402,-70.0219,3827,128637,21868,16.99,True,papa,15.7,14,13.2,-11.8,0.0,73,7.0,6,13,heladas_invernales,3.4,0,bajo
2024-06-02,2024-06-02T14:00,Puno,Puno,Puno,210101,-15.8402,-70.0219,3827,128637,21868,16.99,True,papa,16.1,14,12.7,-11.7,0.0,80,8.5,6,14,heladas_invernales,3.4,0,bajo
2024-06-02,2024-06-02T15:00,Puno,Puno,Puno,210101,-15.8402,-70.0219,3827,128637,21868,16.99,True,papa,16.2,15,11.6,-10.9,0.0,26,10.8,6,15,heladas_invernales,3.4,0,bajo
2024-06-02,2024-06-02T16:00,Puno,Puno,Puno,210101,-15.8402,-70.0219,3827,128637,21868,16.99,True,papa,15.4,18,10.2,-8.9,0.0,0,13.6,6,16,heladas_invernales,3.4,0,bajo
2024-06-02,2024-06-02T17:00,Puno,Puno,Puno,210101,-15.8402,-70.0219,3827,128637,21868,16.99,True,papa,13.3,24,8.1,-7.1,0.0,0,15.2,6,17,heladas_invernales,3.4,0,bajo
2024-06-02,2024-06-02T18:00,Puno,Puno,Puno,210101,-15.8402,-70.0219,3827,128637,21868,16.99,True,papa,11.7,34,7.6,-3.6,0.0,0,9.8,6,18,heladas_invernales,3.4,0,bajo
2024-06-02,2024-06-02T19:00,Puno,Puno,Puno,210101,-15.8402,-70.0219,3827,128637,21868,16.99,True,papa,10.0,48,6.7,-0.6,0.0,0,6.9,6,19,heladas_invernales,3.4,0,bajo
2024-06-02,2024-06-02T20:00,Puno,Puno,Puno,210101,-15.8402,-70.0219,3827,128637,21868,16.99,True,papa,9.3,43,5.9,-2.5,0.0,2,6.3,6,20,heladas_invernales,3.4,0,bajo
2024-06-02,2024-06-02T21:00,Puno,Puno,Puno,210101,-15.8402,-70.0219,3827,128637,21868,16.99,True,papa,7.7,47,3.8,-2.9,0.0,0,9.1,6,21,heladas_invernales,3.4,0,bajo
2024-06-02,2024-06-02T22:00,Puno,Puno,Puno,210101,-15.8402,-70.0219,3827,128637,21868,16.99,True,papa,6.7,45,2.5,-4.3,0.0,8,10.6,6,22,heladas_invernales,3.4,0,bajo
2024-06-02,2024-06-02T23:00,Puno,Puno,Puno,210101,-15.8402,-70.0219,3827,128637,21868,16.99,True,papa,5.8,48,1.6,-4.5,0.0,13,9.8,6,23,heladas_invernales,3.4,0,bajo
2024-06-03,2024-06-03T00:00,Puno,Puno,Puno,210101,-15.8402,-70.0219,3827,128637,21868,16.99,True,papa,5.1,50,1.0,-4.5,0.0,16,9.2,6,0,heladas_invernales,4.1,0,bajo
2024-06-03,2024-06-03T01:00,Puno,Puno,Puno,210101,-15.8402,-70.0219,3827,128637,21868,16.99,True,papa,4.8,49,0.7,-5.1,0.0,41,8.6,6,1,heladas_invernales,4.1,0,bajo
2024-06-03,2024-06-03T02:00,Puno,Puno,Puno,210101,-15.8402,-70.0219,3827,128637,21868,16.99,True,papa,4.1,51,0.0,-5.1,0.0,15,8.7,6,2,heladas_invernales,4.1,0,bajo
2024-06-03,2024-06-03T03:00,Puno,Puno,Puno,210101,-15.8402,-70.0219,3827,128637,21868,16.99,True,papa,5.4,44,1.5,-5.9,0.0,40,6.8,6,3,heladas_invernales,4.1,0,bajo
2024-06-03,2024-06-03T04:00,Puno,Puno,Puno,210101,-15.8402,-70.0219,3827,128637,21868,16.99,True,papa,7.9,33,4.2,-7.4,0.0,64,4.7,6,4,heladas_invernales,4.1,0,bajo
2024-06-03,2024-06-03T05:00,Puno,Puno,Puno,210101,-15.8402,-70.0219,3827,128637,21868,16.99,True,papa,8.7,28,4.8,-9.0,0.0,70,4.9,6,5,heladas_invernales,4.1,0,bajo
2024-06-03,2024-06-03T06:00,Puno,Puno,Puno,210101,-15.8402,-70.0219,3827,128637,21868,16.99,True,papa,8.7,26,4.9,-10.0,0.0,90,3.4,6,6,heladas_invernales,4.1,0,bajo
2024-06-03,2024-06-03T07:00,Puno,Puno,Puno,210101,-15.8402,-70.0219,3827,128637,21868,16.99,True,papa,8.0,26,4.4,-10.1,0.0,80,2.3,6,7,heladas_invernales,4.1,0,bajo
2024-06-03,2024-06-03T08:00,Puno,Puno,Puno,210101,-15.8402,-70.0219,3827,128637,21868,16.99,True,papa,8.1,31,4.9,-8.1,0.0,0,1.1,6,8,heladas_invernales,4.1,0,bajo
2024-06-03,2024-06-03T09:00,Puno,Puno,Puno,210101,-15.8402,-70.0219,3827,128637,21868,16.99,True,papa,10.4,33,7.0,-5.2,0.0,0,4.3,6,9,heladas_invernales,4.1,0,bajo
2024-06-03,2024-06-03T10:00,Puno,Puno,Puno,210101,-15.8402,-70.0219,3827,128637,21868,16.99,True,papa,11.8,36,9.2,-2.8,0.0,0,6.9,6,10,heladas_invernales,4.1,0,bajo
2024-06-03,2024-06-03T11:00,Puno,Puno,Puno,210101,-15.8402,-70.0219,3827,128637,21868,16.99,True,papa,13.3,28,11.0,-5.0,0.0,0,8.0,6,11,heladas_invernales,4.1,0,bajo
2024-06-03,2024-06-03T12:00,Puno,Puno,Puno,210101,-15.8402,-70.0219,3827,128637,21868,16.99,True,papa,14.3,24,12.4,-5.8,0.0,34,6.9,6,12,heladas_invernales,4.1,0,bajo
2024-06-03,2024-06-03T13:00,Puno,Puno,Puno,210101,-15.8402,-70.0219,3827,128637,21868,16.99,True,papa,15.3,22,12.8,-6.5,0.0,69,9.0,6,13,heladas_invernales,4.1,0,bajo
2024-06-03,2024-06-03T14:00,Puno,Puno,Puno,210101,-15.8402,-70.0219,3827,128637,21868,16.99,True,papa,15.7,20,12.2,-7.1,0.0,53,11.5,6,14,heladas_invernales,4.1,0,bajo
2024-06-03,2024-06-03T15:00,Puno,Puno,Puno,210101,-15.8402,-70.0219,3827,128637,21868,16.99,True,papa,15.1,22,10.4,-6.3,0.0,0,13.5,6,15,heladas_invernales,4.1,0,bajo
2024-06-03,2024-06-03T16:00,Puno,Puno,Puno,210101,-15.8402,-70.0219,3827,128637,21868,16.99,True,papa,14.3,25,9.2,-5.3,0.0,0,15.5,6,16,heladas_invernales,4.1,0,bajo
2024-06-03,2024-06-03T17:00,Puno,Puno,Puno,210101,-15.8402,-70.0219,3827,128637,21868,16.99,True,papa,11.6,44,6.1,-0.4,0.0,0,22.3,6,17,heladas_invernales,4.1,0,bajo
2024-06-03,2024-06-03T18:00,Puno,Puno,Puno,210101,-15.8402,-70.0219,3827,128637,21868,16.99,True,papa,10.3,55,6.3,1.6,0.0,0,14.5,6,18,heladas_invernales,4.1,0,bajo
2024-06-03,2024-06-03T19:00,Puno,Puno,Puno,210101,-15.8402,-70.0219,3827,128637,21868,16.99,True,papa,9.8,61,6.4,2.6,0.0,0,11.5,6,19,heladas_invernales,4.1,0,bajo
2024-06-03,2024-06-03T20:00,Puno,Puno,Puno,210101,-15.8402,-70.0219,3827,128637,21868,16.99,True,papa,8.5,70,5.5,3.3,0.0,0,9.6,6,20,heladas_invernales,4.1,0,bajo
2024-06-03,2024-06-03T21:00,Puno,Puno,Puno,210101,-15.8402,-70.0219,3827,128637,21868,16.99,True,papa,7.3,79,4.7,3.9,0.0,0,7.4,6,21,heladas_invernales,4.1,0,bajo
2024-06-03,2024-06-03T22:00,Puno,Puno,Puno,210101,-15.8402,-70.0219,3827,128637,21868,16.99,True,papa,6.7,75,3.6,2.6,0.0,1,9.4,6,22,heladas_invernales,4.1,0,bajo
2024-06-03,2024-06-03T23:00,Puno,Puno,Puno,210101,-15.8402,-70.0219,3827,128637,21868,16.99,True,papa,5.9,71,2.1,0.9,0.0,24,12.3,6,23,heladas_invernales,4.1,0,bajo
2024-06-04,2024-06-04T00:00,Puno,Puno,Puno,210101,-15.8402,-70.0219,3827,128637,21868,16.99,True,papa,5.2,75,1.5,1.1,0.0,0,11.8,6,0,heladas_invernales,2.7,0,medio
2024-06-04,2024-06-04T01:00,Puno,Puno,Puno,210101,-15.8402,-70.0219,3827,128637,21868,16.99,True,papa,4.8,75,1.1,0.8,0.0,0,11.6,6,1,heladas_invernales,2.7,0,medio
2024-06-04,2024-06-04T02:00,Puno,Puno,Puno,210101,-15.8402,-70.0219,3827,128637,21868,16.99,True,papa,4.2,75,0.4,0.1,0.0,0,11.3,6,2,heladas_invernales,2.7,0,medio
2024-06-04,2024-06-04T03:00,Puno,Puno,Puno,210101,-15.8402,-70.0219,3827,128637,21868,16.99,True,papa,3.4,76,-0.3,-0.5,0.0,0,10.2,6,3,heladas_invernales,2.7,0,medio
2024-06-04,2024-06-04T04:00,Puno,Puno,Puno,210101,-15.8402,-70.0219,3827,128637,21868,16.99,True,papa,3.1,74,-0.7,-1.1,0.0,0,10.1,6,4,heladas_invernales,2.7,0,medio
2024-06-04,2024-06-04T05:00,Puno,Puno,Puno,210101,-15.8402,-70.0219,3827,128637,21868,16.99,True,papa,2.7,73,-1.0,-1.6,0.0,0,8.8,6,5,heladas_invernales,2.7,0,medio
2024-06-04,2024-06-04T06:00,Puno,Puno,Puno,210101,-15.8402,-70.0219,3827,128637,21868,16.99,True,papa,5.9,56,2.5,-2.2,0.0,0,6.0,6,6,heladas_invernales,2.7,0,medio
2024-06-04,2024-06-04T07:00,Puno,Puno,Puno,210101,-15.8402,-70.0219,3827,128637,21868,16.99,True,papa,6.2,66,3.2,0.2,0.0,1,5.7,6,7,heladas_invernales,2.7,0,medio
2024-06-04,2024-06-04T08:00,Puno,Puno,Puno,210101,-15.8402,-70.0219,3827,128637,21868,16.99,True,papa,8.5,50,5.6,-1.2,0.0,0,3.9,6,8,heladas_invernales,2.7,0,medio
2024-06-04,2024-06-04T09:00,Puno,Puno,Puno,210101,-15.8402,-70.0219,3827,128637,21868,16.99,True,papa,10.1,51,7.8,0.3,0.0,0,1.6,6,9,heladas_invernales,2.7,0,medio
2024-06-04,2024-06-04T10:00,Puno,Puno,Puno,210101,-15.8402,-70.0219,3827,128637,21868,16.99,True,papa,11.8,45,9.8,0.2,0.0,0,5.5,6,10,heladas_invernales,2.7,0,medio
2024-06-04,2024-06-04T11:00,Puno,Puno,Puno,210101,-15.8402,-70.0219,3827,128637,21868,16.99,True,papa,13.5,39,11.7,-0.2,0.0,0,8.3,6,11,heladas_invernales,2.7,0,medio
2024-06-04,2024-06-04T12:00,Puno,Puno,Puno,210101,-15.8402,-70.0219,3827,128637,21868,16.99,True,papa,14.9,33,13.0,-1.3,0.0,0,9.7,6,12,heladas_invernales,2.7,0,medio
2024-06-04,2024-06-04T13:00,Puno,Puno,Puno,210101,-15.8402,-70.0219,3827,128637,21868,16.99,True,papa,15.6,29,13.2,-2.3,0.0,0,11.0,6,13,heladas_invernales,2.7,0,medio
2024-06-04,2024-06-04T14:00,Puno,Puno,Puno,210101,-15.8402,-70.0219,3827,128637,21868,16.99,True,papa,15.9,27,12.5,-3.0,0.0,0,13.0,6,14,heladas_invernales,2.7,0,medio
2024-06-04,2024-06-04T15:00,Puno,Puno,Puno,210101,-15.8402,-70.0219,3827,128637,21868,16.99,True,papa,15.9,23,11.3,-5.1,0.0,10,13.3,6,15,heladas_invernales,2.7,0,medio
2024-06-04,2024-06-04T16:00,Puno,Puno,Puno,210101,-15.8402,-70.0219,3827,128637,21868,16.99,True,papa,15.4,21,10.5,-6.9,0.0,0,12.6,6,16,heladas_invernales,2.7,0,medio
2024-06-04,2024-06-04T17:00,Puno,Puno,Puno,210101,-15.8402,-70.0219,3827,128637,21868,16.99,True,papa,13.8,23,8.9,-6.8,0.0,0,13.2,6,17,heladas_invernales,2.7,0,medio
2024-06-04,2024-06-04T18:00,Puno,Puno,Puno,210101,-15.8402,-70.0219,3827,128637,21868,16.99,True,papa,11.5,43,8.0,-0.8,0.0,0,8.8,6,18,heladas_invernales,2.7,0,medio
2024-06-04,2024-06-04T19:00,Puno,Puno,Puno,210101,-15.8402,-70.0219,3827,128637,21868,16.99,True,papa,10.1,57,7.5,2.0,0.0,0,5.4,6,19,heladas_invernales,2.7,0,medio
2024-06-04,2024-06-04T20:00,Puno,Puno,Puno,210101,-15.8402,-70.0219,3827,128637,21868,16.99,True,papa,10.0,41,6.7,-2.6,0.0,0,5.4,6,20,heladas_invernales,2.7,0,medio
2024-06-04,2024-06-04T21:00,Puno,Puno,Puno,210101,-15.8402,-70.0219,3827,128637,21868,16.99,True,papa,7.8,52,4.2,-1.6,0.0,0,8.3,6,21,heladas_invernales,2.7,0,medio
2024-06-04,2024-06-04T22:00,Puno,Puno,Puno,210101,-15.8402,-70.0219,3827,128637,21868,16.99,True,papa,6.7,54,3.2,-1.9,0.0,0,7.6,6,22,heladas_invernales,2.7,0,medio
2024-06-04,2024-06-04T23:00,Puno,Puno,Puno,210101,-15.8402,-70.0219,3827,128637,21868,16.99,True,papa,6.4,51,2.8,-3.0,0.0,0,7.2,6,23,heladas_invernales,2.7,0,medio
2024-06-05,2024-06-05T00:00,Puno,Puno,Puno,210101,-15.8402,-70.0219,3827,128637,21868,16.99,True,papa,9.6,34,6.0,-5.7,0.0,0,4.8,6,0,heladas_invernales,2.6,0,medio
2024-06-05,2024-06-05T01:00,Puno,Puno,Puno,210101,-15.8402,-70.0219,3827,128637,21868,16.99,True,papa,9.4,33,6.0,-6.2,0.0,0,3.2,6,1,heladas_invernales,2.6,0,medio
2024-06-05,2024-06-05T02:00,Puno,Puno,Puno,210101,-15.8402,-70.0219,3827,128637,21868,16.99,True,papa,9.3,32,5.6,-6.8,0.0,0,4.7,6,2,heladas_invernales,2.6,0,medio
2024-06-05,2024-06-05T03:00,Puno,Puno,Puno,210101,-15.8402,-70.0219,3827,128637,21868,16.99,True,papa,8.3,34,4.4,-6.5,0.0,0,6.1,6,3,heladas_invernales,2.6,0,medio
2024-06-05,2024-06-05T04:00,Puno,Puno,Puno,210101,-15.8402,-70.0219,3827,128637,21868,16.99,True,papa,4.0,52,0.1,-5.0,0.0,0,8.0,6,4,heladas_invernales,2.6,0,medio
2024-06-05,2024-06-05T05:00,Puno,Puno,Puno,210101,-15.8402,-70.0219,3827,128637,21868,16.99,True,papa,2.6,59,-1.3,-4.6,0.0,0,8.0,6,5,heladas_invernales,2.6,0,medio
2024-06-05,2024-06-05T06:00,Puno,Puno,Puno,210101,-15.8402,-70.0219,3827,128637,21868,16.99,True,papa,2.9,56,-0.9,-5.1,0.0,0,6.9,6,6,heladas_invernales,2.6,0,medio
2024-06-05,2024-06-05T07:00,Puno,Puno,Puno,210101,-15.8402,-70.0219,3827,128637,21868,16.99,True,papa,4.9,61,1.8,-2.0,0.0,0,5.0,6,7,heladas_invernales,2.6,0,medio
2024-06-05,2024-06-05T08:00,Puno,Puno,Puno,210101,-15.8402,-70.0219,3827,128637,21868,16.99,True,papa,7.6,45,4.9,-3.5,0.0,0,1.0,6,8,heladas_invernales,2.6,0,medio
2024-06-05,2024-06-05T09:00,Puno,Puno,Puno,210101,-15.8402,-70.0219,3827,128637,21868,16.99,True,papa,10.0,34,6.8,-5.0,0.0,0,3.1,6,9,heladas_invernales,2.6,0,medio
2024-06-05,2024-06-05T10:00,Puno,Puno,Puno,210101,-15.8402,-70.0219,3827,128637,21868,16.99,True,papa,12.1,31,9.5,-4.5,0.0,0,5.8,6,10,heladas_invernales,2.6,0,medio
2024-06-05,2024-06-05T11:00,Puno,Puno,Puno,210101,-15.8402,-70.0219,3827,128637,21868,16.99,True,papa,13.9,27,11.3,-4.8,0.0,0,9.8,6,11,heladas_invernales,2.6,0,medio
2024-06-05,2024-06-05T12:00,Puno,Puno,Puno,210101,-15.8402,-70.0219,3827,128637,21868,16.99,True,papa,15.0,25,12.2,-4.6,0.0,0,13.0,6,12,heladas_invernales,2.6,0,medio
2024-06-05,2024-06-05T13:00,Puno,Puno,Puno,210101,-15.8402,-70.0219,3827,128637,21868,16.99,True,papa,15.5,26,12.1,-4.0,0.0,0,15.5,6,13,heladas_invernales,2.6,0,medio
2024-06-05,2024-06-05T14:00,Puno,Puno,Puno,210101,-15.8402,-70.0219,3827,128637,21868,16.99,True,papa,15.5,22,11.4,-5.9,0.0,0,15.4,6,14,heladas_invernales,2.6,0,medio
2024-06-05,2024-06-05T15:00,Puno,Puno,Puno,210101,-15.8402,-70.0219,3827,128637,21868,16.99,True,papa,15.1,20,10.0,-7.9,0.0,0,15.0,6,15,heladas_invernales,2.6,0,medio
2024-06-05,2024-06-05T16:00,Puno,Puno,Puno,210101,-15.8402,-70.0219,3827,128637,21868,16.99,True,papa,14.4,19,9.0,-8.9,0.0,0,15.3,6,16,heladas_invernales,2.6,0,medio
2024-06-05,2024-06-05T17:00,Puno,Puno,Puno,210101,-15.8402,-70.0219,3827,128637,21868,16.99,True,papa,12.9,26,8.3,-6.1,0.0,0,11.9,6,17,heladas_invernales,2.6,0,medio
2024-06-05,2024-06-05T18:00,Puno,Puno,Puno,210101,-15.8402,-70.0219,3827,128637,21868,16.99,True,papa,10.4,50,7.3,0.4,0.0,0,7.4,6,18,heladas_invernales,2.6,0,medio
2024-06-05,2024-06-05T19:00,Puno,Puno,Puno,210101,-15.8402,-70.0219,3827,128637,21868,16.99,True,papa,10.5,48,7.7,-0.0,0.0,0,4.6,6,19,heladas_invernales,2.6,0,medio
2024-06-05,2024-06-05T20:00,Puno,Puno,Puno,210101,-15.8402,-70.0219,3827,128637,21868,16.99,True,papa,9.3,45,6.0,-2.2,0.0,0,5.8,6,20,heladas_invernales,2.6,0,medio
2024-06-05,2024-06-05T21:00,Puno,Puno,Puno,210101,-15.8402,-70.0219,3827,128637,21868,16.99,True,papa,6.5,49,2.7,-3.3,0.0,0,8.5,6,21,heladas_invernales,2.6,0,medio
2024-06-05,2024-06-05T22:00,Puno,Puno,Puno,210101,-15.8402,-70.0219,3827,128637,21868,16.99,True,papa,5.8,44,1.8,-5.4,0.0,0,8.2,6,22,heladas_invernales,2.6,0,medio
2024-06-05,2024-06-05T23:00,Puno,Puno,Puno,210101,-15.8402,-70.0219,3827,128637,21868,16.99,True,papa,5.8,42,1.7,-6.3,0.0,0,8.0,6,23,heladas_invernales,2.6,0,medio
2024-06-06,2024-06-06T00:00,Puno,Puno,Puno,210101,-15.8402,-70.0219,3827,128637,21868,16.99,True,papa,8.0,31,3.9,-8.0,0.0,0,6.7,6,0,heladas_invernales,3.1,0,bajo
2024-06-06,2024-06-06T01:00,Puno,Puno,Puno,210101,-15.8402,-70.0219,3827,128637,21868,16.99,True,papa,8.8,28,4.7,-8.9,0.0,0,6.0,6,1,heladas_invernales,3.1,0,bajo
2024-06-06,2024-06-06T02:00,Puno,Puno,Puno,210101,-15.8402,-70.0219,3827,128637,21868,16.99,True,papa,6.9,34,2.9,-8.0,0.0,0,6.6,6,2,heladas_invernales,3.1,0,bajo
2024-06-06,2024-06-06T03:00,Puno,Puno,Puno,210101,-15.8402,-70.0219,3827,128637,21868,16.99,True,papa,5.7,38,1.6,-7.6,0.0,0,6.8,6,3,heladas_invernales,3.1,0,bajo
2024-06-06,2024-06-06T04:00,Puno,Puno,Puno,210101,-15.8402,-70.0219,3827,128637,21868,16.99,True,papa,4.0,44,-0.2,-7.2,0.0,0,8.0,6,4,heladas_invernales,3.1,0,bajo
2024-06-06,2024-06-06T05:00,Puno,Puno,Puno,210101,-15.8402,-70.0219,3827,128637,21868,16.99,True,papa,4.0,42,-0.2,-7.6,0.0,0,8.0,6,5,heladas_invernales,3.1,0,bajo
2024-06-06,2024-06-06T06:00,Puno,Puno,Puno,210101,-15.8402,-70.0219,3827,128637,21868,16.99,True,papa,3.1,44,-1.2,-7.8,0.0,0,8.8,6,6,heladas_invernales,3.1,0,bajo
2024-06-06,2024-06-06T07:00,Puno,Puno,Puno,210101,-15.8402,-70.0219,3827,128637,21868,16.99,True,papa,5.4,47,1.5,-5.0,0.0,0,7.2,6,7,heladas_invernales,3.1,0,bajo
2024-06-06,2024-06-06T08:00,Puno,Puno,Puno,210101,-15.8402,-70.0219,3827,128637,21868,16.99,True,papa,8.0,41,4.7,-4.3,0.0,0,4.4,6,8,heladas_invernales,3.1,0,bajo
2024-06-06,2024-06-06T09:00,Puno,Puno,Puno,210101,-15.8402,-70.0219,3827,128637,21868,16.99,True,papa,10.6,32,7.3,-5.3,0.0,0,3.7,6,9,heladas_invernales,3.1,0,bajo
2024-06-06,2024-06-06T10:00,Puno,Puno,Puno,210101,-15.8402,-70.0219,3827,128637,21868,16.99,True,papa,12.3,32,9.6,-3.8,0.0,0,7.1,6,10,heladas_invernales,3.1,0,bajo
2024-06-06,2024-06-06T11:00,Puno,Puno,Puno,210101,-15.8402,-70.0219,3827,128637,21868,16.99,True,papa,13.6,32,11.3,-2.8,0.0,0,9.7,6,11,heladas_invernales,3.1,0,bajo
2024-06-06,2024-06-06T12:00,Puno,Puno,Puno,210101,-15.8402,-70.0219,3827,128637,21868,16.99,True,papa,14.8,26,12.0,-4.5,0.0,0,12.3,6,12,heladas_invernales,3.1,0,bajo
2024-06-06,2024-06-06T13:00,Puno,Puno,Puno,210101,-15.8402,-70.0219,3827,128637,21868,16.99,True,papa,15.2,20,11.5,-7.4,0.0,0,15.3,6,13,heladas_invernales,3.1,0,bajo
2024-06-06,2024-06-06T14:00,Puno,Puno,Puno,210101,-15.8402,-70.0219,3827,128637,21868,16.99,True,papa,15.4,17,11.4,-9.4,0.0,0,13.4,6,14,heladas_invernales,3.1,0,bajo
2024-06-06,2024-06-06T15:00,Puno,Puno,Puno,210101,-15.8402,-70.0219,3827,128637,21868,16.99,True,papa,15.6,16,10.8,-9.9,0.0,0,11.9,6,15,heladas_invernales,3.1,0,bajo
2024-06-06,2024-06-06T16:00,Puno,Puno,Puno,210101,-15.8402,-70.0219,3827,128637,21868,16.99,True,papa,15.5,16,10.1,-10.2,0.0,0,14.7,6,16,heladas_invernales,3.1,0,bajo
2024-06-06,2024-06-06T17:00,Puno,Puno,Puno,210101,-15.8402,-70.0219,3827,128637,21868,16.99,True,papa,13.7,24,8.8,-6.3,0.0,1,13.8,6,17,heladas_invernales,3.1,0,bajo
2024-06-06,2024-06-06T18:00,Puno,Puno,Puno,210101,-15.8402,-70.0219,3827,128637,21868,16.99,True,papa,11.5,38,7.3,-2.5,0.0,0,11.3,6,18,heladas_invernales,3.1,0,bajo
2024-06-06,2024-06-06T19:00,Puno,Puno,Puno,210101,-15.8402,-70.0219,3827,128637,21868,16.99,True,papa,10.0,48,6.2,-0.5,0.0,0,10.4,6,19,heladas_invernales,3.1,0,bajo
2024-06-06,2024-06-06T20:00,Puno,Puno,Puno,210101,-15.8402,-70.0219,3827,128637,21868,16.99,True,papa,8.4,48,4.6,-2.0,0.0,0,9.8,6,20,heladas_invernales,3.1,0,bajo
2024-06-06,2024-06-06T21:00,Puno,Puno,Puno,210101,-15.8402,-70.0219,3827,128637,21868,16.99,True,papa,7.7,45,3.5,-3.4,0.0,0,10.8,6,21,heladas_invernales,3.1,0,bajo
2024-06-06,2024-06-06T22:00,Puno,Puno,Puno,210101,-15.8402,-70.0219,3827,128637,21868,16.99,True,papa,6.5,49,2.5,-3.4,0.0,0,9.7,6,22,heladas_invernales,3.1,0,bajo
2024-06-06,2024-06-06T23:00,Puno,Puno,Puno,210101,-15.8402,-70.0219,3827,128637,21868,16.99,True,papa,5.8,50,1.9,-3.9,0.0,0,8.3,6,23,heladas_invernales,3.1,0,bajo
2024-06-07,2024-06-07T00:00,Puno,Puno,Puno,210101,-15.8402,-70.0219,3827,128637,21868,16.99,True,papa,5.4,49,1.4,-4.6,0.0,0,8.4,6,0,heladas_invernales,2.1,0,medio
2024-06-07,2024-06-07T01:00,Puno,Puno,Puno,210101,-15.8402,-70.0219,3827,128637,21868,16.99,True,papa,4.2,51,0.1,-5.0,0.0,0,9.1,6,1,heladas_invernales,2.1,0,medio
2024-06-07,2024-06-07T02:00,Puno,Puno,Puno,210101,-15.8402,-70.0219,3827,128637,21868,16.99,True,papa,3.4,51,-0.9,-5.7,0.0,0,10.3,6,2,heladas_invernales,2.1,0,medio
2024-06-07,2024-06-07T03:00,Puno,Puno,Puno,210101,-15.8402,-70.0219,3827,128637,21868,16.99,True,papa,3.0,49,-1.5,-6.6,0.0,0,11.0,6,3,heladas_invernales,2.1,0,medio
2024-06-07,2024-06-07T04:00,Puno,Puno,Puno,210101,-15.8402,-70.0219,3827,128637,21868,16.99,True,papa,2.5,48,-2.1,-7.3,0.0,0,10.9,6,4,heladas_invernales,2.1,0,medio
2024-06-07,2024-06-07T05:00,Puno,Puno,Puno,210101,-15.8402,-70.0219,3827,128637,21868,16.99,True,papa,2.1,48,-2.5,-7.8,0.0,0,10.5,6,5,heladas_invernales,2.1,0,medio
2024-06-07,2024-06-07T06:00,Puno,Puno,Puno,210101,-15.8402,-70.0219,3827,128637,21868,16.99,True,papa,3.5,40,-0.9,-8.9,0.0,0,8.3,6,6,heladas_invernales,2.1,0,medio
2024-06-07,2024-06-07T07:00,Puno,Puno,Puno,210101,-15.8402,-70.0219,3827,128637,21868,16.99,True,papa,5.1,50,1.4,-4.5,0.0,0,6.5,6,7,heladas_invernales,2.1,0,medio
2024-06-07,2024-06-07T08:00,Puno,Puno,Puno,210101,-15.8402,-70.0219,3827,128637,21868,16.99,True,papa,8.6,32,4.7,-7.3,0.0,0,6.1,6,8,heladas_invernales,2.1,0,medio
2024-06-07,2024-06-07T09:00,Puno,Puno,Puno,210101,-15.8402,-70.0219,3827,128637,21868,16.99,True,papa,10.4,32,6.9,-5.7,0.0,0,4.0,6,9,heladas_invernales,2.1,0,medio
2024-06-07,2024-06-07T10:00,Puno,Puno,Puno,210101,-15.8402,-70.0219,3827,128637,21868,16.99,True,papa,11.8,29,9.1,-5.6,0.0,0,6.2,6,10,heladas_invernales,2.1,0,medio
2024-06-07,2024-06-07T11:00,Puno,Puno,Puno,210101,-15.8402,-70.0219,3827,128637,21868,16.99,True,papa,13.2,23,10.8,-7.4,0.0,0,7.2,6,11,heladas_invernales,2.1,0,medio
2024-06-07,2024-06-07T12:00,Puno,Puno,Puno,210101,-15.8402,-70.0219,3827,128637,21868,16.99,True,papa,14.2,19,11.5,-9.1,0.0,0,9.8,6,12,heladas_invernales,2.1,0,medio
2024-06-07,2024-06-07T13:00,Puno,Puno,Puno,210101,-15.8402,-70.0219,3827,128637,21868,16.99,True,papa,14.7,17,11.6,-10.2,0.0,0,10.9,6,13,heladas_invernales,2.1,0,medio
2024-06-07,2024-06-07T14:00,Puno,Puno,Puno,210101,-15.8402,-70.0219,3827,128637,21868,16.99,True,papa,15.0,18,11.5,-9.5,0.0,0,10.5,6,14,heladas_invernales,2.1,0,medio
2024-06-07,2024-06-07T15:00,Puno,Puno,Puno,210101,-15.8402,-70.0219,3827,128637,21868,16.99,True,papa,15.2,18,10.4,-9.3,0.0,0,12.8,6,15,heladas_invernales,2.1,0,medio
2024-06-07,2024-06-07T16:00,Puno,Puno,Puno,210101,-15.8402,-70.0219,3827,128637,21868,16.99,True,papa,14.6,22,9.4,-6.9,0.0,0,15.6,6,16,heladas_invernales,2.1,0,medio
2024-06-07,2024-06-07T17:00,Puno,Puno,Puno,210101,-15.8402,-70.0219,3827,128637,21868,16.99,True,papa,13.1,30,8.2,-4.2,0.0,0,15.0,6,17,heladas_invernales,2.1,0,medio
2024-06-07,2024-06-07T18:00,Puno,Puno,Puno,210101,-15.8402,-70.0219,3827,128637,21868,16.99,True,papa,11.4,40,7.0,-1.9,0.0,0,13.2,6,18,heladas_invernales,2.1,0,medio
2024-06-07,2024-06-07T19:00,Puno,Puno,Puno,210101,-15.8402,-70.0219,3827,128637,21868,16.99,True,papa,10.5,51,6.6,0.6,0.0,0,12.3,6,19,heladas_invernales,2.1,0,medio
2024-06-07,2024-06-07T20:00,Puno,Puno,Puno,210101,-15.8402,-70.0219,3827,128637,21868,16.99,True,papa,8.5,59,5.2,0.9,0.0,0,8.7,6,20,heladas_invernales,2.1,0,medio
2024-06-07,2024-06-07T21:00,Puno,Puno,Puno,210101,-15.8402,-70.0219,3827,128637,21868,16.99,True,papa,7.2,61,4.0,0.2,0.0,0,7.9,6,21,heladas_invernales,2.1,0,medio
2024-06-07,2024-06-07T22:00,Puno,Puno,Puno,210101,-15.8402,-70.0219,3827,128637,21868,16.99,True,papa,6.5,53,2.6,-2.5,0.0,0,9.3,6,22,heladas_invernales,2.1,0,medio
2024-06-07,2024-06-07T23:00,Puno,Puno,Puno,210101,-15.8402,-70.0219,3827,128637,21868,16.99,True,papa,5.9,47,1.6,-4.5,0.0,0,10.6,6,23,heladas_invernales,2.1,0,medio
2024-06-08,2024-06-08T00:00,Puno,Puno,Puno,210101,-15.8402,-70.0219,3827,128637,21868,16.99,True,papa,5.3,46,0.9,-5.5,0.0,0,10.8,6,0,heladas_invernales,3.7,0,bajo
2024-06-08,2024-06-08T01:00,Puno,Puno,Puno,210101,-15.8402,-70.0219,3827,128637,21868,16.99,True,papa,4.8,46,0.2,-5.9,0.0,0,11.5,6,1,heladas_invernales,3.7,0,bajo
2024-06-08,2024-06-08T02:00,Puno,Puno,Puno,210101,-15.8402,-70.0219,3827,128637,21868,16.99,True,papa,4.2,48,-0.4,-5.9,0.0,0,11.6,6,2,heladas_invernales,3.7,0,bajo
2024-06-08,2024-06-08T03:00,Puno,Puno,Puno,210101,-15.8402,-70.0219,3827,128637,21868,16.99,True,papa,3.7,50,-0.4,-5.7,0.0,0,8.9,6,3,heladas_invernales,3.7,0,bajo
2024-06-08,2024-06-08T04:00,Puno,Puno,Puno,210101,-15.8402,-70.0219,3827,128637,21868,16.99,True,papa,4.7,45,0.6,-6.4,0.0,0,7.6,6,4,heladas_invernales,3.7,0,bajo
2024-06-08,2024-06-08T05:00,Puno,Puno,Puno,210101,-15.8402,-70.0219,3827,128637,21868,16.99,True,papa,5.9,39,2.0,-7.1,0.0,0,6.5,6,5,heladas_invernales,3.7,0,bajo
2024-06-08,2024-06-08T06:00,Puno,Puno,Puno,210101,-15.8402,-70.0219,3827,128637,21868,16.99,True,papa,6.0,39,2.1,-7.0,0.0,0,6.0,6,6,heladas_invernales,3.7,0,bajo
2024-06-08,2024-06-08T07:00,Puno,Puno,Puno,210101,-15.8402,-70.0219,3827,128637,21868,16.99,True,papa,5.1,56,1.7,-2.9,0.0,0,5.6,6,7,heladas_invernales,3.7,0,bajo
2024-06-08,2024-06-08T08:00,Puno,Puno,Puno,210101,-15.8402,-70.0219,3827,128637,21868,16.99,True,papa,7.9,36,4.4,-6.2,0.0,0,4.0,6,8,heladas_invernales,3.7,0,bajo
2024-06-08,2024-06-08T09:00,Puno,Puno,Puno,210101,-15.8402,-70.0219,3827,128637,21868,16.99,True,papa,9.9,30,6.4,-6.9,0.0,0,3.4,6,9,heladas_invernales,3.7,0,bajo
2024-06-08,2024-06-08T10:00,Puno,Puno,Puno,210101,-15.8402,-70.0219,3827,128637,21868,16.99,True,papa,11.6,28,9.1,-6.5,0.0,0,4.0,6,10,heladas_invernales,3.7,0,bajo
2024-06-08,2024-06-08T11:00,Puno,Puno,Puno,210101,-15.8402,-70.0219,3827,128637,21868,16.99,True,papa,13.2,23,10.4,-7.7,0.0,11,9.1,6,11,heladas_invernales,3.7,0,bajo
2024-06-08,2024-06-08T12:00,Puno,Puno,Puno,210101,-15.8402,-70.0219,3827,128637,21868,16.99,True,papa,14.3,17,11.3,-10.6,0.0,96,10.5,6,12,heladas_invernales,3.7,0,bajo
2024-06-08,2024-06-08T13:00,Puno,Puno,Puno,210101,-15.8402,-70.0219,3827,128637,21868,16.99,True,papa,15.2,12,11.9,-13.7,0.0,91,10.1,6,13,heladas_invernales,3.7,0,bajo
2024-06-08,2024-06-08T14:00,Puno,Puno,Puno,210101,-15.8402,-70.0219,3827,128637,21868,16.99,True,papa,15.6,12,11.9,-14.0,0.0,95,9.1,6,14,heladas_invernales,3.7,0,bajo
2024-06-08,2024-06-08T15:00,Puno,Puno,Puno,210101,-15.8402,-70.0219,3827,128637,21868,16.99,True,papa,15.6,11,11.1,-14.8,0.0,99,7.6,6,15,heladas_invernales,3.7,0,bajo
2024-06-08,2024-06-08T16:00,Puno,Puno,Puno,210101,-15.8402,-70.0219,3827,128637,21868,16.99,True,papa,15.5,10,10.6,-15.9,0.0,98,8.1,6,16,heladas_invernales,3.7,0,bajo
2024-06-08,2024-06-08T17:00,Puno,Puno,Puno,210101,-15.8402,-70.0219,3827,128637,21868,16.99,True,papa,14.0,16,9.4,-11.6,0.0,96,8.7,6,17,heladas_invernales,3.7,0,bajo
2024-06-08,2024-06-08T18:00,Puno,Puno,Puno,210101,-15.8402,-70.0219,3827,128637,21868,16.99,True,papa,11.0,35,7.1,-3.9,0.0,85,8.7,6,18,heladas_invernales,3.7,0,bajo
2024-06-08,2024-06-08T19:00,Puno,Puno,Puno,210101,-15.8402,-70.0219,3827,128637,21868,16.99,True,papa,9.5,50,6.1,-0.5,0.0,4,8.3,6,19,heladas_invernales,3.7,0,bajo
2024-06-08,2024-06-08T20:00,Puno,Puno,Puno,210101,-15.8402,-70.0219,3827,128637,21868,16.99,True,papa,10.4,37,7.1,-3.8,0.0,69,4.7,6,20,heladas_invernales,3.7,0,bajo
2024-06-08,2024-06-08T21:00,Puno,Puno,Puno,210101,-15.8402,-70.0219,3827,128637,21868,16.99,True,papa,7.1,44,2.9,-4.5,0.0,14,10.2,6,21,heladas_invernales,3.7,0,bajo
2024-06-08,2024-06-08T22:00,Puno,Puno,Puno,210101,-15.8402,-70.0219,3827,128637,21868,16.99,True,papa,5.7,42,1.4,-6.2,0.0,19,9.7,6,22,heladas_invernales,3.7,0,bajo
2024-06-08,2024-06-08T23:00,Puno,Puno,Puno,210101,-15.8402,-70.0219,3827,128637,21868,16.99,True,papa,4.0,50,-0.0,-5.4,0.0,34,8.2,6,23,heladas_invernales,3.7,0,bajo
2024-06-09,2024-06-09T00:00,Puno,Puno,Puno,210101,-15.8402,-70.0219,3827,128637,21868,16.99,True,papa,3.0,48,-1.5,-6.9,0.0,16,10.0,6,0,heladas_invernales,0.3,0,medio
2024-06-09,2024-06-09T01:00,Puno,Puno,Puno,210101,-15.8402,-70.0219,3827,128637,21868,16.99,True,papa,1.9,49,-2.5,-7.6,0.0,6,9.7,6,1,heladas_invernales,0.3,0,medio
2024-06-09,2024-06-09T02:00,Puno,Puno,Puno,210101,-15.8402,-70.0219,3827,128637,21868,16.99,True,papa,1.4,50,-3.1,-8.0,0.0,54,9.3,6,2,heladas_invernales,0.3,0,medio
2024-06-09,2024-06-09T03:00,Puno,Puno,Puno,210101,-15.8402,-70.0219,3827,128637,21868,16.99,True,papa,1.2,50,-3.4,-8.2,0.0,38,10.0,6,3,heladas_invernales,0.3,0,medio
2024-06-09,2024-06-09T04:00,Puno,Puno,Puno,210101,-15.8402,-70.0219,3827,128637,21868,16.99,True,papa,0.8,52,-3.7,-8.0,0.0,90,9.5,6,4,heladas_invernales,0.3,0,medio
2024-06-09,2024-06-09T05:00,Puno,Puno,Puno,210101,-15.8402,-70.0219,3827,128637,21868,16.99,True,papa,1.0,51,-3.3,-7.9,0.0,75,8.3,6,5,heladas_invernales,0.3,0,medio
2024-06-09,2024-06-09T06:00,Puno,Puno,Puno,210101,-15.8402,-70.0219,3827,128637,21868,16.99,True,papa,0.3,55,-4.0,-7.6,0.0,88,8.6,6,6,heladas_invernales,0.3,0,medio
2024-06-09,2024-06-09T07:00,Puno,Puno,Puno,210101,-15.8402,-70.0219,3827,128637,21868,16.99,True,papa,3.4,49,-0.5,-6.3,0.0,77,6.9,6,7,heladas_invernales,0.3,0,medio
2024-06-09,2024-06-09T08:00,Puno,Puno,Puno,210101,-15.8402,-70.0219,3827,128637,21868,16.99,True,papa,6.6,38,3.3,-6.7,0.0,90,1.9,6,8,heladas_invernales,0.3,0,medio
2024-06-09,2024-06-09T09:00,Puno,Puno,Puno,210101,-15.8402,-70.0219,3827,128637,21868,16.99,True,papa,9.0,26,5.4,-9.6,0.0,94,2.3,6,9,heladas_invernales,0.3,0,medio
2024-06-09,2024-06-09T10:00,Puno,Puno,Puno,210101,-15.8402,-70.0219,3827,128637,21868,16.99,True,papa,10.8,24,7.8,-9.2,0.0,67,5.5,6,10,heladas_invernales,0.3,0,medio
2024-06-09,2024-06-09T11:00,Puno,Puno,Puno,210101,-15.8402,-70.0219,3827,128637,21868,16.99,True,papa,12.2,23,9.6,-8.1,0.0,52,8.0,6,11,heladas_invernales,0.3,0,medio
2024-06-09,2024-06-09T12:00,Puno,Puno,Puno,210101,-15.8402,-70.0219,3827,128637,21868,16.99,True,papa,13.5,21,10.9,-8.6,0.0,89,9.2,6,12,heladas_invernales,0.3,0,medio
2024-06-09,2024-06-09T13:00,Puno,Puno,Puno,210101,-15.8402,-70.0219,3827,128637,21868,16.99,True,papa,14.4,17,11.4,-10.1,0.0,99,9.8,6,13,heladas_invernales,0.3,0,medio
2024-06-09,2024-06-09T14:00,Puno,Puno,Puno,210101,-15.8402,-70.0219,3827,128637,21868,16.99,True,papa,14.9,15,11.4,-11.4,0.0,97,8.5,6,14,heladas_invernales,0.3,0,medio
2024-06-09,2024-06-09T15:00,Puno,Puno,Puno,210101,-15.8402,-70.0219,3827,128637,21868,16.99,True,papa,15.1,14,10.7,-11.9,0.0,99,8.6,6,15,heladas_invernales,0.3,0,medio
2024-06-09,2024-06-09T16:00,Puno,Puno,Puno,210101,-15.8402,-70.0219,3827,128637,21868,16.99,True,papa,15.1,14,9.8,-12.7,0.0,95,12.7,6,16,heladas_invernales,0.3,0,medio
2024-06-09,2024-06-09T17:00,Puno,Puno,Puno,210101,-15.8402,-70.0219,3827,128637,21868,16.99,True,papa,13.7,18,8.7,-10.5,0.0,93,11.7,6,17,heladas_invernales,0.3,0,medio
2024-06-09,2024-06-09T18:00,Puno,Puno,Puno,210101,-15.8402,-70.0219,3827,128637,21868,16.99,True,papa,11.1,37,7.1,-2.9,0.0,91,10.1,6,18,heladas_invernales,0.3,0,medio
2024-06-09,2024-06-09T19:00,Puno,Puno,Puno,210101,-15.8402,-70.0219,3827,128637,21868,16.99,True,papa,9.9,50,6.3,-0.1,0.0,77,10.3,6,19,heladas_invernales,0.3,0,medio
2024-06-09,2024-06-09T20:00,Puno,Puno,Puno,210101,-15.8402,-70.0219,3827,128637,21868,16.99,True,papa,8.3,53,5.2,-0.8,0.0,48,5.8,6,20,heladas_invernales,0.3,0,medio
2024-06-09,2024-06-09T21:00,Puno,Puno,Puno,210101,-15.8402,-70.0219,3827,128637,21868,16.99,True,papa,6.8,55,3.3,-1.5,0.0,0,8.2,6,21,heladas_invernales,0.3,0,medio
2024-06-09,2024-06-09T22:00,Puno,Puno,Puno,210101,-15.8402,-70.0219,3827,128637,21868,16.99,True,papa,5.9,50,1.8,-3.9,0.0,0,9.5,6,22,heladas_invernales,0.3,0,medio
2024-06-09,2024-06-09T23:00,Puno,Puno,Puno,210101,-15.8402,-70.0219,3827,128637,21868,16.99,True,papa,5.9,44,2.1,-5.4,0.0,3,6.6,6,23,heladas_invernales,0.3,0,medio
2024-06-10,2024-06-10T00:00,Puno,Puno,Puno,210101,-15.8402,-70.0219,3827,128637,21868,16.99,True,papa,6.6,37,2.6,-7.0,0.0,22,6.6,6,0,heladas_invernales,2.9,0,medio
2024-06-10,2024-06-10T01:00,Puno,Puno,Puno,210101,-15.8402,-70.0219,3827,128637,21868,16.99,True,papa,6.6,35,2.6,-7.7,0.0,32,6.9,6,1,heladas_invernales,2.9,0,medio
2024-06-10,2024-06-10T02:00,Puno,Puno,Puno,210101,-15.8402,-70.0219,3827,128637,21868,16.99,True,papa,8.7,26,4.7,-9.8,0.0,1,5.5,6,2,heladas_invernales,2.9,0,medio
2024-06-10,2024-06-10T03:00,Puno,Puno,Puno,210101,-15.8402,-70.0219,3827,128637,21868,16.99,True,papa,6.4,31,2.2,-9.6,0.0,0,6.5,6,3,heladas_invernales,2.9,0,medio
2024-06-10,2024-06-10T04:00,Puno,Puno,Puno,210101,-15.8402,-70.0219,3827,128637,21868,16.99,True,papa,4.8,37,0.7,-8.5,0.0,1,6.5,6,4,heladas_invernales,2.9,0,medio
2024-06-10,2024-06-10T05:00,Puno,Puno,Puno,210101,-15.8402,-70.0219,3827,128637,21868,16.99,True,papa,2.9,49,-1.1,-6.9,0.0,90,6.8,6,5,heladas_invernales,2.9,0,medio
2024-06-10,2024-06-10T06:00,Puno,Puno,Puno,210101,-15.8402,-70.0219,3827,128637,21868,16.99,True,papa,3.5,47,-0.4,-6.7,0.0,84,6.5,6,6,heladas_invernales,2.9,0,medio
2024-06-10,2024-06-10T07:00,Puno,Puno,Puno,210101,-15.8402,-70.0219,3827,128637,21868,16.99,True,papa,5.4,48,2.0,-4.8,0.0,80,4.0,6,7,heladas_invernales,2.9,0,medio
2024-06-10,2024-06-10T08:00,Puno,Puno,Puno,210101,-15.8402,-70.0219,3827,128637,21868,16.99,True,papa,7.6,41,4.4,-4.9,0.0,99,2.9,6,8,heladas_invernales,2.9,0,medio
2024-06-10,2024-06-10T09:00,Puno,Puno,Puno,210101,-15.8402,-70.0219,3827,128637,21868,16.99,True,papa,10.0,28,6.7,-7.6,0.0,82,1.8,6,9,heladas_invernales,2.9,0,medio
2024-06-10,2024-06-10T10:00,Puno,Puno,Puno,210101,-15.8402,-70.0219,3827,128637,21868,16.99,True,papa,11.6,25,8.7,-7.6,0.0,63,4.8,6,10,heladas_invernales,2.9,0,medio
2024-06-10,2024-06-10T11:00,Puno,Puno,Puno,210101,-15.8402,-70.0219,3827,128637,21868,16.99,True,papa,13.0,24,10.2,-7.3,0.0,37,8.9,6,11,heladas_invernales,2.9,0,medio
2024-06-10,2024-06-10T12:00,Puno,Puno,Puno,210101,-15.8402,-70.0219,3827,128637,21868,16.99,True,papa,14.0,22,11.3,-7.3,0.0,66,10.2,6,12,heladas_invernales,2.9,0,medio
2024-06-10,2024-06-10T13:00,Puno,Puno,Puno,210101,-15.8402,-70.0219,3827,128637,21868,16.99,True,papa,14.7,20,11.7,-8.1,0.0,80,10.5,6,13,heladas_invernales,2.9,0,medio
2024-06-10,2024-06-10T14:00,Puno,Puno,Puno,210101,-15.8402,-70.0219,3827,128637,21868,16.99,True,papa,14.9,18,11.0,-9.3,0.0,90,12.0,6,14,heladas_invernales,2.9,0,medio
2024-06-10,2024-06-10T15:00,Puno,Puno,Puno,210101,-15.8402,-70.0219,3827,128637,21868,16.99,True,papa,14.9,16,9.7,-10.7,0.0,73,14.0,6,15,heladas_invernales,2.9,0,medio
2024-06-10,2024-06-10T16:00,Puno,Puno,Puno,210101,-15.8402,-70.0219,3827,128637,21868,16.99,True,papa,14.1,17,8.6,-10.6,0.0,18,15.1,6,16,heladas_invernales,2.9,0,medio
2024-06-10,2024-06-10T17:00,Puno,Puno,Puno,210101,-15.8402,-70.0219,3827,128637,21868,16.99,True,papa,12.1,23,6.7,-8.3,0.0,61,15.8,6,17,heladas_invernales,2.9,0,medio
2024-06-10,2024-06-10T18:00,Puno,Puno,Puno,210101,-15.8402,-70.0219,3827,128637,21868,16.99,True,papa,10.1,40,6.3,-2.8,0.0,69,8.4,6,18,heladas_invernales,2.9,0,medio
2024-06-10,2024-06-10T19:00,Puno,Puno,Puno,210101,-15.8402,-70.0219,3827,128637,21868,16.99,True,papa,9.1,53,6.2,-0.1,0.0,74,4.9,6,19,heladas_invernales,2.9,0,medio
2024-06-10,2024-06-10T20:00,Puno,Puno,Puno,210101,-15.8402,-70.0219,3827,128637,21868,16.99,True,papa,7.5,51,3.9,-2.0,0.0,42,8.3,6,20,heladas_invernales,2.9,0,medio
2024-06-10,2024-06-10T21:00,Puno,Puno,Puno,210101,-15.8402,-70.0219,3827,128637,21868,16.99,True,papa,6.6,49,2.6,-3.4,0.0,98,9.7,6,21,heladas_invernales,2.9,0,medio
2024-06-10,2024-06-10T22:00,Puno,Puno,Puno,210101,-15.8402,-70.0219,3827,128637,21868,16.99,True,papa,5.7,50,1.6,-3.9,0.0,99,9.7,6,22,heladas_invernales,2.9,0,medio
2024-06-10,2024-06-10T23:00,Puno,Puno,Puno,210101,-15.8402,-70.0219,3827,128637,21868,16.99,True,papa,5.1,51,1.1,-4.3,0.0,98,9.1,6,23,heladas_invernales,2.9,0,medio
2024-06-11,2024-06-11T00:00,Puno,Puno,Puno,210101,-15.8402,-70.0219,3827,128637,21868,16.99,True,papa,4.6,52,0.6,-4.3,0.0,89,8.4,6,0,heladas_invernales,1.8,0,medio
2024-06-11,2024-06-11T01:00,Puno,Puno,Puno,210101,-15.8402,-70.0219,3827,128637,21868,16.99,True,papa,4.1,52,-0.1,-5.0,0.0,100,9.6,6,1,heladas_invernales,1.8,0,medio
2024-06-11,2024-06-11T02:00,Puno,Puno,Puno,210101,-15.8402,-70.0219,3827,128637,21868,16.99,True,papa,3.7,50,-0.6,-5.7,0.0,99,9.3,6,2,heladas_invernales,1.8,0,medio
2024-06-11,2024-06-11T03:00,Puno,Puno,Puno,210101,-15.8402,-70.0219,3827,128637,21868,16.99,True,papa,3.2,50,-1.2,-6.3,0.0,99,9.6,6,3,heladas_invernales,1.8,0,medio
2024-06-11,2024-06-11T04:00,Puno,Puno,Puno,210101,-15.8402,-70.0219,3827,128637,21868,16.99,True,papa,2.8,51,-1.7,-6.3,0.0,61,11.2,6,4,heladas_invernales,1.8,0,medio
2024-06-11,2024-06-11T05:00,Puno,Puno,Puno,210101,-15.8402,-70.0219,3827,128637,21868,16.99,True,papa,2.1,53,-2.6,-6.4,0.0,1,11.9,6,5,heladas_invernales,1.8,0,medio
2024-06-11,2024-06-11T06:00,Puno,Puno,Puno,210101,-15.8402,-70.0219,3827,128637,21868,16.99,True,papa,1.8,51,-3.0,-7.2,0.0,2,11.9,6,6,heladas_invernales,1.8,0,medio
2024-06-11,2024-06-11T07:00,Puno,Puno,Puno,210101,-15.8402,-70.0219,3827,128637,21868,16.99,True,papa,5.0,42,0.5,-7.0,0.0,63,9.9,6,7,heladas_invernales,1.8,0,medio
2024-06-11,2024-06-11T08:00,Puno,Puno,Puno,210101,-15.8402,-70.0219,3827,128637,21868,16.99,True,papa,8.2,36,4.2,-6.1,0.0,9,7.2,6,8,heladas_invernales,1.8,0,medio
2024-06-11,2024-06-11T09:00,Puno,Puno,Puno,210101,-15.8402,-70.0219,3827,128637,21868,16.99,True,papa,10.4,29,6.5,-7.1,0.0,8,5.6,6,9,heladas_invernales,1.8,0,medio
2024-06-11,2024-06-11T10:00,Puno,Puno,Puno,210101,-15.8402,-70.0219,3827,128637,21868,16.99,True,papa,11.6,32,8.8,-4.6,0.0,0,6.5,6,10,heladas_invernales,1.8,0,medio
2024-06-11,2024-06-11T11:00,Puno,Puno,Puno,210101,-15.8402,-70.0219,3827,128637,21868,16.99,True,papa,12.9,33,10.4,-3.2,0.0,0,9.5,6,11,heladas_invernales,1.8,0,medio
2024-06-11,2024-06-11T12:00,Puno,Puno,Puno,210101,-15.8402,-70.0219,3827,128637,21868,16.99,True,papa,13.8,32,11.1,-2.7,0.0,58,12.7,6,12,heladas_invernales,1.8,0,medio
2024-06-11,2024-06-11T13:00,Puno,Puno,Puno,210101,-15.8402,-70.0219,3827,128637,21868,16.99,True,papa,14.5,30,11.6,-3.1,0.0,57,12.7,6,13,heladas_invernales,1.8,0,medio
2024-06-11,2024-06-11T14:00,Puno,Puno,Puno,210101,-15.8402,-70.0219,3827,128637,21868,16.99,True,papa,14.9,28,11.7,-3.4,0.0,94,11.5,6,14,heladas_invernales,1.8,0,medio
2024-06-11,2024-06-11T15:00,Puno,Puno,Puno,210101,-15.8402,-70.0219,3827,128637,21868,16.99,True,papa,14.6,30,10.3,-3.0,0.0,81,12.7,6,15,heladas_invernales,1.8,0,medio
2024-06-11,2024-06-11T16:00,Puno,Puno,Puno,210101,-15.8402,-70.0219,3827,128637,21868,16.99,True,papa,13.8,32,9.2,-2.8,0.0,90,14.2,6,16,heladas_invernales,1.8,0,medio
2024-06-11,2024-06-11T17:00,Puno,Puno,Puno,210101,-15.8402,-70.0219,3827,128637,21868,16.99,True,papa,12.6,33,8.1,-3.3,0.0,19,13.4,6,17,heladas_invernales,1.8,0,medio
2024-06-11,2024-06-11T18:00,Puno,Puno,Puno,210101,-15.8402,-70.0219,3827,128637,21868,16.99,True,papa,10.9,45,7.2,-0.7,0.0,1,9.8,6,18,heladas_invernales,1.8,0,medio
2024-06-11,2024-06-11T19:00,Puno,Puno,Puno,210101,-15.8402,-70.0219,3827,128637,21868,16.99,True,papa,9.2,61,6.5,2.1,0.0,4,5.9,6,19,heladas_invernales,1.8,0,medio
2024-06-11,2024-06-11T20:00,Puno,Puno,Puno,210101,-15.8402,-70.0219,3827,128637,21868,16.99,True,papa,8.0,55,4.9,-0.4,0.0,98,6.6,6,20,heladas_invernales,1.8,0,medio
2024-06-11,2024-06-11T21:00,Puno,Puno,Puno,210101,-15.8402,-70.0219,3827,128637,21868,16.99,True,papa,7.1,57,3.8,-0.9,0.0,52,6.6,6,21,heladas_invernales,1.8,0,medio
2024-06-11,2024-06-11T22:00,Puno,Puno,Puno,210101,-15.8402,-70.0219,3827,128637,21868,16.99,True,papa,6.3,57,2.9,-1.5,0.0,49,7.1,6,22,heladas_invernales,1.8,0,medio
2024-06-11,2024-06-11T23:00,Puno,Puno,Puno,210101,-15.8402,-70.0219,3827,128637,21868,16.99,True,papa,6.2,54,2.7,-2.5,0.0,36,6.8,6,23,heladas_invernales,1.8,0,medio
2024-06-12,2024-06-12T00:00,Puno,Puno,Puno,210101,-15.8402,-70.0219,3827,128637,21868,16.99,True,papa,7.8,43,4.3,-4.0,0.0,38,5.7,6,0,heladas_invernales,5.1,0,bajo
2024-06-12,2024-06-12T01:00,Puno,Puno,Puno,210101,-15.8402,-70.0219,3827,128637,21868,16.99,True,papa,8.6,38,5.0,-5.0,0.0,17,5.5,6,1,heladas_invernales,5.1,0,bajo
2024-06-12,2024-06-12T02:00,Puno,Puno,Puno,210101,-15.8402,-70.0219,3827,128637,21868,16.99,True,papa,7.2,42,3.5,-5.0,0.0,65,6.3,6,2,heladas_invernales,5.1,0,bajo
2024-06-12,2024-06-12T03:00,Puno,Puno,Puno,210101,-15.8402,-70.0219,3827,128637,21868,16.99,True,papa,5.1,51,1.4,-4.2,0.0,99,7.3,6,3,heladas_invernales,5.1,0,bajo
2024-06-12,2024-06-12T04:00,Puno,Puno,Puno,210101,-15.8402,-70.0219,3827,128637,21868,16.99,True,papa,5.3,50,1.7,-4.2,0.0,92,6.5,6,4,heladas_invernales,5.1,0,bajo
2024-06-12,2024-06-12T05:00,Puno,Puno,Puno,210101,-15.8402,-70.0219,3827,128637,21868,16.99,True,papa,7.3,42,4.0,-4.7,0.0,84,3.8,6,5,heladas_invernales,5.1,0,bajo
2024-06-12,2024-06-12T06:00,Puno,Puno,Puno,210101,-15.8402,-70.0219,3827,128637,21868,16.99,True,papa,7.4,41,4.0,-5.0,0.0,55,4.3,6,6,heladas_invernales,5.1,0,bajo
2024-06-12,2024-06-12T07:00,Puno,Puno,Puno,210101,-15.8402,-70.0219,3827,128637,21868,16.99,True,papa,5.7,61,2.6,-1.2,0.0,31,5.4,6,7,heladas_invernales,5.1,0,bajo
2024-06-12,2024-06-12T08:00,Puno,Puno,Puno,210101,-15.8402,-70.0219,3827,128637,21868,16.99,True,papa,8.6,43,5.5,-3.4,0.0,10,3.1,6,8,heladas_invernales,5.1,0,bajo
2024-06-12,2024-06-12T09:00,Puno,Puno,Puno,210101,-15.8402,-70.0219,3827,128637,21868,16.99,True,papa,10.5,37,7.7,-3.7,0.0,6,1.5,6,9,heladas_invernales,5.1,0,bajo
2024-06-12,2024-06-12T10:00,Puno,Puno,Puno,210101,-15.8402,-70.0219,3827,128637,21868,16.99,True,papa,12.4,32,9.9,-4.0,0.0,37,4.7,6,10,heladas_invernales,5.1,0,bajo
2024-06-12,2024-06-12T11:00,Puno,Puno,Puno,210101,-15.8402,-70.0219,3827,128637,21868,16.99,True,papa,14.1,28,11.6,-4.0,0.0,62,9.0,6,11,heladas_invernales,5.1,0,bajo
2024-06-12,2024-06-12T12:00,Puno,Puno,Puno,210101,-15.8402,-70.0219,3827,128637,21868,16.99,True,papa,15.2,26,13.0,-4.1,0.0,63,8.9,6,12,heladas_invernales,5.1,0,bajo
2024-06-12,2024-06-12T13:00,Puno,Puno,Puno,210101,-15.8402,-70.0219,3827,128637,21868,16.99,True,papa,16.0,24,13.9,-4.8,0.0,36,7.2,6,13,heladas_invernales,5.1,0,bajo
2024-06-12,2024-06-12T14:00,Puno,Puno,Puno,210101,-15.8402,-70.0219,3827,128637,21868,16.99,True,papa,16.5,22,13.4,-5.5,0.0,95,9.0,6,14,heladas_invernales,5.1,0,bajo
2024-06-12,2024-06-12T15:00,Puno,Puno,Puno,210101,-15.8402,-70.0219,3827,128637,21868,16.99,True,papa,16.4,23,11.9,-4.8,0.0,92,12.7,6,15,heladas_invernales,5.1,0,bajo
2024-06-12,2024-06-12T16:00,Puno,Puno,Puno,210101,-15.8402,-70.0219,3827,128637,21868,16.99,True,papa,15.0,30,10.0,-2.5,0.0,9,17.3,6,16,heladas_invernales,5.1,0,bajo
2024-06-12,2024-06-12T17:00,Puno,Puno,Puno,210101,-15.8402,-70.0219,3827,128637,21868,16.99,True,papa,13.4,34,8.7,-2.2,0.0,8,15.9,6,17,heladas_invernales,5.1,0,bajo
2024-06-12,2024-06-12T18:00,Puno,Puno,Puno,210101,-15.8402,-70.0219,3827,128637,21868,16.99,True,papa,12.1,46,8.6,0.9,0.0,9,10.4,6,18,heladas_invernales,5.1,0,bajo
2024-06-12,2024-06-12T19:00,Puno,Puno,Puno,210101,-15.8402,-70.0219,3827,128637,21868,16.99,True,papa,10.3,65,8.0,3.9,0.0,0,5.8,6,19,heladas_invernales,5.1,0,bajo
2024-06-12,2024-06-12T20:00,Puno,Puno,Puno,210101,-15.8402,-70.0219,3827,128637,21868,16.99,True,papa,9.4,56,5.9,0.9,0.0,2,10.1,6,20,heladas_invernales,5.1,0,bajo
2024-06-12,2024-06-12T21:00,Puno,Puno,Puno,210101,-15.8402,-70.0219,3827,128637,21868,16.99,True,papa,8.1,56,4.5,-0.1,0.0,14,10.0,6,21,heladas_invernales,5.1,0,bajo
2024-06-12,2024-06-12T22:00,Puno,Puno,Puno,210101,-15.8402,-70.0219,3827,128637,21868,16.99,True,papa,6.5,66,3.3,0.5,0.0,0,7.4,6,22,heladas_invernales,5.1,0,bajo
2024-06-12,2024-06-12T23:00,Puno,Puno,Puno,210101,-15.8402,-70.0219,3827,128637,21868,16.99,True,papa,6.3,63,3.1,-0.3,0.0,55,6.9,6,23,heladas_invernales,5.1,0,bajo
2024-06-13,2024-06-13T00:00,Puno,Puno,Puno,210101,-15.8402,-70.0219,3827,128637,21868,16.99,True,papa,9.4,43,6.3,-2.5,0.0,0,4.5,6,0,heladas_invernales,2.4,0,medio
2024-06-13,2024-06-13T01:00,Puno,Puno,Puno,210101,-15.8402,-70.0219,3827,128637,21868,16.99,True,papa,9.7,40,6.7,-3.2,0.0,0,3.3,6,1,heladas_invernales,2.4,0,medio
2024-06-13,2024-06-13T02:00,Puno,Puno,Puno,210101,-15.8402,-70.0219,3827,128637,21868,16.99,True,papa,9.2,42,5.8,-3.1,0.0,19,5.4,6,2,heladas_invernales,2.4,0,medio
2024-06-13,2024-06-13T03:00,Puno,Puno,Puno,210101,-15.8402,-70.0219,3827,128637,21868,16.99,True,papa,4.2,64,0.5,-2.0,0.0,34,8.6,6,3,heladas_invernales,2.4,0,medio
2024-06-13,2024-06-13T04:00,Puno,Puno,Puno,210101,-15.8402,-70.0219,3827,128637,21868,16.99,True,papa,3.3,65,-0.7,-2.7,0.0,13,10.4,6,4,heladas_invernales,2.4,0,medio
2024-06-13,2024-06-13T05:00,Puno,Puno,Puno,210101,-15.8402,-70.0219,3827,128637,21868,16.99,True,papa,2.7,62,-1.4,-3.8,0.0,87,10.3,6,5,heladas_invernales,2.4,0,medio
2024-06-13,2024-06-13T06:00,Puno,Puno,Puno,210101,-15.8402,-70.0219,3827,128637,21868,16.99,True,papa,2.4,57,-2.0,-5.2,0.0,99,10.8,6,6,heladas_invernales,2.4,0,medio
2024-06-13,2024-06-13T07:00,Puno,Puno,Puno,210101,-15.8402,-70.0219,3827,128637,21868,16.99,True,papa,4.9,47,0.7,-5.4,0.0,100,9.0,6,7,heladas_invernales,2.4,0,medio
2024-06-13,2024-06-13T08:00,Puno,Puno,Puno,210101,-15.8402,-70.0219,3827,128637,21868,16.99,True,papa,8.4,45,5.3,-2.7,0.0,99,4.0,6,8,heladas_invernales,2.4,0,medio
2024-06-13,2024-06-13T09:00,Puno,Puno,Puno,210101,-15.8402,-70.0219,3827,128637,21868,16.99,True,papa,10.4,38,7.3,-3.3,0.0,100,3.1,6,9,heladas_invernales,2.4,0,medio
2024-06-13,2024-06-13T10:00,Puno,Puno,Puno,210101,-15.8402,-70.0219,3827,128637,21868,16.99,True,papa,12.1,34,9.5,-3.5,0.0,98,5.3,6,10,heladas_invernales,2.4,0,medio
2024-06-13,2024-06-13T11:00,Puno,Puno,Puno,210101,-15.8402,-70.0219,3827,128637,21868,16.99,True,papa,13.5,30,11.3,-3.9,0.0,96,6.9,6,11,heladas_invernales,2.4,0,medio
2024-06-13,2024-06-13T12:00,Puno,Puno,Puno,210101,-15.8402,-70.0219,3827,128637,21868,16.99,True,papa,14.9,26,12.6,-4.3,0.0,100,9.0,6,12,heladas_invernales,2.4,0,medio
2024-06-13,2024-06-13T13:00,Puno,Puno,Puno,210101,-15.8402,-70.0219,3827,128637,21868,16.99,True,papa,15.9,24,13.4,-4.4,0.0,99,9.7,6,13,heladas_invernales,2.4,0,medio
2024-06-13,2024-06-13T14:00,Puno,Puno,Puno,210101,-15.8402,-70.0219,3827,128637,21868,16.99,True,papa,16.9,22,13.6,-5.0,0.0,98,9.5,6,14,heladas_invernales,2.4,0,medio
2024-06-13,2024-06-13T15:00,Puno,Puno,Puno,210101,-15.8402,-70.0219,3827,128637,21868,16.99,True,papa,17.4,20,13.1,-5.8,0.0,100,10.2,6,15,heladas_invernales,2.4,0,medio
2024-06-13,2024-06-13T16:00,Puno,Puno,Puno,210101,-15.8402,-70.0219,3827,128637,21868,16.99,True,papa,15.6,30,10.7,-1.7,0.0,100,17.2,6,16,heladas_invernales,2.4,0,medio
2024-06-13,2024-06-13T17:00,Puno,Puno,Puno,210101,-15.8402,-70.0219,3827,128637,21868,16.99,True,papa,13.5,41,9.4,0.5,0.0,100,13.5,6,17,heladas_invernales,2.4,0,medio
2024-06-13,2024-06-13T18:00,Puno,Puno,Puno,210101,-15.8402,-70.0219,3827,128637,21868,16.99,True,papa,12.1,54,9.2,2.9,0.0,92,8.4,6,18,heladas_invernales,2.4,0,medio
2024-06-13,2024-06-13T19:00,Puno,Puno,Puno,210101,-15.8402,-70.0219,3827,128637,21868,16.99,True,papa,11.0,64,8.9,4.4,0.0,19,5.0,6,19,heladas_invernales,2.4,0,medio
2024-06-13,2024-06-13T20:00,Puno,Puno,Puno,210101,-15.8402,-70.0219,3827,128637,21868,16.99,True,papa,9.6,48,6.2,-0.9,0.0,46,7.6,6,20,heladas_invernales,2.4,0,medio
2024-06-13,2024-06-13T21:00,Puno,Puno,Puno,210101,-15.8402,-70.0219,3827,128637,21868,16.99,True,papa,8.0,46,4.6,-2.8,0.0,9,5.9,6,21,heladas_invernales,2.4,0,medio
2024-06-13,2024-06-13T22:00,Puno,Puno,Puno,210101,-15.8402,-70.0219,3827,128637,21868,16.99,True,papa,6.2,52,2.7,-3.0,0.0,20,6.4,6,22,heladas_invernales,2.4,0,medio
2024-06-13,2024-06-13T23:00,Puno,Puno,Puno,210101,-15.8402,-70.0219,3827,128637,21868,16.99,True,papa,5.0,52,1.0,-4.1,0.0,20,8.9,6,23,heladas_invernales,2.4,0,medio
2024-06-14,2024-06-14T00:00,Puno,Puno,Puno,210101,-15.8402,-70.0219,3827,128637,21868,16.99,True,papa,4.0,55,-0.1,-4.3,0.0,39,9.3,6,0,heladas_invernales,0.6,0,medio
2024-06-14,2024-06-14T01:00,Puno,Puno,Puno,210101,-15.8402,-70.0219,3827,128637,21868,16.99,True,papa,3.1,57,-1.0,-4.6,0.0,49,9.3,6,1,heladas_invernales,0.6,0,medio
2024-06-14,2024-06-14T02:00,Puno,Puno,Puno,210101,-15.8402,-70.0219,3827,128637,21868,16.99,True,papa,2.3,59,-1.7,-4.9,0.0,39,8.8,6,2,heladas_invernales,0.6,0,medio
2024-06-14,2024-06-14T03:00,Puno,Puno,Puno,210101,-15.8402,-70.0219,3827,128637,21868,16.99,True,papa,1.9,59,-2.2,-5.2,0.0,2,8.9,6,3,heladas_invernales,0.6,0,medio
2024-06-14,2024-06-14T04:00,Puno,Puno,Puno,210101,-15.8402,-70.0219,3827,128637,21868,16.99,True,papa,1.5,59,-2.7,-5.8,0.0,13,9.0,6,4,heladas_invernales,0.6,0,medio
2024-06-14,2024-06-14T05:00,Puno,Puno,Puno,210101,-15.8402,-70.0219,3827,128637,21868,16.99,True,papa,1.0,58,-3.4,-6.4,0.0,23,9.7,6,5,heladas_invernales,0.6,0,medio
2024-06-14,2024-06-14T06:00,Puno,Puno,Puno,210101,-15.8402,-70.0219,3827,128637,21868,16.99,True,papa,0.6,57,-3.9,-6.8,0.0,21,10.3,6,6,heladas_invernales,0.6,0,medio
2024-06-14,2024-06-14T07:00,Puno,Puno,Puno,210101,-15.8402,-70.0219,3827,128637,21868,16.99,True,papa,3.3,49,-1.0,-6.4,0.0,0,9.2,6,7,heladas_invernales,0.6,0,medio
2024-06-14,2024-06-14T08:00,Puno,Puno,Puno,210101,-15.8402,-70.0219,3827,128637,21868,16.99,True,papa,6.1,41,2.6,-6.3,0.0,0,3.9,6,8,heladas_invernales,0.6,0,medio
2024-06-14,2024-06-14T09:00,Puno,Puno,Puno,210101,-15.8402,-70.0219,3827,128637,21868,16.99,True,papa,8.2,36,5.2,-6.1,0.0,0,1.0,6,9,heladas_invernales,0.6,0,medio
2024-06-14,2024-06-14T10:00,Puno,Puno,Puno,210101,-15.8402,-70.0219,3827,128637,21868,16.99,True,papa,10.2,33,7.9,-5.3,0.0,0,2.8,6,10,heladas_invernales,0.6,0,medio
2024-06-14,2024-06-14T11:00,Puno,Puno,Puno,210101,-15.8402,-70.0219,3827,128637,21868,16.99,True,papa,11.8,30,10.0,-5.1,0.0,0,5.0,6,11,heladas_invernales,0.6,0,medio
2024-06-14,2024-06-14T12:00,Puno,Puno,Puno,210101,-15.8402,-70.0219,3827,128637,21868,16.99,True,papa,13.0,27,10.9,-5.5,0.0,0,7.6,6,12,heladas_invernales,0.6,0,medio
2024-06-14,2024-06-14T13:00,Puno,Puno,Puno,210101,-15.8402,-70.0219,3827,128637,21868,16.99,True,papa,14.1,25,11.5,-5.5,0.0,0,9.6,6,13,heladas_invernales,0.6,0,medio
2024-06-14,2024-06-14T14:00,Puno,Puno,Puno,210101,-15.8402,-70.0219,3827,128637,21868,16.99,True,papa,14.9,25,11.2,-5.1,0.0,0,13.6,6,14,heladas_invernales,0.6,0,medio
2024-06-14,2024-06-14T15:00,Puno,Puno,Puno,210101,-15.8402,-70.0219,3827,128637,21868,16.99,True,papa,14.6,28,9.7,-3.7,0.0,0,16.2,6,15,heladas_invernales,0.6,0,medio
2024-06-14,2024-06-14T16:00,Puno,Puno,Puno,210101,-15.8402,-70.0219,3827,128637,21868,16.99,True,papa,13.4,32,8.6,-3.1,0.0,0,15.5,6,16,heladas_invernales,0.6,0,medio
2024-06-14,2024-06-14T17:00,Puno,Puno,Puno,210101,-15.8402,-70.0219,3827,128637,21868,16.99,True,papa,12.4,38,8.4,-1.6,0.0,0,11.6,6,17,heladas_invernales,0.6,0,medio
2024-06-14,2024-06-14T18:00,Puno,Puno,Puno,210101,-15.8402,-70.0219,3827,128637,21868,16.99,True,papa,10.8,50,7.4,0.8,0.0,0,9.8,6,18,heladas_invernales,0.6,0,medio
2024-06-14,2024-06-14T19:00,Puno,Puno,Puno,210101,-15.8402,-70.0219,3827,128637,21868,16.99,True,papa,9.2,67,6.9,3.3,0.0,0,4.7,6,19,heladas_invernales,0.6,0,medio
2024-06-14,2024-06-14T20:00,Puno,Puno,Puno,210101,-15.8402,-70.0219,3827,128637,21868,16.99,True,papa,7.7,65,4.9,1.5,0.0,0,6.4,6,20,heladas_invernales,0.6,0,medio
2024-06-14,2024-06-14T21:00,Puno,Puno,Puno,210101,-15.8402,-70.0219,3827,128637,21868,16.99,True,papa,6.7,65,3.5,0.6,0.0,0,7.4,6,21,heladas_invernales,0.6,0,medio
2024-06-14,2024-06-14T22:00,Puno,Puno,Puno,210101,-15.8402,-70.0219,3827,128637,21868,16.99,True,papa,5.7,60,2.0,-1.5,0.0,0,9.0,6,22,heladas_invernales,0.6,0,medio
2024-06-14,2024-06-14T23:00,Puno,Puno,Puno,210101,-15.8402,-70.0219,3827,128637,21868,16.99,True,papa,4.6,52,0.4,-4.4,0.0,0,9.8,6,23,heladas_invernales,0.6,0,medio
2024-06-01,2024-06-01T00:00,Puno,Azangaro,Azangaro,210201,-14.9084,-70.1962,3859,28137,15194,54.0,True,papa,4.6,51,0.9,-4.7,0.0,0,6.4,6,0,heladas_invernales,1.6,0,medio
2024-06-01,2024-06-01T01:00,Puno,Azangaro,Azangaro,210201,-14.9084,-70.1962,3859,28137,15194,54.0,True,papa,3.9,59,0.4,-3.5,0.0,0,6.0,6,1,heladas_invernales,1.6,0,medio
2024-06-01,2024-06-01T02:00,Puno,Azangaro,Azangaro,210201,-14.9084,-70.1962,3859,28137,15194,54.0,True,papa,5.2,55,2.1,-3.1,0.0,0,3.4,6,2,heladas_invernales,1.6,0,medio
2024-06-01,2024-06-01T03:00,Puno,Azangaro,Azangaro,210201,-14.9084,-70.1962,3859,28137,15194,54.0,True,papa,4.1,57,1.0,-3.7,0.0,0,3.4,6,3,heladas_invernales,1.6,0,medio
2024-06-01,2024-06-01T04:00,Puno,Azangaro,Azangaro,210201,-14.9084,-70.1962,3859,28137,15194,54.0,True,papa,3.1,57,-0.1,-4.6,0.0,0,3.1,6,4,heladas_invernales,1.6,0,medio
2024-06-01,2024-06-01T05:00,Puno,Azangaro,Azangaro,210201,-14.9084,-70.1962,3859,28137,15194,54.0,True,papa,2.3,57,-1.1,-5.3,0.0,0,3.4,6,5,heladas_invernales,1.6,0,medio
2024-06-01,2024-06-01T06:00,Puno,Azangaro,Azangaro,210201,-14.9084,-70.1962,3859,28137,15194,54.0,True,papa,1.6,57,-2.0,-6.1,0.0,0,4.5,6,6,heladas_invernales,1.6,0,medio
2024-06-01,2024-06-01T07:00,Puno,Azangaro,Azangaro,210201,-14.9084,-70.1962,3859,28137,15194,54.0,True,papa,2.1,53,-1.7,-6.4,0.0,0,6.0,6,7,heladas_invernales,1.6,0,medio
2024-06-01,2024-06-01T08:00,Puno,Azangaro,Azangaro,210201,-14.9084,-70.1962,3859,28137,15194,54.0,True,papa,5.6,38,1.8,-7.8,0.0,0,4.7,6,8,heladas_invernales,1.6,0,medio
2024-06-01,2024-06-01T09:00,Puno,Azangaro,Azangaro,210201,-14.9084,-70.1962,3859,28137,15194,54.0,True,papa,8.9,31,5.3,-7.3,0.0,0,4.1,6,9,heladas_invernales,1.6,0,medio
2024-06-01,2024-06-01T10:00,Puno,Azangaro,Azangaro,210201,-14.9084,-70.1962,3859,28137,15194,54.0,True,papa,11.2,28,8.9,-6.8,0.0,0,3.8,6,10,heladas_invernales,1.6,0,medio
2024-06-01,2024-06-01T11:00,Puno,Azangaro,Azangaro,210201,-14.9084,-70.1962,3859,28137,15194,54.0,True,papa,13.0,22,11.1,-8.0,0.0,0,4.8,6,11,heladas_invernales,1.6,0,medio
2024-06-01,2024-06-01T12:00,Puno,Azangaro,Azangaro,210201,-14.9084,-70.1962,3859,28137,15194,54.0,True,papa,14.3,19,12.5,-9.1,0.0,0,5.7,6,12,heladas_invernales,1.6,0,medio
2024-06-01,2024-06-01T13:00,Puno,Azangaro,Azangaro,210201,-14.9084,-70.1962,3859,28137,15194,54.0,True,papa,15.4,16,13.1,-10.1,0.0,0,6.5,6,13,heladas_invernales,1.6,0,medio
2024-06-01,2024-06-01T14:00,Puno,Azangaro,Azangaro,210201,-14.9084,-70.1962,3859,28137,15194,54.0,True,papa,16.1,13,13.1,-12.3,0.0,0,6.3,6,14,heladas_invernales,1.6,0,medio
2024-06-01,2024-06-01T15:00,Puno,Azangaro,Azangaro,210201,-14.9084,-70.1962,3859,28137,15194,54.0,True,papa,16.3,10,12.1,-15.2,0.0,0,6.4,6,15,heladas_invernales,1.6,0,medio
2024-06-01,2024-06-01T16:00,Puno,Azangaro,Azangaro,210201,-14.9084,-70.1962,3859,28137,15194,54.0,True,papa,15.8,9,10.9,-16.9,0.0,0,8.4,6,16,heladas_invernales,1.6,0,medio
2024-06-01,2024-06-01T17:00,Puno,Azangaro,Azangaro,210201,-14.9084,-70.1962,3859,28137,15194,54.0,True,papa,14.2,10,9.0,-17.2,0.0,0,9.9,6,17,heladas_invernales,1.6,0,medio
2024-06-01,2024-06-01T18:00,Puno,Azangaro,Azangaro,210201,-14.9084,-70.1962,3859,28137,15194,54.0,True,papa,11.4,22,7.1,-9.7,0.0,4,7.2,6,18,heladas_invernales,1.6,0,medio
2024-06-01,2024-06-01T19:00,Puno,Azangaro,Azangaro,210201,-14.9084,-70.1962,3859,28137,15194,54.0,True,papa,9.4,35,5.6,-5.5,0.0,1,6.5,6,19,heladas_invernales,1.6,0,medio
2024-06-01,2024-06-01T20:00,Puno,Azangaro,Azangaro,210201,-14.9084,-70.1962,3859,28137,15194,54.0,True,papa,8.9,33,5.3,-6.4,0.0,0,4.7,6,20,heladas_invernales,1.6,0,medio
2024-06-01,2024-06-01T21:00,Puno,Azangaro,Azangaro,210201,-14.9084,-70.1962,3859,28137,15194,54.0,True,papa,7.1,41,3.5,-5.3,0.0,0,5.8,6,21,heladas_invernales,1.6,0,medio
2024-06-01,2024-06-01T22:00,Puno,Azangaro,Azangaro,210201,-14.9084,-70.1962,3859,28137,15194,54.0,True,papa,8.1,31,4.6,-7.9,0.0,0,3.0,6,22,heladas_invernales,1.6,0,medio
2024-06-01,2024-06-01T23:00,Puno,Azangaro,Azangaro,210201,-14.9084,-70.1962,3859,28137,15194,54.0,True,papa,7.4,33,4.0,-7.8,0.0,0,2.6,6,23,heladas_invernales,1.6,0,medio
2024-06-02,2024-06-02T00:00,Puno,Azangaro,Azangaro,210201,-14.9084,-70.1962,3859,28137,15194,54.0,True,papa,6.4,35,2.7,-7.8,0.0,0,4.3,6,0,heladas_invernales,0.7,0,medio
2024-06-02,2024-06-02T01:00,Puno,Azangaro,Azangaro,210201,-14.9084,-70.1962,3859,28137,15194,54.0,True,papa,3.3,49,-0.5,-6.5,0.0,0,5.9,6,1,heladas_invernales,0.7,0,medio
2024-06-02,2024-06-02T02:00,Puno,Azangaro,Azangaro,210201,-14.9084,-70.1962,3859,28137,15194,54.0,True,papa,2.0,52,-1.9,-6.9,0.0,0,6.4,6,2,heladas_invernales,0.7,0,medio
2024-06-02,2024-06-02T03:00,Puno,Azangaro,Azangaro,210201,-14.9084,-70.1962,3859,28137,15194,54.0,True,papa,2.1,48,-1.7,-7.8,0.0,0,5.4,6,3,heladas_invernales,0.7,0,medio
2024-06-02,2024-06-02T04:00,Puno,Azangaro,Azangaro,210201,-14.9084,-70.1962,3859,28137,15194,54.0,True,papa,1.8,47,-2.1,-8.2,0.0,0,5.4,6,4,heladas_invernales,0.7,0,medio
2024-06-02,2024-06-02T05:00,Puno,Azangaro,Azangaro,210201,-14.9084,-70.1962,3859,28137,15194,54.0,True,papa,1.6,47,-2.3,-8.5,0.0,0,5.2,6,5,heladas_invernales,0.7,0,medio
2024-06-02,2024-06-02T06:00,Puno,Azangaro,Azangaro,210201,-14.9084,-70.1962,3859,28137,15194,54.0,True,papa,0.7,51,-3.3,-8.2,0.0,0,6.0,6,6,heladas_invernales,0.7,0,medio
2024-06-02,2024-06-02T07:00,Puno,Azangaro,Azangaro,210201,-14.9084,-70.1962,3859,28137,15194,54.0,True,papa,2.6,47,-1.3,-7.6,0.0,0,6.1,6,7,heladas_invernales,0.7,0,medio
2024-06-02,2024-06-02T08:00,Puno,Azangaro,Azangaro,210201,-14.9084,-70.1962,3859,28137,15194,54.0,True,papa,6.3,38,2.6,-7.0,0.0,0,4.9,6,8,heladas_invernales,0.7,0,medio
2024-06-02,2024-06-02T09:00,Puno,Azangaro,Azangaro,210201,-14.9084,-70.1962,3859,28137,15194,54.0,True,papa,9.3,28,5.5,-8.1,0.0,0,4.5,6,9,heladas_invernales,0.7,0,medio
2024-06-02,2024-06-02T10:00,Puno,Azangaro,Azangaro,210201,-14.9084,-70.1962,3859,28137,15194,54.0,True,papa,11.6,23,9.1,-8.6,0.0,0,3.1,6,10,heladas_invernales,0.7,0,medio
2024-06-02,2024-06-02T11:00,Puno,Azangaro,Azangaro,210201,-14.9084,-70.1962,3859,28137,15194,54.0,True,papa,13.6,21,11.7,-8.6,0.0,15,4.6,6,11,heladas_invernales,0.7,0,medio
2024-06-02,2024-06-02T12:00,Puno,Azangaro,Azangaro,210201,-14.9084,-70.1962,3859,28137,15194,54.0,True,papa,15.1,17,13.0,-9.7,0.0,13,6.7,6,12,heladas_invernales,0.7,0,medio
2024-06-02,2024-06-02T13:00,Puno,Azangaro,Azangaro,210201,-14.9084,-70.1962,3859,28137,15194,54.0,True,papa,16.0,14,13.4,-11.3,0.0,2,7.9,6,13,heladas_invernales,0.7,0,medio
2024-06-02,2024-06-02T14:00,Puno,Azangaro,Azangaro,210201,-14.9084,-70.1962,3859,28137,15194,54.0,True,papa,16.5,12,13.0,-13.0,0.0,55,9.2,6,14,heladas_invernales,0.7,0,medio
2024-06-02,2024-06-02T15:00,Puno,Azangaro,Azangaro,210201,-14.9084,-70.1962,3859,28137,15194,54.0,True,papa,16.5,10,11.6,-15.4,0.0,56,10.9,6,15,heladas_invernales,0.7,0,medio
2024-06-02,2024-06-02T16:00,Puno,Azangaro,Azangaro,210201,-14.9084,-70.1962,3859,28137,15194,54.0,True,papa,15.9,9,10.5,-17.6,0.0,28,11.7,6,16,heladas_invernales,0.7,0,medio
2024-06-02,2024-06-02T17:00,Puno,Azangaro,Azangaro,210201,-14.9084,-70.1962,3859,28137,15194,54.0,True,papa,14.4,10,9.1,-16.4,0.0,5,10.8,6,17,heladas_invernales,0.7,0,medio
2024-06-02,2024-06-02T18:00,Puno,Azangaro,Azangaro,210201,-14.9084,-70.1962,3859,28137,15194,54.0,True,papa,11.8,22,7.0,-9.4,0.0,9,10.4,6,18,heladas_invernales,0.7,0,medio
2024-06-02,2024-06-02T19:00,Puno,Azangaro,Azangaro,210201,-14.9084,-70.1962,3859,28137,15194,54.0,True,papa,9.5,33,5.4,-5.9,0.0,16,7.9,6,19,heladas_invernales,0.7,0,medio
2024-06-02,2024-06-02T20:00,Puno,Azangaro,Azangaro,210201,-14.9084,-70.1962,3859,28137,15194,54.0,True,papa,7.5,36,3.6,-6.8,0.0,2,6.5,6,20,heladas_invernales,0.7,0,medio
2024-06-02,2024-06-02T21:00,Puno,Azangaro,Azangaro,210201,-14.9084,-70.1962,3859,28137,15194,54.0,True,papa,6.5,39,2.8,-6.5,0.0,0,5.2,6,21,heladas_invernales,0.7,0,medio
2024-06-02,2024-06-02T22:00,Puno,Azangaro,Azangaro,210201,-14.9084,-70.1962,3859,28137,15194,54.0,True,papa,7.4,32,3.8,-8.3,0.0,0,3.4,6,22,heladas_invernales,0.7,0,medio
2024-06-02,2024-06-02T23:00,Puno,Azangaro,Azangaro,210201,-14.9084,-70.1962,3859,28137,15194,54.0,True,papa,6.5,34,2.8,-8.3,0.0,0,4.3,6,23,heladas_invernales,0.7,0,medio
2024-06-03,2024-06-03T00:00,Puno,Azangaro,Azangaro,210201,-14.9084,-70.1962,3859,28137,15194,54.0,True,papa,5.6,36,1.9,-8.3,0.0,0,4.4,6,0,heladas_invernales,0.1,0,medio
2024-06-03,2024-06-03T01:00,Puno,Azangaro,Azangaro,210201,-14.9084,-70.1962,3859,28137,15194,54.0,True,papa,5.0,34,1.2,-9.5,0.0,0,4.4,6,1,heladas_invernales,0.1,0,medio
2024-06-03,2024-06-03T02:00,Puno,Azangaro,Azangaro,210201,-14.9084,-70.1962,3859,28137,15194,54.0,True,papa,3.1,36,-0.9,-10.4,0.0,1,5.1,6,2,heladas_invernales,0.1,0,medio
2024-06-03,2024-06-03T03:00,Puno,Azangaro,Azangaro,210201,-14.9084,-70.1962,3859,28137,15194,54.0,True,papa,1.3,40,-3.0,-10.8,0.0,0,6.7,6,3,heladas_invernales,0.1,0,medio
2024-06-03,2024-06-03T04:00,Puno,Azangaro,Azangaro,210201,-14.9084,-70.1962,3859,28137,15194,54.0,True,papa,0.2,43,-4.2,-11.0,0.0,0,7.4,6,4,heladas_invernales,0.1,0,medio
2024-06-03,2024-06-03T05:00,Puno,Azangaro,Azangaro,210201,-14.9084,-70.1962,3859,28137,15194,54.0,True,papa,0.3,41,-4.0,-11.4,0.0,0,6.6,6,5,heladas_invernales,0.1,0,medio
2024-06-03,2024-06-03T06:00,Puno,Azangaro,Azangaro,210201,-14.9084,-70.1962,3859,28137,15194,54.0,True,papa,0.1,41,-4.2,-11.6,0.0,0,6.4,6,6,heladas_invernales,0.1,0,medio
2024-06-03,2024-06-03T07:00,Puno,Azangaro,Azangaro,210201,-14.9084,-70.1962,3859,28137,15194,54.0,True,papa,2.5,34,-1.9,-11.6,0.0,0,7.0,6,7,heladas_invernales,0.1,0,medio
2024-06-03,2024-06-03T08:00,Puno,Azangaro,Azangaro,210201,-14.9084,-70.1962,3859,28137,15194,54.0,True,papa,5.9,29,1.9,-10.8,0.0,0,5.0,6,8,heladas_invernales,0.1,0,medio
2024-06-03,2024-06-03T09:00,Puno,Azangaro,Azangaro,210201,-14.9084,-70.1962,3859,28137,15194,54.0,True,papa,9.4,24,5.3,-10.0,0.0,0,5.8,6,9,heladas_invernales,0.1,0,medio
2024-06-03,2024-06-03T10:00,Puno,Azangaro,Azangaro,210201,-14.9084,-70.1962,3859,28137,15194,54.0,True,papa,12.3,18,9.0,-11.4,0.0,0,7.0,6,10,heladas_invernales,0.1,0,medio
2024-06-03,2024-06-03T11:00,Puno,Azangaro,Azangaro,210201,-14.9084,-70.1962,3859,28137,15194,54.0,True,papa,14.1,16,11.1,-11.2,0.0,0,9.5,6,11,heladas_invernales,0.1,0,medio
2024-06-03,2024-06-03T12:00,Puno,Azangaro,Azangaro,210201,-14.9084,-70.1962,3859,28137,15194,54.0,True,papa,15.7,16,12.8,-10.1,0.0,0,10.9,6,12,heladas_invernales,0.1,0,medio
2024-06-03,2024-06-03T13:00,Puno,Azangaro,Azangaro,210201,-14.9084,-70.1962,3859,28137,15194,54.0,True,papa,17.1,11,13.3,-13.5,0.0,33,14.0,6,13,heladas_invernales,0.1,0,medio
2024-06-03,2024-06-03T14:00,Puno,Azangaro,Azangaro,210201,-14.9084,-70.1962,3859,28137,15194,54.0,True,papa,17.5,10,12.6,-14.8,0.0,5,16.4,6,14,heladas_invernales,0.1,0,medio
2024-06-03,2024-06-03T15:00,Puno,Azangaro,Azangaro,210201,-14.9084,-70.1962,3859,28137,15194,54.0,True,papa,17.4,11,11.7,-13.3,0.0,19,17.0,6,15,heladas_invernales,0.1,0,medio
2024-06-03,2024-06-03T16:00,Puno,Azangaro,Azangaro,210201,-14.9084,-70.1962,3859,28137,15194,54.0,True,papa,16.0,15,9.7,-10.7,0.0,12,20.7,6,16,heladas_invernales,0.1,0,medio
2024-06-03,2024-06-03T17:00,Puno,Azangaro,Azangaro,210201,-14.9084,-70.1962,3859,28137,15194,54.0,True,papa,13.8,18,8.0,-9.9,0.0,26,17.3,6,17,heladas_invernales,0.1,0,medio
2024-06-03,2024-06-03T18:00,Puno,Azangaro,Azangaro,210201,-14.9084,-70.1962,3859,28137,15194,54.0,True,papa,11.4,24,6.6,-8.7,0.0,23,11.3,6,18,heladas_invernales,0.1,0,medio
2024-06-03,2024-06-03T19:00,Puno,Azangaro,Azangaro,210201,-14.9084,-70.1962,3859,28137,15194,54.0,True,papa,9.2,37,5.5,-4.9,0.0,27,5.9,6,19,heladas_invernales,0.1,0,medio
2024-06-03,2024-06-03T20:00,Puno,Azangaro,Azangaro,210201,-14.9084,-70.1962,3859,28137,15194,54.0,True,papa,8.0,31,4.3,-8.3,0.0,6,4.1,6,20,heladas_invernales,0.1,0,medio
2024-06-03,2024-06-03T21:00,Puno,Azangaro,Azangaro,210201,-14.9084,-70.1962,3859,28137,15194,54.0,True,papa,8.3,27,4.6,-9.7,0.0,0,3.2,6,21,heladas_invernales,0.1,0,medio
2024-06-03,2024-06-03T22:00,Puno,Azangaro,Azangaro,210201,-14.9084,-70.1962,3859,28137,15194,54.0,True,papa,6.6,30,2.7,-9.7,0.0,0,4.3,6,22,heladas_invernales,0.1,0,medio
2024-06-03,2024-06-03T23:00,Puno,Azangaro,Azangaro,210201,-14.9084,-70.1962,3859,28137,15194,54.0,True,papa,4.0,36,-0.2,-9.7,0.0,0,6.2,6,23,heladas_invernales,0.1,0,medio
2024-06-04,2024-06-04T00:00,Puno,Azangaro,Azangaro,210201,-14.9084,-70.1962,3859,28137,15194,54.0,True,papa,2.8,39,-1.3,-9.7,0.0,0,6.1,6,0,heladas_invernales,-0.9,1,alto
2024-06-04,2024-06-04T01:00,Puno,Azangaro,Azangaro,210201,-14.9084,-70.1962,3859,28137,15194,54.0,True,papa,2.1,48,-1.9,-7.8,0.0,0,6.0,6,1,heladas_invernales,-0.9,1,alto
2024-06-04,2024-06-04T02:00,Puno,Azangaro,Azangaro,210201,-14.9084,-70.1962,3859,28137,15194,54.0,True,papa,1.9,57,-1.7,-5.7,0.0,0,4.9,6,2,heladas_invernales,-0.9,1,alto
2024-06-04,2024-06-04T03:00,Puno,Azangaro,Azangaro,210201,-14.9084,-70.1962,3859,28137,15194,54.0,True,papa,2.2,63,-1.0,-4.1,0.0,0,3.9,6,3,heladas_invernales,-0.9,1,alto
2024-06-04,2024-06-04T04:00,Puno,Azangaro,Azangaro,210201,-14.9084,-70.1962,3859,28137,15194,54.0,True,papa,1.4,74,-1.8,-2.8,0.0,0,4.6,6,4,heladas_invernales,-0.9,1,alto
2024-06-04,2024-06-04T05:00,Puno,Azangaro,Azangaro,210201,-14.9084,-70.1962,3859,28137,15194,54.0,True,papa,-0.0,83,-3.4,-2.6,0.0,0,5.6,6,5,heladas_invernales,-0.9,1,alto
2024-06-04,2024-06-04T06:00,Puno,Azangaro,Azangaro,210201,-14.9084,-70.1962,3859,28137,15194,54.0,True,papa,-0.9,86,-4.4,-2.9,0.0,23,6.6,6,6,heladas_invernales,-0.9,1,alto
2024-06-04,2024-06-04T07:00,Puno,Azangaro,Azangaro,210201,-14.9084,-70.1962,3859,28137,15194,54.0,True,papa,1.6,76,-1.7,-2.3,0.0,1,5.6,6,7,heladas_invernales,-0.9,1,alto
2024-06-04,2024-06-04T08:00,Puno,Azangaro,Azangaro,210201,-14.9084,-70.1962,3859,28137,15194,54.0,True,papa,5.5,41,1.8,-6.8,0.0,0,4.8,6,8,heladas_invernales,-0.9,1,alto
2024-06-04,2024-06-04T09:00,Puno,Azangaro,Azangaro,210201,-14.9084,-70.1962,3859,28137,15194,54.0,True,papa,8.5,39,5.1,-4.8,0.0,0,4.5,6,9,heladas_invernales,-0.9,1,alto
2024-06-04,2024-06-04T10:00,Puno,Azangaro,Azangaro,210201,-14.9084,-70.1962,3859,28137,15194,54.0,True,papa,11.0,33,8.8,-4.7,0.0,0,3.4,6,10,heladas_invernales,-0.9,1,alto
2024-06-04,2024-06-04T11:00,Puno,Azangaro,Azangaro,210201,-14.9084,-70.1962,3859,28137,15194,54.0,True,papa,13.2,26,11.8,-5.7,0.0,0,3.2,6,11,heladas_invernales,-0.9,1,alto
2024-06-04,2024-06-04T12:00,Puno,Azangaro,Azangaro,210201,-14.9084,-70.1962,3859,28137,15194,54.0,True,papa,15.0,20,13.5,-7.6,0.0,0,4.1,6,12,heladas_invernales,-0.9,1,alto
2024-06-04,2024-06-04T13:00,Puno,Azangaro,Azangaro,210201,-14.9084,-70.1962,3859,28137,15194,54.0,True,papa,16.3,16,14.4,-9.3,0.0,0,4.7,6,13,heladas_invernales,-0.9,1,alto
2024-06-04,2024-06-04T14:00,Puno,Azangaro,Azangaro,210201,-14.9084,-70.1962,3859,28137,15194,54.0,True,papa,16.9,15,14.1,-10.0,0.0,0,5.7,6,14,heladas_invernales,-0.9,1,alto
2024-06-04,2024-06-04T15:00,Puno,Azangaro,Azangaro,210201,-14.9084,-70.1962,3859,28137,15194,54.0,True,papa,17.0,15,12.7,-10.2,0.0,1,8.6,6,15,heladas_invernales,-0.9,1,alto
2024-06-04,2024-06-04T16:00,Puno,Azangaro,Azangaro,210201,-14.9084,-70.1962,3859,28137,15194,54.0,True,papa,16.5,14,11.5,-10.9,0.0,1,11.2,6,16,heladas_invernales,-0.9,1,alto
2024-06-04,2024-06-04T17:00,Puno,Azangaro,Azangaro,210201,-14.9084,-70.1962,3859,28137,15194,54.0,True,papa,15.0,14,9.8,-12.1,0.0,0,12.8,6,17,heladas_invernales,-0.9,1,alto
2024-06-04,2024-06-04T18:00,Puno,Azangaro,Azangaro,210201,-14.9084,-70.1962,3859,28137,15194,54.0,True,papa,12.4,24,7.6,-7.6,0.0,0,11.7,6,18,heladas_invernales,-0.9,1,alto
2024-06-04,2024-06-04T19:00,Puno,Azangaro,Azangaro,210201,-14.9084,-70.1962,3859,28137,15194,54.0,True,papa,10.2,30,5.8,-6.8,0.0,0,9.4,6,19,heladas_invernales,-0.9,1,alto
2024-06-04,2024-06-04T20:00,Puno,Azangaro,Azangaro,210201,-14.9084,-70.1962,3859,28137,15194,54.0,True,papa,8.0,31,3.9,-8.2,0.0,0,6.5,6,20,heladas_invernales,-0.9,1,alto
2024-06-04,2024-06-04T21:00,Puno,Azangaro,Azangaro,210201,-14.9084,-70.1962,3859,28137,15194,54.0,True,papa,8.3,29,4.6,-8.6,0.0,0,3.8,6,21,heladas_invernales,-0.9,1,alto
2024-06-04,2024-06-04T22:00,Puno,Azangaro,Azangaro,210201,-14.9084,-70.1962,3859,28137,15194,54.0,True,papa,7.8,29,4.2,-9.3,0.0,0,2.6,6,22,heladas_invernales,-0.9,1,alto
2024-06-04,2024-06-04T23:00,Puno,Azangaro,Azangaro,210201,-14.9084,-70.1962,3859,28137,15194,54.0,True,papa,7.2,28,3.4,-10.3,0.0,0,3.3,6,23,heladas_invernales,-0.9,1,alto
2024-06-05,2024-06-05T00:00,Puno,Azangaro,Azangaro,210201,-14.9084,-70.1962,3859,28137,15194,54.0,True,papa,6.4,27,2.5,-11.5,0.0,0,3.3,6,0,heladas_invernales,0.4,0,medio
2024-06-05,2024-06-05T01:00,Puno,Azangaro,Azangaro,210201,-14.9084,-70.1962,3859,28137,15194,54.0,True,papa,5.6,27,1.6,-11.9,0.0,0,4.0,6,1,heladas_invernales,0.4,0,medio
2024-06-05,2024-06-05T02:00,Puno,Azangaro,Azangaro,210201,-14.9084,-70.1962,3859,28137,15194,54.0,True,papa,3.8,32,-0.4,-11.5,0.0,0,5.6,6,2,heladas_invernales,0.4,0,medio
2024-06-05,2024-06-05T03:00,Puno,Azangaro,Azangaro,210201,-14.9084,-70.1962,3859,28137,15194,54.0,True,papa,1.8,38,-2.5,-11.1,0.0,0,6.5,6,3,heladas_invernales,0.4,0,medio
2024-06-05,2024-06-05T04:00,Puno,Azangaro,Azangaro,210201,-14.9084,-70.1962,3859,28137,15194,54.0,True,papa,1.2,40,-3.0,-10.8,0.0,0,6.0,6,4,heladas_invernales,0.4,0,medio
2024-06-05,2024-06-05T05:00,Puno,Azangaro,Azangaro,210201,-14.9084,-70.1962,3859,28137,15194,54.0,True,papa,0.8,42,-3.4,-10.6,0.0,0,6.4,6,5,heladas_invernales,0.4,0,medio
2024-06-05,2024-06-05T06:00,Puno,Azangaro,Azangaro,210201,-14.9084,-70.1962,3859,28137,15194,54.0,True,papa,0.4,45,-3.8,-10.3,0.0,0,6.3,6,6,heladas_invernales,0.4,0,medio
2024-06-05,2024-06-05T07:00,Puno,Azangaro,Azangaro,210201,-14.9084,-70.1962,3859,28137,15194,54.0,True,papa,2.4,37,-1.9,-10.8,0.0,0,6.6,6,7,heladas_invernales,0.4,0,medio
2024-06-05,2024-06-05T08:00,Puno,Azangaro,Azangaro,210201,-14.9084,-70.1962,3859,28137,15194,54.0,True,papa,5.5,33,1.8,-9.6,0.0,0,3.1,6,8,heladas_invernales,0.4,0,medio
2024-06-05,2024-06-05T09:00,Puno,Azangaro,Azangaro,210201,-14.9084,-70.1962,3859,28137,15194,54.0,True,papa,8.7,27,5.1,-9.3,0.0,0,2.8,6,9,heladas_invernales,0.4,0,medio
2024-06-05,2024-06-05T10:00,Puno,Azangaro,Azangaro,210201,-14.9084,-70.1962,3859,28137,15194,54.0,True,papa,11.3,24,8.7,-8.4,0.0,0,4.4,6,10,heladas_invernales,0.4,0,medio
2024-06-05,2024-06-05T11:00,Puno,Azangaro,Azangaro,210201,-14.9084,-70.1962,3859,28137,15194,54.0,True,papa,13.6,21,11.2,-8.3,0.0,0,7.5,6,11,heladas_invernales,0.4,0,medio
2024-06-05,2024-06-05T12:00,Puno,Azangaro,Azangaro,210201,-14.9084,-70.1962,3859,28137,15194,54.0,True,papa,15.2,19,12.9,-8.3,0.0,0,8.4,6,12,heladas_invernales,0.4,0,medio
2024-06-05,2024-06-05T13:00,Puno,Azangaro,Azangaro,210201,-14.9084,-70.1962,3859,28137,15194,54.0,True,papa,16.2,18,13.8,-7.9,0.0,0,7.9,6,13,heladas_invernales,0.4,0,medio
2024-06-05,2024-06-05T14:00,Puno,Azangaro,Azangaro,210201,-14.9084,-70.1962,3859,28137,15194,54.0,True,papa,16.7,18,13.4,-7.5,0.0,0,9.7,6,14,heladas_invernales,0.4,0,medio
2024-06-05,2024-06-05T15:00,Puno,Azangaro,Azangaro,210201,-14.9084,-70.1962,3859,28137,15194,54.0,True,papa,16.7,19,12.2,-7.1,0.0,0,12.4,6,15,heladas_invernales,0.4,0,medio
2024-06-05,2024-06-05T16:00,Puno,Azangaro,Azangaro,210201,-14.9084,-70.1962,3859,28137,15194,54.0,True,papa,16.1,20,11.0,-7.1,0.0,0,14.2,6,16,heladas_invernales,0.4,0,medio
2024-06-05,2024-06-05T17:00,Puno,Azangaro,Azangaro,210201,-14.9084,-70.1962,3859,28137,15194,54.0,True,papa,14.5,21,9.3,-7.4,0.0,0,14.7,6,17,heladas_invernales,0.4,0,medio
2024-06-05,2024-06-05T18:00,Puno,Azangaro,Azangaro,210201,-14.9084,-70.1962,3859,28137,15194,54.0,True,papa,12.5,28,8.0,-5.3,0.0,0,11.1,6,18,heladas_invernales,0.4,0,medio
2024-06-05,2024-06-05T19:00,Puno,Azangaro,Azangaro,210201,-14.9084,-70.1962,3859,28137,15194,54.0,True,papa,10.7,41,6.8,-2.1,0.0,0,9.8,6,19,heladas_invernales,0.4,0,medio
2024-06-05,2024-06-05T20:00,Puno,Azangaro,Azangaro,210201,-14.9084,-70.1962,3859,28137,15194,54.0,True,papa,8.5,54,5.3,-0.4,0.0,0,7.0,6,20,heladas_invernales,0.4,0,medio
2024-06-05,2024-06-05T21:00,Puno,Azangaro,Azangaro,210201,-14.9084,-70.1962,3859,28137,15194,54.0,True,papa,7.0,65,4.2,0.9,0.0,0,5.4,6,21,heladas_invernales,0.4,0,medio
2024-06-05,2024-06-05T22:00,Puno,Azangaro,Azangaro,210201,-14.9084,-70.1962,3859,28137,15194,54.0,True,papa,6.6,68,4.1,1.2,0.0,0,4.0,6,22,heladas_invernales,0.4,0,medio
2024-06-05,2024-06-05T23:00,Puno,Azangaro,Azangaro,210201,-14.9084,-70.1962,3859,28137,15194,54.0,True,papa,6.2,70,3.7,1.2,0.0,0,3.9,6,23,heladas_invernales,0.4,0,medio
2024-06-06,2024-06-06T00:00,Puno,Azangaro,Azangaro,210201,-14.9084,-70.1962,3859,28137,15194,54.0,True,papa,4.1,83,1.4,1.4,0.0,30,5.2,6,0,heladas_invernales,-1.1,3,alto
2024-06-06,2024-06-06T01:00,Puno,Azangaro,Azangaro,210201,-14.9084,-70.1962,3859,28137,15194,54.0,True,papa,2.7,88,-0.1,1.0,0.0,45,6.1,6,1,heladas_invernales,-1.1,3,alto
2024-06-06,2024-06-06T02:00,Puno,Azangaro,Azangaro,210201,-14.9084,-70.1962,3859,28137,15194,54.0,True,papa,1.9,89,-1.1,0.3,0.0,2,6.1,6,2,heladas_invernales,-1.1,3,alto
2024-06-06,2024-06-06T03:00,Puno,Azangaro,Azangaro,210201,-14.9084,-70.1962,3859,28137,15194,54.0,True,papa,0.9,91,-2.3,-0.4,0.0,0,6.9,6,3,heladas_invernales,-1.1,3,alto
2024-06-06,2024-06-06T04:00,Puno,Azangaro,Azangaro,210201,-14.9084,-70.1962,3859,28137,15194,54.0,True,papa,0.4,90,-2.8,-1.0,0.0,2,6.6,6,4,heladas_invernales,-1.1,3,alto
2024-06-06,2024-06-06T05:00,Puno,Azangaro,Azangaro,210201,-14.9084,-70.1962,3859,28137,15194,54.0,True,papa,-0.2,91,-3.6,-1.6,0.0,0,6.9,6,5,heladas_invernales,-1.1,3,alto
2024-06-06,2024-06-06T06:00,Puno,Azangaro,Azangaro,210201,-14.9084,-70.1962,3859,28137,15194,54.0,True,papa,-1.1,97,-4.4,-1.4,0.0,1,6.7,6,6,heladas_invernales,-1.1,3,alto
2024-06-06,2024-06-06T07:00,Puno,Azangaro,Azangaro,210201,-14.9084,-70.1962,3859,28137,15194,54.0,True,papa,-0.6,96,-3.7,-1.1,0.0,91,5.4,6,7,heladas_invernales,-1.1,3,alto
2024-06-06,2024-06-06T08:00,Puno,Azangaro,Azangaro,210201,-14.9084,-70.1962,3859,28137,15194,54.0,True,papa,3.6,77,0.9,-0.1,0.0,0,3.9,6,8,heladas_invernales,-1.1,3,alto
2024-06-06,2024-06-06T09:00,Puno,Azangaro,Azangaro,210201,-14.9084,-70.1962,3859,28137,15194,54.0,True,papa,8.4,47,5.4,-2.2,0.0,0,3.3,6,9,heladas_invernales,-1.1,3,alto
2024-06-06,2024-06-06T10:00,Puno,Azangaro,Azangaro,210201,-14.9084,-70.1962,3859,28137,15194,54.0,True,papa,11.2,41,9.2,-1.5,0.0,0,5.0,6,10,heladas_invernales,-1.1,3,alto
2024-06-06,2024-06-06T11:00,Puno,Azangaro,Azangaro,210201,-14.9084,-70.1962,3859,28137,15194,54.0,True,papa,13.4,32,11.8,-3.1,0.0,0,6.1,6,11,heladas_invernales,-1.1,3,alto
2024-06-06,2024-06-06T12:00,Puno,Azangaro,Azangaro,210201,-14.9084,-70.1962,3859,28137,15194,54.0,True,papa,15.2,25,13.4,-4.8,0.0,0,7.2,6,12,heladas_invernales,-1.1,3,alto
2024-06-06,2024-06-06T13:00,Puno,Azangaro,Azangaro,210201,-14.9084,-70.1962,3859,28137,15194,54.0,True,papa,16.1,20,13.5,-6.7,0.0,0,9.7,6,13,heladas_invernales,-1.1,3,alto
2024-06-06,2024-06-06T14:00,Puno,Azangaro,Azangaro,210201,-14.9084,-70.1962,3859,28137,15194,54.0,True,papa,16.9,18,13.3,-7.8,0.0,0,11.6,6,14,heladas_invernales,-1.1,3,alto
2024-06-06,2024-06-06T15:00,Puno,Azangaro,Azangaro,210201,-14.9084,-70.1962,3859,28137,15194,54.0,True,papa,17.5,15,12.8,-9.3,0.0,0,11.6,6,15,heladas_invernales,-1.1,3,alto
2024-06-06,2024-06-06T16:00,Puno,Azangaro,Azangaro,210201,-14.9084,-70.1962,3859,28137,15194,54.0,True,papa,16.9,13,12.0,-11.3,0.0,0,10.6,6,16,heladas_invernales,-1.1,3,alto
2024-06-06,2024-06-06T17:00,Puno,Azangaro,Azangaro,210201,-14.9084,-70.1962,3859,28137,15194,54.0,True,papa,13.9,24,8.8,-6.2,0.0,0,14.9,6,17,heladas_invernales,-1.1,3,alto
2024-06-06,2024-06-06T18:00,Puno,Azangaro,Azangaro,210201,-14.9084,-70.1962,3859,28137,15194,54.0,True,papa,11.3,37,7.4,-2.8,0.0,0,9.4,6,18,heladas_invernales,-1.1,3,alto
2024-06-06,2024-06-06T19:00,Puno,Azangaro,Azangaro,210201,-14.9084,-70.1962,3859,28137,15194,54.0,True,papa,10.0,50,6.8,-0.0,0.0,0,6.9,6,19,heladas_invernales,-1.1,3,alto
2024-06-06,2024-06-06T20:00,Puno,Azangaro,Azangaro,210201,-14.9084,-70.1962,3859,28137,15194,54.0,True,papa,8.3,60,5.4,1.0,0.0,0,6.2,6,20,heladas_invernales,-1.1,3,alto
2024-06-06,2024-06-06T21:00,Puno,Azangaro,Azangaro,210201,-14.9084,-70.1962,3859,28137,15194,54.0,True,papa,7.5,67,4.9,1.8,0.0,0,5.2,6,21,heladas_invernales,-1.1,3,alto
2024-06-06,2024-06-06T22:00,Puno,Azangaro,Azangaro,210201,-14.9084,-70.1962,3859,28137,15194,54.0,True,papa,8.0,64,5.7,1.6,0.0,0,2.9,6,22,heladas_invernales,-1.1,3,alto
2024-06-06,2024-06-06T23:00,Puno,Azangaro,Azangaro,210201,-14.9084,-70.1962,3859,28137,15194,54.0,True,papa,4.4,84,1.8,1.9,0.0,0,5.6,6,23,heladas_invernales,-1.1,3,alto
2024-06-07,2024-06-07T00:00,Puno,Azangaro,Azangaro,210201,-14.9084,-70.1962,3859,28137,15194,54.0,True,papa,2.9,90,-0.1,1.4,0.0,0,7.4,6,0,heladas_invernales,-2.0,4,alto
2024-06-07,2024-06-07T01:00,Puno,Azangaro,Azangaro,210201,-14.9084,-70.1962,3859,28137,15194,54.0,True,papa,1.6,93,-1.6,0.6,0.0,0,8.0,6,1,heladas_invernales,-2.0,4,alto
2024-06-07,2024-06-07T02:00,Puno,Azangaro,Azangaro,210201,-14.9084,-70.1962,3859,28137,15194,54.0,True,papa,0.5,94,-2.9,-0.4,0.0,0,8.2,6,2,heladas_invernales,-2.0,4,alto
2024-06-07,2024-06-07T03:00,Puno,Azangaro,Azangaro,210201,-14.9084,-70.1962,3859,28137,15194,54.0,True,papa,-0.4,92,-3.9,-1.5,0.0,0,8.0,6,3,heladas_invernales,-2.0,4,alto
2024-06-07,2024-06-07T04:00,Puno,Azangaro,Azangaro,210201,-14.9084,-70.1962,3859,28137,15194,54.0,True,papa,-1.2,89,-4.8,-2.7,0.0,0,7.8,6,4,heladas_invernales,-2.0,4,alto
2024-06-07,2024-06-07T05:00,Puno,Azangaro,Azangaro,210201,-14.9084,-70.1962,3859,28137,15194,54.0,True,papa,-1.7,86,-5.5,-3.8,0.0,0,8.1,6,5,heladas_invernales,-2.0,4,alto
2024-06-07,2024-06-07T06:00,Puno,Azangaro,Azangaro,210201,-14.9084,-70.1962,3859,28137,15194,54.0,True,papa,-2.0,80,-5.9,-4.9,0.0,0,7.6,6,6,heladas_invernales,-2.0,4,alto
2024-06-07,2024-06-07T07:00,Puno,Azangaro,Azangaro,210201,-14.9084,-70.1962,3859,28137,15194,54.0,True,papa,0.8,60,-3.0,-6.1,0.0,0,6.2,6,7,heladas_invernales,-2.0,4,alto
2024-06-07,2024-06-07T08:00,Puno,Azangaro,Azangaro,210201,-14.9084,-70.1962,3859,28137,15194,54.0,True,papa,4.3,38,0.4,-8.9,0.0,0,5.2,6,8,heladas_invernales,-2.0,4,alto
2024-06-07,2024-06-07T09:00,Puno,Azangaro,Azangaro,210201,-14.9084,-70.1962,3859,28137,15194,54.0,True,papa,8.0,32,4.6,-7.6,0.0,0,2.4,6,9,heladas_invernales,-2.0,4,alto
2024-06-07,2024-06-07T10:00,Puno,Azangaro,Azangaro,210201,-14.9084,-70.1962,3859,28137,15194,54.0,True,papa,11.0,28,8.7,-7.0,0.0,0,2.7,6,10,heladas_invernales,-2.0,4,alto
2024-06-07,2024-06-07T11:00,Puno,Azangaro,Azangaro,210201,-14.9084,-70.1962,3859,28137,15194,54.0,True,papa,13.5,21,11.9,-8.2,0.0,0,2.9,6,11,heladas_invernales,-2.0,4,alto
2024-06-07,2024-06-07T12:00,Puno,Azangaro,Azangaro,210201,-14.9084,-70.1962,3859,28137,15194,54.0,True,papa,15.3,14,13.5,-12.4,0.0,0,4.0,6,12,heladas_invernales,-2.0,4,alto
2024-06-07,2024-06-07T13:00,Puno,Azangaro,Azangaro,210201,-14.9084,-70.1962,3859,28137,15194,54.0,True,papa,18.0,5,14.6,-21.6,0.0,0,9.4,6,13,heladas_invernales,-2.0,4,alto
2024-06-07,2024-06-07T14:00,Puno,Azangaro,Azangaro,210201,-14.9084,-70.1962,3859,28137,15194,54.0,True,papa,18.2,5,11.3,-21.1,0.0,0,27.7,6,14,heladas_invernales,-2.0,4,alto
2024-06-07,2024-06-07T15:00,Puno,Azangaro,Azangaro,210201,-14.9084,-70.1962,3859,28137,15194,54.0,True,papa,17.2,6,9.6,-21.5,0.0,0,27.1,6,15,heladas_invernales,-2.0,4,alto
2024-06-07,2024-06-07T16:00,Puno,Azangaro,Azangaro,210201,-14.9084,-70.1962,3859,28137,15194,54.0,True,papa,15.6,7,7.8,-20.1,0.0,0,27.8,6,16,heladas_invernales,-2.0,4,alto
2024-06-07,2024-06-07T17:00,Puno,Azangaro,Azangaro,210201,-14.9084,-70.1962,3859,28137,15194,54.0,True,papa,13.6,10,6.8,-17.9,0.0,0,20.9,6,17,heladas_invernales,-2.0,4,alto
2024-06-07,2024-06-07T18:00,Puno,Azangaro,Azangaro,210201,-14.9084,-70.1962,3859,28137,15194,54.0,True,papa,10.9,13,5.2,-16.2,0.0,0,14.4,6,18,heladas_invernales,-2.0,4,alto
2024-06-07,2024-06-07T19:00,Puno,Azangaro,Azangaro,210201,-14.9084,-70.1962,3859,28137,15194,54.0,True,papa,8.6,25,4.2,-10.4,0.0,0,8.0,6,19,heladas_invernales,-2.0,4,alto
2024-06-07,2024-06-07T20:00,Puno,Azangaro,Azangaro,210201,-14.9084,-70.1962,3859,28137,15194,54.0,True,papa,7.7,26,3.7,-10.4,0.0,0,5.2,6,20,heladas_invernales,-2.0,4,alto
2024-06-07,2024-06-07T21:00,Puno,Azangaro,Azangaro,210201,-14.9084,-70.1962,3859,28137,15194,54.0,True,papa,7.0,24,2.8,-12.0,0.0,0,5.1,6,21,heladas_invernales,-2.0,4,alto
2024-06-07,2024-06-07T22:00,Puno,Azangaro,Azangaro,210201,-14.9084,-70.1962,3859,28137,15194,54.0,True,papa,3.4,35,-0.8,-10.6,0.0,0,6.2,6,22,heladas_invernales,-2.0,4,alto
2024-06-07,2024-06-07T23:00,Puno,Azangaro,Azangaro,210201,-14.9084,-70.1962,3859,28137,15194,54.0,True,papa,1.2,40,-3.1,-10.9,0.0,0,6.6,6,23,heladas_invernales,-2.0,4,alto
2024-06-08,2024-06-08T00:00,Puno,Azangaro,Azangaro,210201,-14.9084,-70.1962,3859,28137,15194,54.0,True,papa,0.0,40,-4.3,-11.9,0.0,0,6.4,6,0,heladas_invernales,-3.1,7,alto
2024-06-08,2024-06-08T01:00,Puno,Azangaro,Azangaro,210201,-14.9084,-70.1962,3859,28137,15194,54.0,True,papa,-1.1,42,-5.6,-12.5,0.0,0,7.1,6,1,heladas_invernales,-3.1,7,alto
2024-06-08,2024-06-08T02:00,Puno,Azangaro,Azangaro,210201,-14.9084,-70.1962,3859,28137,15194,54.0,True,papa,-1.7,39,-6.5,-13.7,0.0,0,8.5,6,2,heladas_invernales,-3.1,7,alto
2024-06-08,2024-06-08T03:00,Puno,Azangaro,Azangaro,210201,-14.9084,-70.1962,3859,28137,15194,54.0,True,papa,-2.2,38,-7.0,-14.7,0.0,0,8.8,6,3,heladas_invernales,-3.1,7,alto
2024-06-08,2024-06-08T04:00,Puno,Azangaro,Azangaro,210201,-14.9084,-70.1962,3859,28137,15194,54.0,True,papa,-2.6,35,-7.5,-16.0,0.0,0,8.6,6,4,heladas_invernales,-3.1,7,alto
2024-06-08,2024-06-08T05:00,Puno,Azangaro,Azangaro,210201,-14.9084,-70.1962,3859,28137,15194,54.0,True,papa,-3.1,35,-7.9,-16.6,0.0,0,7.8,6,5,heladas_invernales,-3.1,7,alto
2024-06-08,2024-06-08T06:00,Puno,Azangaro,Azangaro,210201,-14.9084,-70.1962,3859,28137,15194,54.0,True,papa,-3.1,34,-7.8,-16.8,0.0,0,6.8,6,6,heladas_invernales,-3.1,7,alto
2024-06-08,2024-06-08T07:00,Puno,Azangaro,Azangaro,210201,-14.9084,-70.1962,3859,28137,15194,54.0,True,papa,-0.1,27,-4.7,-17.1,0.0,0,5.8,6,7,heladas_invernales,-3.1,7,alto
2024-06-08,2024-06-08T08:00,Puno,Azangaro,Azangaro,210201,-14.9084,-70.1962,3859,28137,15194,54.0,True,papa,3.9,22,-0.4,-16.2,0.0,0,4.2,6,8,heladas_invernales,-3.1,7,alto
2024-06-08,2024-06-08T09:00,Puno,Azangaro,Azangaro,210201,-14.9084,-70.1962,3859,28137,15194,54.0,True,papa,7.5,19,3.4,-14.9,0.0,0,3.4,6,9,heladas_invernales,-3.1,7,alto
2024-06-08,2024-06-08T10:00,Puno,Azangaro,Azangaro,210201,-14.9084,-70.1962,3859,28137,15194,54.0,True,papa,10.5,15,7.5,-15.1,0.0,0,4.0,6,10,heladas_invernales,-3.1,7,alto
2024-06-08,2024-06-08T11:00,Puno,Azangaro,Azangaro,210201,-14.9084,-70.1962,3859,28137,15194,54.0,True,papa,12.9,12,10.5,-16.1,0.0,0,4.7,6,11,heladas_invernales,-3.1,7,alto
2024-06-08,2024-06-08T12:00,Puno,Azangaro,Azangaro,210201,-14.9084,-70.1962,3859,28137,15194,54.0,True,papa,14.6,9,12.8,-18.5,0.0,92,2.5,6,12,heladas_invernales,-3.1,7,alto
2024-06-08,2024-06-08T13:00,Puno,Azangaro,Azangaro,210201,-14.9084,-70.1962,3859,28137,15194,54.0,True,papa,15.6,8,12.9,-19.3,0.0,99,6.2,6,13,heladas_invernales,-3.1,7,alto
2024-06-08,2024-06-08T14:00,Puno,Azangaro,Azangaro,210201,-14.9084,-70.1962,3859,28137,15194,54.0,True,papa,16.1,8,12.3,-18.7,0.0,100,9.0,6,14,heladas_invernales,-3.1,7,alto
2024-06-08,2024-06-08T15:00,Puno,Azangaro,Azangaro,210201,-14.9084,-70.1962,3859,28137,15194,54.0,True,papa,16.0,8,11.4,-18.2,0.0,99,8.1,6,15,heladas_invernales,-3.1,7,alto
2024-06-08,2024-06-08T16:00,Puno,Azangaro,Azangaro,210201,-14.9084,-70.1962,3859,28137,15194,54.0,True,papa,15.9,8,11.5,-18.1,0.0,99,4.4,6,16,heladas_invernales,-3.1,7,alto
2024-06-08,2024-06-08T17:00,Puno,Azangaro,Azangaro,210201,-14.9084,-70.1962,3859,28137,15194,54.0,True,papa,14.9,16,10.9,-10.7,0.0,97,4.8,6,17,heladas_invernales,-3.1,7,alto
2024-06-08,2024-06-08T18:00,Puno,Azangaro,Azangaro,210201,-14.9084,-70.1962,3859,28137,15194,54.0,True,papa,11.8,18,6.9,-12.1,0.0,100,9.7,6,18,heladas_invernales,-3.1,7,alto
2024-06-08,2024-06-08T19:00,Puno,Azangaro,Azangaro,210201,-14.9084,-70.1962,3859,28137,15194,54.0,True,papa,9.4,30,5.7,-7.4,0.0,0,4.9,6,19,heladas_invernales,-3.1,7,alto
2024-06-08,2024-06-08T20:00,Puno,Azangaro,Azangaro,210201,-14.9084,-70.1962,3859,28137,15194,54.0,True,papa,6.9,32,3.0,-8.8,0.0,0,5.4,6,20,heladas_invernales,-3.1,7,alto
2024-06-08,2024-06-08T21:00,Puno,Azangaro,Azangaro,210201,-14.9084,-70.1962,3859,28137,15194,54.0,True,papa,6.2,31,2.2,-9.6,0.0,3,5.1,6,21,heladas_invernales,-3.1,7,alto
2024-06-08,2024-06-08T22:00,Puno,Azangaro,Azangaro,210201,-14.9084,-70.1962,3859,28137,15194,54.0,True,papa,6.0,27,2.3,-11.4,0.0,10,1.8,6,22,heladas_invernales,-3.1,7,alto
2024-06-08,2024-06-08T23:00,Puno,Azangaro,Azangaro,210201,-14.9084,-70.1962,3859,28137,15194,54.0,True,papa,5.1,30,1.3,-10.9,0.0,9,3.3,6,23,heladas_invernales,-3.1,7,alto
2024-06-09,2024-06-09T00:00,Puno,Azangaro,Azangaro,210201,-14.9084,-70.1962,3859,28137,15194,54.0,True,papa,3.6,37,-0.3,-9.9,0.0,13,4.6,6,0,heladas_invernales,-1.3,2,alto
2024-06-09,2024-06-09T01:00,Puno,Azangaro,Azangaro,210201,-14.9084,-70.1962,3859,28137,15194,54.0,True,papa,2.6,41,-1.3,-9.5,0.0,49,4.7,6,1,heladas_invernales,-1.3,2,alto
2024-06-09,2024-06-09T02:00,Puno,Azangaro,Azangaro,210201,-14.9084,-70.1962,3859,28137,15194,54.0,True,papa,1.2,46,-2.8,-9.1,0.0,68,5.7,6,2,heladas_invernales,-1.3,2,alto
2024-06-09,2024-06-09T03:00,Puno,Azangaro,Azangaro,210201,-14.9084,-70.1962,3859,28137,15194,54.0,True,papa,0.5,50,-3.5,-8.8,0.0,92,5.9,6,3,heladas_invernales,-1.3,2,alto
2024-06-09,2024-06-09T04:00,Puno,Azangaro,Azangaro,210201,-14.9084,-70.1962,3859,28137,15194,54.0,True,papa,0.2,52,-3.8,-8.5,0.0,96,5.5,6,4,heladas_invernales,-1.3,2,alto
2024-06-09,2024-06-09T05:00,Puno,Azangaro,Azangaro,210201,-14.9084,-70.1962,3859,28137,15194,54.0,True,papa,-1.0,56,-5.0,-8.6,0.0,90,5.8,6,5,heladas_invernales,-1.3,2,alto
2024-06-09,2024-06-09T06:00,Puno,Azangaro,Azangaro,210201,-14.9084,-70.1962,3859,28137,15194,54.0,True,papa,-1.3,59,-5.2,-8.3,0.0,76,5.5,6,6,heladas_invernales,-1.3,2,alto
2024-06-09,2024-06-09T07:00,Puno,Azangaro,Azangaro,210201,-14.9084,-70.1962,3859,28137,15194,54.0,True,papa,0.9,52,-3.0,-7.8,0.0,93,5.4,6,7,heladas_invernales,-1.3,2,alto
2024-06-09,2024-06-09T08:00,Puno,Azangaro,Azangaro,210201,-14.9084,-70.1962,3859,28137,15194,54.0,True,papa,4.6,41,1.1,-7.6,0.0,100,2.7,6,8,heladas_invernales,-1.3,2,alto
2024-06-09,2024-06-09T09:00,Puno,Azangaro,Azangaro,210201,-14.9084,-70.1962,3859,28137,15194,54.0,True,papa,7.7,30,4.0,-8.7,0.0,80,3.3,6,9,heladas_invernales,-1.3,2,alto
2024-06-09,2024-06-09T10:00,Puno,Azangaro,Azangaro,210201,-14.9084,-70.1962,3859,28137,15194,54.0,True,papa,10.1,25,7.5,-8.9,0.0,53,3.4,6,10,heladas_invernales,-1.3,2,alto
2024-06-09,2024-06-09T11:00,Puno,Azangaro,Azangaro,210201,-14.9084,-70.1962,3859,28137,15194,54.0,True,papa,12.3,20,10.5,-10.4,0.0,85,2.7,6,11,heladas_invernales,-1.3,2,alto
2024-06-09,2024-06-09T12:00,Puno,Azangaro,Azangaro,210201,-14.9084,-70.1962,3859,28137,15194,54.0,True,papa,14.0,16,12.1,-11.8,0.0,86,4.2,6,12,heladas_invernales,-1.3,2,alto
2024-06-09,2024-06-09T13:00,Puno,Azangaro,Azangaro,210201,-14.9084,-70.1962,3859,28137,15194,54.0,True,papa,14.8,14,12.6,-12.3,0.0,99,5.4,6,13,heladas_invernales,-1.3,2,alto
2024-06-09,2024-06-09T14:00,Puno,Azangaro,Azangaro,210201,-14.9084,-70.1962,3859,28137,15194,54.0,True,papa,15.2,13,12.5,-12.7,0.0,91,4.5,6,14,heladas_invernales,-1.3,2,alto
2024-06-09,2024-06-09T15:00,Puno,Azangaro,Azangaro,210201,-14.9084,-70.1962,3859,28137,15194,54.0,True,papa,15.6,13,11.4,-13.2,0.0,98,6.4,6,15,heladas_invernales,-1.3,2,alto
2024-06-09,2024-06-09T16:00,Puno,Azangaro,Azangaro,210201,-14.9084,-70.1962,3859,28137,15194,54.0,True,papa,15.5,12,10.9,-13.8,0.0,97,7.6,6,16,heladas_invernales,-1.3,2,alto
2024-06-09,2024-06-09T17:00,Puno,Azangaro,Azangaro,210201,-14.9084,-70.1962,3859,28137,15194,54.0,True,papa,14.7,13,10.1,-13.6,0.0,94,7.3,6,17,heladas_invernales,-1.3,2,alto
2024-06-09,2024-06-09T18:00,Puno,Azangaro,Azangaro,210201,-14.9084,-70.1962,3859,28137,15194,54.0,True,papa,12.7,20,8.2,-9.8,0.0,92,8.2,6,18,heladas_invernales,-1.3,2,alto
2024-06-09,2024-06-09T19:00,Puno,Azangaro,Azangaro,210201,-14.9084,-70.1962,3859,28137,15194,54.0,True,papa,10.1,30,6.0,-6.8,0.0,92,7.6,6,19,heladas_invernales,-1.3,2,alto
2024-06-09,2024-06-09T20:00,Puno,Azangaro,Azangaro,210201,-14.9084,-70.1962,3859,28137,15194,54.0,True,papa,7.6,45,4.4,-3.6,0.0,28,3.7,6,20,heladas_invernales,-1.3,2,alto
2024-06-09,2024-06-09T21:00,Puno,Azangaro,Azangaro,210201,-14.9084,-70.1962,3859,28137,15194,54.0,True,papa,7.3,38,4.1,-6.0,0.0,38,1.6,6,21,heladas_invernales,-1.3,2,alto
2024-06-09,2024-06-09T22:00,Puno,Azangaro,Azangaro,210201,-14.9084,-70.1962,3859,28137,15194,54.0,True,papa,5.7,44,2.2,-5.8,0.0,47,3.8,6,22,heladas_invernales,-1.3,2,alto
2024-06-09,2024-06-09T23:00,Puno,Azangaro,Azangaro,210201,-14.9084,-70.1962,3859,28137,15194,54.0,True,papa,4.4,46,0.9,-6.1,0.0,48,4.2,6,23,heladas_invernales,-1.3,2,alto
2024-06-10,2024-06-10T00:00,Puno,Azangaro,Azangaro,210201,-14.9084,-70.1962,3859,28137,15194,54.0,True,papa,4.6,44,1.2,-6.7,0.0,20,3.4,6,0,heladas_invernales,-1.1,2,alto
2024-06-10,2024-06-10T01:00,Puno,Azangaro,Azangaro,210201,-14.9084,-70.1962,3859,28137,15194,54.0,True,papa,2.1,56,-1.8,-5.8,0.0,30,6.8,6,1,heladas_invernales,-1.1,2,alto
2024-06-10,2024-06-10T02:00,Puno,Azangaro,Azangaro,210201,-14.9084,-70.1962,3859,28137,15194,54.0,True,papa,0.8,59,-3.3,-6.2,0.0,7,8.1,6,2,heladas_invernales,-1.1,2,alto
2024-06-10,2024-06-10T03:00,Puno,Azangaro,Azangaro,210201,-14.9084,-70.1962,3859,28137,15194,54.0,True,papa,-0.2,62,-4.2,-6.7,0.0,0,7.4,6,3,heladas_invernales,-1.1,2,alto
2024-06-10,2024-06-10T04:00,Puno,Azangaro,Azangaro,210201,-14.9084,-70.1962,3859,28137,15194,54.0,True,papa,0.3,56,-3.5,-7.5,0.0,0,5.2,6,4,heladas_invernales,-1.1,2,alto
2024-06-10,2024-06-10T05:00,Puno,Azangaro,Azangaro,210201,-14.9084,-70.1962,3859,28137,15194,54.0,True,papa,-0.0,55,-3.9,-7.9,0.0,9,5.5,6,5,heladas_invernales,-1.1,2,alto
2024-06-10,2024-06-10T06:00,Puno,Azangaro,Azangaro,210201,-14.9084,-70.1962,3859,28137,15194,54.0,True,papa,-1.1,58,-5.3,-8.3,0.0,38,7.1,6,6,heladas_invernales,-1.1,2,alto
2024-06-10,2024-06-10T07:00,Puno,Azangaro,Azangaro,210201,-14.9084,-70.1962,3859,28137,15194,54.0,True,papa,1.4,47,-2.8,-8.8,0.0,29,6.8,6,7,heladas_invernales,-1.1,2,alto
2024-06-10,2024-06-10T08:00,Puno,Azangaro,Azangaro,210201,-14.9084,-70.1962,3859,28137,15194,54.0,True,papa,5.0,34,1.1,-9.4,0.0,100,4.8,6,8,heladas_invernales,-1.1,2,alto
2024-06-10,2024-06-10T09:00,Puno,Azangaro,Azangaro,210201,-14.9084,-70.1962,3859,28137,15194,54.0,True,papa,8.0,26,4.0,-10.5,0.0,24,4.3,6,9,heladas_invernales,-1.1,2,alto
2024-06-10,2024-06-10T10:00,Puno,Azangaro,Azangaro,210201,-14.9084,-70.1962,3859,28137,15194,54.0,True,papa,10.5,22,7.7,-10.3,0.0,36,4.4,6,10,heladas_invernales,-1.1,2,alto
2024-06-10,2024-06-10T11:00,Puno,Azangaro,Azangaro,210201,-14.9084,-70.1962,3859,28137,15194,54.0,True,papa,12.6,19,10.2,-10.5,0.0,91,5.6,6,11,heladas_invernales,-1.1,2,alto
2024-06-10,2024-06-10T12:00,Puno,Azangaro,Azangaro,210201,-14.9084,-70.1962,3859,28137,15194,54.0,True,papa,14.2,16,12.0,-11.4,0.0,54,6.1,6,12,heladas_invernales,-1.1,2,alto
2024-06-10,2024-06-10T13:00,Puno,Azangaro,Azangaro,210201,-14.9084,-70.1962,3859,28137,15194,54.0,True,papa,15.3,13,12.9,-13.0,0.0,58,6.1,6,13,heladas_invernales,-1.1,2,alto
2024-06-10,2024-06-10T14:00,Puno,Azangaro,Azangaro,210201,-14.9084,-70.1962,3859,28137,15194,54.0,True,papa,15.9,11,12.7,-15.0,0.0,38,6.3,6,14,heladas_invernales,-1.1,2,alto
2024-06-10,2024-06-10T15:00,Puno,Azangaro,Azangaro,210201,-14.9084,-70.1962,3859,28137,15194,54.0,True,papa,16.2,9,11.8,-16.2,0.0,15,6.7,6,15,heladas_invernales,-1.1,2,alto
2024-06-10,2024-06-10T16:00,Puno,Azangaro,Azangaro,210201,-14.9084,-70.1962,3859,28137,15194,54.0,True,papa,15.7,9,11.2,-17.1,0.0,2,5.9,6,16,heladas_invernales,-1.1,2,alto
2024-06-10,2024-06-10T17:00,Puno,Azangaro,Azangaro,210201,-14.9084,-70.1962,3859,28137,15194,54.0,True,papa,14.8,11,10.4,-15.5,0.0,2,5.2,6,17,heladas_invernales,-1.1,2,alto
2024-06-10,2024-06-10T18:00,Puno,Azangaro,Azangaro,210201,-14.9084,-70.1962,3859,28137,15194,54.0,True,papa,11.8,19,7.3,-11.3,0.0,10,8.0,6,18,heladas_invernales,-1.1,2,alto
2024-06-10,2024-06-10T19:00,Puno,Azangaro,Azangaro,210201,-14.9084,-70.1962,3859,28137,15194,54.0,True,papa,9.1,31,5.2,-7.2,0.0,0,6.5,6,19,heladas_invernales,-1.1,2,alto
2024-06-10,2024-06-10T20:00,Puno,Azangaro,Azangaro,210201,-14.9084,-70.1962,3859,28137,15194,54.0,True,papa,7.3,40,3.8,-5.3,0.0,60,5.1,6,20,heladas_invernales,-1.1,2,alto
2024-06-10,2024-06-10T21:00,Puno,Azangaro,Azangaro,210201,-14.9084,-70.1962,3859,28137,15194,54.0,True,papa,8.5,32,5.0,-7.3,0.0,93,3.3,6,21,heladas_invernales,-1.1,2,alto
2024-06-10,2024-06-10T22:00,Puno,Azangaro,Azangaro,210201,-14.9084,-70.1962,3859,28137,15194,54.0,True,papa,7.7,36,4.3,-6.4,0.0,87,3.3,6,22,heladas_invernales,-1.1,2,alto
2024-06-10,2024-06-10T23:00,Puno,Azangaro,Azangaro,210201,-14.9084,-70.1962,3859,28137,15194,54.0,True,papa,5.8,43,2.3,-5.8,0.0,95,4.7,6,23,heladas_invernales,-1.1,2,alto
2024-06-11,2024-06-11T00:00,Puno,Azangaro,Azangaro,210201,-14.9084,-70.1962,3859,28137,15194,54.0,True,papa,5.6,41,2.1,-6.7,0.0,97,3.8,6,0,heladas_invernales,-0.5,2,alto
2024-06-11,2024-06-11T01:00,Puno,Azangaro,Azangaro,210201,-14.9084,-70.1962,3859,28137,15194,54.0,True,papa,4.0,49,0.4,-5.8,0.0,100,4.7,6,1,heladas_invernales,-0.5,2,alto
2024-06-11,2024-06-11T02:00,Puno,Azangaro,Azangaro,210201,-14.9084,-70.1962,3859,28137,15194,54.0,True,papa,3.6,51,-0.0,-5.7,0.0,98,4.9,6,2,heladas_invernales,-0.5,2,alto
2024-06-11,2024-06-11T03:00,Puno,Azangaro,Azangaro,210201,-14.9084,-70.1962,3859,28137,15194,54.0,True,papa,1.9,56,-1.8,-5.9,0.0,98,5.8,6,3,heladas_invernales,-0.5,2,alto
2024-06-11,2024-06-11T04:00,Puno,Azangaro,Azangaro,210201,-14.9084,-70.1962,3859,28137,15194,54.0,True,papa,0.3,63,-3.6,-5.8,0.0,99,6.9,6,4,heladas_invernales,-0.5,2,alto
2024-06-11,2024-06-11T05:00,Puno,Azangaro,Azangaro,210201,-14.9084,-70.1962,3859,28137,15194,54.0,True,papa,-0.5,68,-4.5,-5.7,0.0,95,7.4,6,5,heladas_invernales,-0.5,2,alto
2024-06-11,2024-06-11T06:00,Puno,Azangaro,Azangaro,210201,-14.9084,-70.1962,3859,28137,15194,54.0,True,papa,-0.4,67,-4.2,-5.8,0.0,69,5.9,6,6,heladas_invernales,-0.5,2,alto
2024-06-11,2024-06-11T07:00,Puno,Azangaro,Azangaro,210201,-14.9084,-70.1962,3859,28137,15194,54.0,True,papa,2.0,56,-1.6,-5.8,0.0,10,5.4,6,7,heladas_invernales,-0.5,2,alto
2024-06-11,2024-06-11T08:00,Puno,Azangaro,Azangaro,210201,-14.9084,-70.1962,3859,28137,15194,54.0,True,papa,5.7,45,2.2,-5.4,0.0,100,4.6,6,8,heladas_invernales,-0.5,2,alto
2024-06-11,2024-06-11T09:00,Puno,Azangaro,Azangaro,210201,-14.9084,-70.1962,3859,28137,15194,54.0,True,papa,8.9,36,5.7,-5.3,0.0,100,2.1,6,9,heladas_invernales,-0.5,2,alto
2024-06-11,2024-06-11T10:00,Puno,Azangaro,Azangaro,210201,-14.9084,-70.1962,3859,28137,15194,54.0,True,papa,11.2,34,8.5,-4.1,0.0,100,5.4,6,10,heladas_invernales,-0.5,2,alto
2024-06-11,2024-06-11T11:00,Puno,Azangaro,Azangaro,210201,-14.9084,-70.1962,3859,28137,15194,54.0,True,papa,13.0,32,10.8,-3.3,0.0,76,7.6,6,11,heladas_invernales,-0.5,2,alto
2024-06-11,2024-06-11T12:00,Puno,Azangaro,Azangaro,210201,-14.9084,-70.1962,3859,28137,15194,54.0,True,papa,14.5,27,12.7,-4.3,0.0,50,6.4,6,12,heladas_invernales,-0.5,2,alto
2024-06-11,2024-06-11T13:00,Puno,Azangaro,Azangaro,210201,-14.9084,-70.1962,3859,28137,15194,54.0,True,papa,15.4,23,14.0,-5.5,0.0,2,3.3,6,13,heladas_invernales,-0.5,2,alto
2024-06-11,2024-06-11T14:00,Puno,Azangaro,Azangaro,210201,-14.9084,-70.1962,3859,28137,15194,54.0,True,papa,16.1,21,14.2,-6.4,0.0,1,1.8,6,14,heladas_invernales,-0.5,2,alto
2024-06-11,2024-06-11T15:00,Puno,Azangaro,Azangaro,210201,-14.9084,-70.1962,3859,28137,15194,54.0,True,papa,16.4,20,13.4,-7.0,0.0,0,1.5,6,15,heladas_invernales,-0.5,2,alto
2024-06-11,2024-06-11T16:00,Puno,Azangaro,Azangaro,210201,-14.9084,-70.1962,3859,28137,15194,54.0,True,papa,16.3,19,12.6,-7.4,0.0,8,4.6,6,16,heladas_invernales,-0.5,2,alto
2024-06-11,2024-06-11T17:00,Puno,Azangaro,Azangaro,210201,-14.9084,-70.1962,3859,28137,15194,54.0,True,papa,15.6,19,11.9,-7.7,0.0,16,4.2,6,17,heladas_invernales,-0.5,2,alto
2024-06-11,2024-06-11T18:00,Puno,Azangaro,Azangaro,210201,-14.9084,-70.1962,3859,28137,15194,54.0,True,papa,13.0,26,8.8,-5.9,0.0,15,8.6,6,18,heladas_invernales,-0.5,2,alto
2024-06-11,2024-06-11T19:00,Puno,Azangaro,Azangaro,210201,-14.9084,-70.1962,3859,28137,15194,54.0,True,papa,10.6,38,6.8,-3.3,0.0,55,8.2,6,19,heladas_invernales,-0.5,2,alto
2024-06-11,2024-06-11T20:00,Puno,Azangaro,Azangaro,210201,-14.9084,-70.1962,3859,28137,15194,54.0,True,papa,9.0,41,5.5,-3.5,0.0,68,6.4,6,20,heladas_invernales,-0.5,2,alto
2024-06-11,2024-06-11T21:00,Puno,Azangaro,Azangaro,210201,-14.9084,-70.1962,3859,28137,15194,54.0,True,papa,7.6,53,4.3,-1.5,0.0,47,6.0,6,21,heladas_invernales,-0.5,2,alto
2024-06-11,2024-06-11T22:00,Puno,Azangaro,Azangaro,210201,-14.9084,-70.1962,3859,28137,15194,54.0,True,papa,8.1,52,5.4,-1.3,0.0,87,3.0,6,22,heladas_invernales,-0.5,2,alto
2024-06-11,2024-06-11T23:00,Puno,Azangaro,Azangaro,210201,-14.9084,-70.1962,3859,28137,15194,54.0,True,papa,7.2,53,4.4,-1.7,0.0,100,2.8,6,23,heladas_invernales,-0.5,2,alto
2024-06-12,2024-06-12T00:00,Puno,Azangaro,Azangaro,210201,-14.9084,-70.1962,3859,28137,15194,54.0,True,papa,5.9,58,3.0,-1.7,0.0,100,3.9,6,0,heladas_invernales,0.6,0,medio
2024-06-12,2024-06-12T01:00,Puno,Azangaro,Azangaro,210201,-14.9084,-70.1962,3859,28137,15194,54.0,True,papa,3.4,69,0.2,-1.7,0.0,80,5.9,6,1,heladas_invernales,0.6,0,medio
2024-06-12,2024-06-12T02:00,Puno,Azangaro,Azangaro,210201,-14.9084,-70.1962,3859,28137,15194,54.0,True,papa,3.2,69,0.1,-1.9,0.0,23,4.7,6,2,heladas_invernales,0.6,0,medio
2024-06-12,2024-06-12T03:00,Puno,Azangaro,Azangaro,210201,-14.9084,-70.1962,3859,28137,15194,54.0,True,papa,1.9,75,-1.4,-2.0,0.0,71,6.4,6,3,heladas_invernales,0.6,0,medio
2024-06-12,2024-06-12T04:00,Puno,Azangaro,Azangaro,210201,-14.9084,-70.1962,3859,28137,15194,54.0,True,papa,1.2,78,-2.2,-2.1,0.0,6,6.4,6,4,heladas_invernales,0.6,0,medio
2024-06-12,2024-06-12T05:00,Puno,Azangaro,Azangaro,210201,-14.9084,-70.1962,3859,28137,15194,54.0,True,papa,0.6,83,-2.8,-2.0,0.0,54,6.6,6,5,heladas_invernales,0.6,0,medio
2024-06-12,2024-06-12T06:00,Puno,Azangaro,Azangaro,210201,-14.9084,-70.1962,3859,28137,15194,54.0,True,papa,0.7,81,-2.6,-2.2,0.0,23,6.0,6,6,heladas_invernales,0.6,0,medio
2024-06-12,2024-06-12T07:00,Puno,Azangaro,Azangaro,210201,-14.9084,-70.1962,3859,28137,15194,54.0,True,papa,3.1,72,-0.2,-1.5,0.0,4,6.3,6,7,heladas_invernales,0.6,0,medio
2024-06-12,2024-06-12T08:00,Puno,Azangaro,Azangaro,210201,-14.9084,-70.1962,3859,28137,15194,54.0,True,papa,6.2,62,3.2,-0.5,0.0,8,5.9,6,8,heladas_invernales,0.6,0,medio
2024-06-12,2024-06-12T09:00,Puno,Azangaro,Azangaro,210201,-14.9084,-70.1962,3859,28137,15194,54.0,True,papa,9.3,49,6.3,-1.0,0.0,6,5.0,6,9,heladas_invernales,0.6,0,medio
2024-06-12,2024-06-12T10:00,Puno,Azangaro,Azangaro,210201,-14.9084,-70.1962,3859,28137,15194,54.0,True,papa,11.8,35,9.4,-3.1,0.0,0,5.2,6,10,heladas_invernales,0.6,0,medio
2024-06-12,2024-06-12T11:00,Puno,Azangaro,Azangaro,210201,-14.9084,-70.1962,3859,28137,15194,54.0,True,papa,13.8,28,12.0,-4.4,0.0,9,5.4,6,11,heladas_invernales,0.6,0,medio
2024-06-12,2024-06-12T12:00,Puno,Azangaro,Azangaro,210201,-14.9084,-70.1962,3859,28137,15194,54.0,True,papa,15.4,23,13.7,-5.7,0.0,27,5.6,6,12,heladas_invernales,0.6,0,medio
2024-06-12,2024-06-12T13:00,Puno,Azangaro,Azangaro,210201,-14.9084,-70.1962,3859,28137,15194,54.0,True,papa,16.3,20,14.6,-6.4,0.0,16,4.5,6,13,heladas_invernales,0.6,0,medio
2024-06-12,2024-06-12T14:00,Puno,Azangaro,Azangaro,210201,-14.9084,-70.1962,3859,28137,15194,54.0,True,papa,17.0,19,14.5,-7.2,0.0,76,4.9,6,14,heladas_invernales,0.6,0,medio
2024-06-12,2024-06-12T15:00,Puno,Azangaro,Azangaro,210201,-14.9084,-70.1962,3859,28137,15194,54.0,True,papa,17.3,17,13.6,-8.0,0.0,85,5.4,6,15,heladas_invernales,0.6,0,medio
2024-06-12,2024-06-12T16:00,Puno,Azangaro,Azangaro,210201,-14.9084,-70.1962,3859,28137,15194,54.0,True,papa,17.1,16,12.9,-8.9,0.0,89,7.4,6,16,heladas_invernales,0.6,0,medio
2024-06-12,2024-06-12T17:00,Puno,Azangaro,Azangaro,210201,-14.9084,-70.1962,3859,28137,15194,54.0,True,papa,16.4,17,12.5,-8.8,0.0,5,5.2,6,17,heladas_invernales,0.6,0,medio
2024-06-12,2024-06-12T18:00,Puno,Azangaro,Azangaro,210201,-14.9084,-70.1962,3859,28137,15194,54.0,True,papa,13.4,28,9.6,-4.9,0.0,0,7.2,6,18,heladas_invernales,0.6,0,medio
2024-06-12,2024-06-12T19:00,Puno,Azangaro,Azangaro,210201,-14.9084,-70.1962,3859,28137,15194,54.0,True,papa,11.2,37,7.6,-3.1,0.0,0,7.6,6,19,heladas_invernales,0.6,0,medio
2024-06-12,2024-06-12T20:00,Puno,Azangaro,Azangaro,210201,-14.9084,-70.1962,3859,28137,15194,54.0,True,papa,9.0,47,5.7,-1.8,0.0,0,6.1,6,20,heladas_invernales,0.6,0,medio
2024-06-12,2024-06-12T21:00,Puno,Azangaro,Azangaro,210201,-14.9084,-70.1962,3859,28137,15194,54.0,True,papa,8.1,49,5.0,-2.0,0.0,0,5.2,6,21,heladas_invernales,0.6,0,medio
2024-06-12,2024-06-12T22:00,Puno,Azangaro,Azangaro,210201,-14.9084,-70.1962,3859,28137,15194,54.0,True,papa,8.6,43,5.5,-3.4,0.0,4,3.3,6,22,heladas_invernales,0.6,0,medio
2024-06-12,2024-06-12T23:00,Puno,Azangaro,Azangaro,210201,-14.9084,-70.1962,3859,28137,15194,54.0,True,papa,8.1,46,5.3,-2.8,0.0,6,1.6,6,23,heladas_invernales,0.6,0,medio
2024-06-13,2024-06-13T00:00,Puno,Azangaro,Azangaro,210201,-14.9084,-70.1962,3859,28137,15194,54.0,True,papa,7.3,49,4.3,-2.8,0.0,1,3.3,6,0,heladas_invernales,1.7,0,medio
2024-06-13,2024-06-13T01:00,Puno,Azangaro,Azangaro,210201,-14.9084,-70.1962,3859,28137,15194,54.0,True,papa,4.3,62,1.0,-2.3,0.0,77,5.8,6,1,heladas_invernales,1.7,0,medio
2024-06-13,2024-06-13T02:00,Puno,Azangaro,Azangaro,210201,-14.9084,-70.1962,3859,28137,15194,54.0,True,papa,2.9,68,-0.8,-2.4,0.0,74,8.5,6,2,heladas_invernales,1.7,0,medio
2024-06-13,2024-06-13T03:00,Puno,Azangaro,Azangaro,210201,-14.9084,-70.1962,3859,28137,15194,54.0,True,papa,1.9,74,-1.6,-2.2,0.0,74,7.6,6,3,heladas_invernales,1.7,0,medio
2024-06-13,2024-06-13T04:00,Puno,Azangaro,Azangaro,210201,-14.9084,-70.1962,3859,28137,15194,54.0,True,papa,1.7,76,-1.7,-2.1,0.0,78,6.2,6,4,heladas_invernales,1.7,0,medio
2024-06-13,2024-06-13T05:00,Puno,Azangaro,Azangaro,210201,-14.9084,-70.1962,3859,28137,15194,54.0,True,papa,1.9,75,-1.3,-2.1,0.0,80,5.5,6,5,heladas_invernales,1.7,0,medio
2024-06-13,2024-06-13T06:00,Puno,Azangaro,Azangaro,210201,-14.9084,-70.1962,3859,28137,15194,54.0,True,papa,1.7,74,-1.6,-2.4,0.0,45,6.1,6,6,heladas_invernales,1.7,0,medio
2024-06-13,2024-06-13T07:00,Puno,Azangaro,Azangaro,210201,-14.9084,-70.1962,3859,28137,15194,54.0,True,papa,3.6,67,0.2,-2.0,0.0,97,6.3,6,7,heladas_invernales,1.7,0,medio
2024-06-13,2024-06-13T08:00,Puno,Azangaro,Azangaro,210201,-14.9084,-70.1962,3859,28137,15194,54.0,True,papa,7.1,52,4.0,-2.2,0.0,99,4.3,6,8,heladas_invernales,1.7,0,medio
2024-06-13,2024-06-13T09:00,Puno,Azangaro,Azangaro,210201,-14.9084,-70.1962,3859,28137,15194,54.0,True,papa,9.9,45,6.9,-1.6,0.0,100,4.3,6,9,heladas_invernales,1.7,0,medio
2024-06-13,2024-06-13T10:00,Puno,Azangaro,Azangaro,210201,-14.9084,-70.1962,3859,28137,15194,54.0,True,papa,12.2,36,9.5,-2.6,0.0,38,6.6,6,10,heladas_invernales,1.7,0,medio
2024-06-13,2024-06-13T11:00,Puno,Azangaro,Azangaro,210201,-14.9084,-70.1962,3859,28137,15194,54.0,True,papa,13.8,30,11.7,-3.7,0.0,40,7.4,6,11,heladas_invernales,1.7,0,medio
2024-06-13,2024-06-13T12:00,Puno,Azangaro,Azangaro,210201,-14.9084,-70.1962,3859,28137,15194,54.0,True,papa,15.0,26,12.9,-4.4,0.0,93,8.3,6,12,heladas_invernales,1.7,0,medio
2024-06-13,2024-06-13T13:00,Puno,Azangaro,Azangaro,210201,-14.9084,-70.1962,3859,28137,15194,54.0,True,papa,16.1,23,13.7,-4.8,0.0,99,8.9,6,13,heladas_invernales,1.7,0,medio
2024-06-13,2024-06-13T14:00,Puno,Azangaro,Azangaro,210201,-14.9084,-70.1962,3859,28137,15194,54.0,True,papa,16.8,22,13.8,-5.2,0.0,100,9.0,6,14,heladas_invernales,1.7,0,medio
2024-06-13,2024-06-13T15:00,Puno,Azangaro,Azangaro,210201,-14.9084,-70.1962,3859,28137,15194,54.0,True,papa,17.0,21,12.8,-5.4,0.0,99,10.7,6,15,heladas_invernales,1.7,0,medio
2024-06-13,2024-06-13T16:00,Puno,Azangaro,Azangaro,210201,-14.9084,-70.1962,3859,28137,15194,54.0,True,papa,16.8,21,12.3,-5.9,0.0,99,11.2,6,16,heladas_invernales,1.7,0,medio
2024-06-13,2024-06-13T17:00,Puno,Azangaro,Azangaro,210201,-14.9084,-70.1962,3859,28137,15194,54.0,True,papa,16.0,20,11.8,-6.8,0.0,99,8.2,6,17,heladas_invernales,1.7,0,medio
2024-06-13,2024-06-13T18:00,Puno,Azangaro,Azangaro,210201,-14.9084,-70.1962,3859,28137,15194,54.0,True,papa,13.7,27,9.7,-5.1,0.0,97,8.2,6,18,heladas_invernales,1.7,0,medio
2024-06-13,2024-06-13T19:00,Puno,Azangaro,Azangaro,210201,-14.9084,-70.1962,3859,28137,15194,54.0,True,papa,12.1,32,8.1,-4.0,0.0,95,9.1,6,19,heladas_invernales,1.7,0,medio
2024-06-13,2024-06-13T20:00,Puno,Azangaro,Azangaro,210201,-14.9084,-70.1962,3859,28137,15194,54.0,True,papa,10.0,40,5.8,-2.9,0.0,98,11.5,6,20,heladas_invernales,1.7,0,medio
2024-06-13,2024-06-13T21:00,Puno,Azangaro,Azangaro,210201,-14.9084,-70.1962,3859,28137,15194,54.0,True,papa,9.3,37,4.3,-4.7,0.0,6,15.0,6,21,heladas_invernales,1.7,0,medio
2024-06-13,2024-06-13T22:00,Puno,Azangaro,Azangaro,210201,-14.9084,-70.1962,3859,28137,15194,54.0,True,papa,7.9,36,3.0,-6.1,0.0,0,13.4,6,22,heladas_invernales,1.7,0,medio
2024-06-13,2024-06-13T23:00,Puno,Azangaro,Azangaro,210201,-14.9084,-70.1962,3859,28137,15194,54.0,True,papa,6.2,43,2.0,-5.5,0.0,6,9.0,6,23,heladas_invernales,1.7,0,medio
2024-06-14,2024-06-14T00:00,Puno,Azangaro,Azangaro,210201,-14.9084,-70.1962,3859,28137,15194,54.0,True,papa,6.2,44,2.8,-5.3,0.0,39,4.3,6,0,heladas_invernales,1.7,0,medio
2024-06-14,2024-06-14T01:00,Puno,Azangaro,Azangaro,210201,-14.9084,-70.1962,3859,28137,15194,54.0,True,papa,6.2,42,3.0,-5.8,0.0,51,2.1,6,1,heladas_invernales,1.7,0,medio
2024-06-14,2024-06-14T02:00,Puno,Azangaro,Azangaro,210201,-14.9084,-70.1962,3859,28137,15194,54.0,True,papa,5.5,45,2.4,-5.6,0.0,89,1.5,6,2,heladas_invernales,1.7,0,medio
2024-06-14,2024-06-14T03:00,Puno,Azangaro,Azangaro,210201,-14.9084,-70.1962,3859,28137,15194,54.0,True,papa,4.7,47,1.4,-5.6,0.0,89,3.1,6,3,heladas_invernales,1.7,0,medio
2024-06-14,2024-06-14T04:00,Puno,Azangaro,Azangaro,210201,-14.9084,-70.1962,3859,28137,15194,54.0,True,papa,2.6,56,-1.0,-5.3,0.0,87,5.4,6,4,heladas_invernales,1.7,0,medio
2024-06-14,2024-06-14T05:00,Puno,Azangaro,Azangaro,210201,-14.9084,-70.1962,3859,28137,15194,54.0,True,papa,1.8,58,-1.8,-5.6,0.0,83,5.2,6,5,heladas_invernales,1.7,0,medio
2024-06-14,2024-06-14T06:00,Puno,Azangaro,Azangaro,210201,-14.9084,-70.1962,3859,28137,15194,54.0,True,papa,1.7,56,-1.8,-6.0,0.0,56,4.5,6,6,heladas_invernales,1.7,0,medio
2024-06-14,2024-06-14T07:00,Puno,Azangaro,Azangaro,210201,-14.9084,-70.1962,3859,28137,15194,54.0,True,papa,2.2,55,-1.4,-6.0,0.0,5,4.7,6,7,heladas_invernales,1.7,0,medio
2024-06-14,2024-06-14T08:00,Puno,Azangaro,Azangaro,210201,-14.9084,-70.1962,3859,28137,15194,54.0,True,papa,5.8,44,2.4,-5.5,0.0,17,4.0,6,8,heladas_invernales,1.7,0,medio
2024-06-14,2024-06-14T09:00,Puno,Azangaro,Azangaro,210201,-14.9084,-70.1962,3859,28137,15194,54.0,True,papa,8.7,35,5.2,-6.0,0.0,0,4.4,6,9,heladas_invernales,1.7,0,medio
2024-06-14,2024-06-14T10:00,Puno,Azangaro,Azangaro,210201,-14.9084,-70.1962,3859,28137,15194,54.0,True,papa,10.8,29,8.5,-6.4,0.0,0,2.4,6,10,heladas_invernales,1.7,0,medio
2024-06-14,2024-06-14T11:00,Puno,Azangaro,Azangaro,210201,-14.9084,-70.1962,3859,28137,15194,54.0,True,papa,12.7,26,11.0,-6.5,0.0,0,3.4,6,11,heladas_invernales,1.7,0,medio
2024-06-14,2024-06-14T12:00,Puno,Azangaro,Azangaro,210201,-14.9084,-70.1962,3859,28137,15194,54.0,True,papa,14.3,21,12.5,-7.6,0.0,0,5.4,6,12,heladas_invernales,1.7,0,medio
2024-06-14,2024-06-14T13:00,Puno,Azangaro,Azangaro,210201,-14.9084,-70.1962,3859,28137,15194,54.0,True,papa,15.3,17,12.8,-9.9,0.0,0,7.1,6,13,heladas_invernales,1.7,0,medio
2024-06-14,2024-06-14T14:00,Puno,Azangaro,Azangaro,210201,-14.9084,-70.1962,3859,28137,15194,54.0,True,papa,16.0,13,12.5,-12.4,0.0,0,8.7,6,14,heladas_invernales,1.7,0,medio
2024-06-14,2024-06-14T15:00,Puno,Azangaro,Azangaro,210201,-14.9084,-70.1962,3859,28137,15194,54.0,True,papa,16.1,14,11.7,-11.8,0.0,0,8.9,6,15,heladas_invernales,1.7,0,medio
2024-06-14,2024-06-14T16:00,Puno,Azangaro,Azangaro,210201,-14.9084,-70.1962,3859,28137,15194,54.0,True,papa,15.9,17,11.2,-9.4,0.0,0,10.3,6,16,heladas_invernales,1.7,0,medio
2024-06-14,2024-06-14T17:00,Puno,Azangaro,Azangaro,210201,-14.9084,-70.1962,3859,28137,15194,54.0,True,papa,14.8,20,10.4,-8.1,0.0,0,8.9,6,17,heladas_invernales,1.7,0,medio
2024-06-14,2024-06-14T18:00,Puno,Azangaro,Azangaro,210201,-14.9084,-70.1962,3859,28137,15194,54.0,True,papa,12.3,35,9.0,-2.9,0.0,0,5.3,6,18,heladas_invernales,1.7,0,medio
2024-06-14,2024-06-14T19:00,Puno,Azangaro,Azangaro,210201,-14.9084,-70.1962,3859,28137,15194,54.0,True,papa,10.9,38,7.8,-3.0,0.0,0,3.6,6,19,heladas_invernales,1.7,0,medio
2024-06-14,2024-06-14T20:00,Puno,Azangaro,Azangaro,210201,-14.9084,-70.1962,3859,28137,15194,54.0,True,papa,8.9,37,5.0,-5.0,0.0,0,7.6,6,20,heladas_invernales,1.7,0,medio
2024-06-14,2024-06-14T21:00,Puno,Azangaro,Azangaro,210201,-14.9084,-70.1962,3859,28137,15194,54.0,True,papa,7.5,43,3.7,-4.3,0.0,0,7.8,6,21,heladas_invernales,1.7,0,medio
2024-06-14,2024-06-14T22:00,Puno,Azangaro,Azangaro,210201,-14.9084,-70.1962,3859,28137,15194,54.0,True,papa,6.7,47,2.7,-3.7,0.0,0,9.6,6,22,heladas_invernales,1.7,0,medio
2024-06-14,2024-06-14T23:00,Puno,Azangaro,Azangaro,210201,-14.9084,-70.1962,3859,28137,15194,54.0,True,papa,5.6,53,1.7,-3.3,0.0,0,9.0,6,23,heladas_invernales,1.7,0,medio
2024-06-01,2024-06-01T00:00,Puno,Carabaya,Macusani,210301,-14.0697,-70.4311,4315,12240,4651,38.0,True,papa,3.5,68,0.6,-1.9,0.0,4,3.4,6,0,heladas_invernales,-0.4,1,alto
2024-06-01,2024-06-01T01:00,Puno,Carabaya,Macusani,210301,-14.0697,-70.4311,4315,12240,4651,38.0,True,papa,2.6,66,-0.9,-3.1,0.0,1,6.9,6,1,heladas_invernales,-0.4,1,alto
2024-06-01,2024-06-01T02:00,Puno,Carabaya,Macusani,210301,-14.0697,-70.4311,4315,12240,4651,38.0,True,papa,2.5,64,-1.3,-3.6,0.0,0,7.9,6,2,heladas_invernales,-0.4,1,alto
2024-06-01,2024-06-01T03:00,Puno,Carabaya,Macusani,210301,-14.0697,-70.4311,4315,12240,4651,38.0,True,papa,3.3,59,-0.4,-3.9,0.0,0,7.5,6,3,heladas_invernales,-0.4,1,alto
2024-06-01,2024-06-01T04:00,Puno,Carabaya,Macusani,210301,-14.0697,-70.4311,4315,12240,4651,38.0,True,papa,2.9,59,-0.8,-4.2,0.0,0,6.9,6,4,heladas_invernales,-0.4,1,alto
2024-06-01,2024-06-01T05:00,Puno,Carabaya,Macusani,210301,-14.0697,-70.4311,4315,12240,4651,38.0,True,papa,1.5,62,-2.5,-5.0,0.0,0,8.0,6,5,heladas_invernales,-0.4,1,alto
2024-06-01,2024-06-01T06:00,Puno,Carabaya,Macusani,210301,-14.0697,-70.4311,4315,12240,4651,38.0,True,papa,-0.4,66,-4.5,-6.0,0.0,0,8.7,6,6,heladas_invernales,-0.4,1,alto
2024-06-01,2024-06-01T07:00,Puno,Carabaya,Macusani,210301,-14.0697,-70.4311,4315,12240,4651,38.0,True,papa,2.1,59,-1.6,-5.1,0.0,0,6.6,6,7,heladas_invernales,-0.4,1,alto
2024-06-01,2024-06-01T08:00,Puno,Carabaya,Macusani,210301,-14.0697,-70.4311,4315,12240,4651,38.0,True,papa,6.3,48,2.8,-3.9,0.0,0,5.7,6,8,heladas_invernales,-0.4,1,alto
2024-06-01,2024-06-01T09:00,Puno,Carabaya,Macusani,210301,-14.0697,-70.4311,4315,12240,4651,38.0,True,papa,8.4,40,5.0,-4.4,0.0,0,5.4,6,9,heladas_invernales,-0.4,1,alto
2024-06-01,2024-06-01T10:00,Puno,Carabaya,Macusani,210301,-14.0697,-70.4311,4315,12240,4651,38.0,True,papa,10.0,35,7.8,-4.9,0.0,0,4.8,6,10,heladas_invernales,-0.4,1,alto
2024-06-01,2024-06-01T11:00,Puno,Carabaya,Macusani,210301,-14.0697,-70.4311,4315,12240,4651,38.0,True,papa,11.3,34,10.2,-4.2,0.0,0,3.3,6,11,heladas_invernales,-0.4,1,alto
2024-06-01,2024-06-01T12:00,Puno,Carabaya,Macusani,210301,-14.0697,-70.4311,4315,12240,4651,38.0,True,papa,12.3,32,11.3,-3.9,0.0,0,5.2,6,12,heladas_invernales,-0.4,1,alto
2024-06-01,2024-06-01T13:00,Puno,Carabaya,Macusani,210301,-14.0697,-70.4311,4315,12240,4651,38.0,True,papa,13.2,30,11.6,-3.9,0.0,0,7.0,6,13,heladas_invernales,-0.4,1,alto
2024-06-01,2024-06-01T14:00,Puno,Carabaya,Macusani,210301,-14.0697,-70.4311,4315,12240,4651,38.0,True,papa,13.7,28,11.4,-4.6,0.0,0,7.1,6,14,heladas_invernales,-0.4,1,alto
2024-06-01,2024-06-01T15:00,Puno,Carabaya,Macusani,210301,-14.0697,-70.4311,4315,12240,4651,38.0,True,papa,13.2,27,10.2,-5.7,0.0,1,4.3,6,15,heladas_invernales,-0.4,1,alto
2024-06-01,2024-06-01T16:00,Puno,Carabaya,Macusani,210301,-14.0697,-70.4311,4315,12240,4651,38.0,True,papa,11.8,33,8.3,-4.2,0.0,1,5.4,6,16,heladas_invernales,-0.4,1,alto
2024-06-01,2024-06-01T17:00,Puno,Carabaya,Macusani,210301,-14.0697,-70.4311,4315,12240,4651,38.0,True,papa,8.4,61,5.4,1.3,0.0,7,7.7,6,17,heladas_invernales,-0.4,1,alto
2024-06-01,2024-06-01T18:00,Puno,Carabaya,Macusani,210301,-14.0697,-70.4311,4315,12240,4651,38.0,True,papa,4.6,81,1.8,1.7,0.0,9,6.5,6,18,heladas_invernales,-0.4,1,alto
2024-06-01,2024-06-01T19:00,Puno,Carabaya,Macusani,210301,-14.0697,-70.4311,4315,12240,4651,38.0,True,papa,5.0,77,2.4,1.3,0.0,2,5.2,6,19,heladas_invernales,-0.4,1,alto
2024-06-01,2024-06-01T20:00,Puno,Carabaya,Macusani,210301,-14.0697,-70.4311,4315,12240,4651,38.0,True,papa,4.3,78,1.8,0.9,0.0,5,3.9,6,20,heladas_invernales,-0.4,1,alto
2024-06-01,2024-06-01T21:00,Puno,Carabaya,Macusani,210301,-14.0697,-70.4311,4315,12240,4651,38.0,True,papa,3.5,82,0.9,0.8,0.0,4,3.7,6,21,heladas_invernales,-0.4,1,alto
2024-06-01,2024-06-01T22:00,Puno,Carabaya,Macusani,210301,-14.0697,-70.4311,4315,12240,4651,38.0,True,papa,2.9,82,0.2,0.2,0.0,2,4.4,6,22,heladas_invernales,-0.4,1,alto
2024-06-01,2024-06-01T23:00,Puno,Carabaya,Macusani,210301,-14.0697,-70.4311,4315,12240,4651,38.0,True,papa,3.2,72,0.2,-1.4,0.0,1,4.6,6,23,heladas_invernales,-0.4,1,alto
2024-06-02,2024-06-02T00:00,Puno,Carabaya,Macusani,210301,-14.0697,-70.4311,4315,12240,4651,38.0,True,papa,3.5,64,0.5,-2.6,0.0,1,3.7,6,0,heladas_invernales,2.3,0,medio
2024-06-02,2024-06-02T01:00,Puno,Carabaya,Macusani,210301,-14.0697,-70.4311,4315,12240,4651,38.0,True,papa,3.5,62,0.5,-3.2,0.0,0,3.1,6,1,heladas_invernales,2.3,0,medio
2024-06-02,2024-06-02T02:00,Puno,Carabaya,Macusani,210301,-14.0697,-70.4311,4315,12240,4651,38.0,True,papa,3.3,61,0.5,-3.6,0.0,0,1.5,6,2,heladas_invernales,2.3,0,medio
2024-06-02,2024-06-02T03:00,Puno,Carabaya,Macusani,210301,-14.0697,-70.4311,4315,12240,4651,38.0,True,papa,3.2,59,0.4,-4.2,0.0,0,0.8,6,3,heladas_invernales,2.3,0,medio
2024-06-02,2024-06-02T04:00,Puno,Carabaya,Macusani,210301,-14.0697,-70.4311,4315,12240,4651,38.0,True,papa,2.9,57,-0.2,-4.7,0.0,0,2.9,6,4,heladas_invernales,2.3,0,medio
2024-06-02,2024-06-02T05:00,Puno,Carabaya,Macusani,210301,-14.0697,-70.4311,4315,12240,4651,38.0,True,papa,2.6,56,-0.8,-5.2,0.0,0,4.1,6,5,heladas_invernales,2.3,0,medio
2024-06-02,2024-06-02T06:00,Puno,Carabaya,Macusani,210301,-14.0697,-70.4311,4315,12240,4651,38.0,True,papa,2.3,55,-1.3,-5.9,0.0,0,4.8,6,6,heladas_invernales,2.3,0,medio
2024-06-02,2024-06-02T07:00,Puno,Carabaya,Macusani,210301,-14.0697,-70.4311,4315,12240,4651,38.0,True,papa,2.5,56,-1.2,-5.5,0.0,0,5.5,6,7,heladas_invernales,2.3,0,medio
2024-06-02,2024-06-02T08:00,Puno,Carabaya,Macusani,210301,-14.0697,-70.4311,4315,12240,4651,38.0,True,papa,6.9,39,3.1,-6.2,0.0,0,5.8,6,8,heladas_invernales,2.3,0,medio
2024-06-02,2024-06-02T09:00,Puno,Carabaya,Macusani,210301,-14.0697,-70.4311,4315,12240,4651,38.0,True,papa,8.7,35,4.9,-6.0,0.0,0,7.2,6,9,heladas_invernales,2.3,0,medio
2024-06-02,2024-06-02T10:00,Puno,Carabaya,Macusani,210301,-14.0697,-70.4311,4315,12240,4651,38.0,True,papa,10.2,32,7.4,-5.8,0.0,23,7.3,6,10,heladas_invernales,2.3,0,medio
2024-06-02,2024-06-02T11:00,Puno,Carabaya,Macusani,210301,-14.0697,-70.4311,4315,12240,4651,38.0,True,papa,11.4,32,9.7,-4.8,0.0,13,6.2,6,11,heladas_invernales,2.3,0,medio
2024-06-02,2024-06-02T12:00,Puno,Carabaya,Macusani,210301,-14.0697,-70.4311,4315,12240,4651,38.0,True,papa,12.5,32,11.3,-3.8,0.0,24,5.8,6,12,heladas_invernales,2.3,0,medio
2024-06-02,2024-06-02T13:00,Puno,Carabaya,Macusani,210301,-14.0697,-70.4311,4315,12240,4651,38.0,True,papa,13.2,31,11.9,-3.4,0.0,1,5.6,6,13,heladas_invernales,2.3,0,medio
2024-06-02,2024-06-02T14:00,Puno,Carabaya,Macusani,210301,-14.0697,-70.4311,4315,12240,4651,38.0,True,papa,13.4,31,11.8,-3.6,0.0,29,4.2,6,14,heladas_invernales,2.3,0,medio
2024-06-02,2024-06-02T15:00,Puno,Carabaya,Macusani,210301,-14.0697,-70.4311,4315,12240,4651,38.0,True,papa,13.0,29,10.4,-4.4,0.0,65,1.5,6,15,heladas_invernales,2.3,0,medio
2024-06-02,2024-06-02T16:00,Puno,Carabaya,Macusani,210301,-14.0697,-70.4311,4315,12240,4651,38.0,True,papa,11.4,38,8.1,-2.5,0.0,41,5.8,6,16,heladas_invernales,2.3,0,medio
2024-06-02,2024-06-02T17:00,Puno,Carabaya,Macusani,210301,-14.0697,-70.4311,4315,12240,4651,38.0,True,papa,8.4,68,5.9,2.8,0.0,32,6.1,6,17,heladas_invernales,2.3,0,medio
2024-06-02,2024-06-02T18:00,Puno,Carabaya,Macusani,210301,-14.0697,-70.4311,4315,12240,4651,38.0,True,papa,5.1,87,2.6,3.1,0.0,24,6.6,6,18,heladas_invernales,2.3,0,medio
2024-06-02,2024-06-02T19:00,Puno,Carabaya,Macusani,210301,-14.0697,-70.4311,4315,12240,4651,38.0,True,papa,4.8,86,2.3,2.7,0.0,11,6.2,6,19,heladas_invernales,2.3,0,medio
2024-06-02,2024-06-02T20:00,Puno,Carabaya,Macusani,210301,-14.0697,-70.4311,4315,12240,4651,38.0,True,papa,4.5,92,2.5,3.3,0.0,1,3.1,6,20,heladas_invernales,2.3,0,medio
2024-06-02,2024-06-02T21:00,Puno,Carabaya,Macusani,210301,-14.0697,-70.4311,4315,12240,4651,38.0,True,papa,3.9,96,1.8,3.2,0.0,0,3.3,6,21,heladas_invernales,2.3,0,medio
2024-06-02,2024-06-02T22:00,Puno,Carabaya,Macusani,210301,-14.0697,-70.4311,4315,12240,4651,38.0,True,papa,3.7,91,1.1,2.4,0.0,0,6.1,6,22,heladas_invernales,2.3,0,medio
2024-06-02,2024-06-02T23:00,Puno,Carabaya,Macusani,210301,-14.0697,-70.4311,4315,12240,4651,38.0,True,papa,3.8,82,0.9,1.0,0.0,0,6.0,6,23,heladas_invernales,2.3,0,medio
2024-06-03,2024-06-03T00:00,Puno,Carabaya,Macusani,210301,-14.0697,-70.4311,4315,12240,4651,38.0,True,papa,3.5,77,0.7,-0.1,0.0,0,4.7,6,0,heladas_invernales,-0.8,1,alto
2024-06-03,2024-06-03T01:00,Puno,Carabaya,Macusani,210301,-14.0697,-70.4311,4315,12240,4651,38.0,True,papa,2.4,77,-0.4,-1.2,0.0,0,3.9,6,1,heladas_invernales,-0.8,1,alto
2024-06-03,2024-06-03T02:00,Puno,Carabaya,Macusani,210301,-14.0697,-70.4311,4315,12240,4651,38.0,True,papa,2.2,74,-0.7,-2.0,0.0,0,3.1,6,2,heladas_invernales,-0.8,1,alto
2024-06-03,2024-06-03T03:00,Puno,Carabaya,Macusani,210301,-14.0697,-70.4311,4315,12240,4651,38.0,True,papa,1.8,72,-1.1,-2.7,0.0,0,2.3,6,3,heladas_invernales,-0.8,1,alto
2024-06-03,2024-06-03T04:00,Puno,Carabaya,Macusani,210301,-14.0697,-70.4311,4315,12240,4651,38.0,True,papa,1.5,72,-1.7,-3.0,0.0,0,4.5,6,4,heladas_invernales,-0.8,1,alto
2024-06-03,2024-06-03T05:00,Puno,Carabaya,Macusani,210301,-14.0697,-70.4311,4315,12240,4651,38.0,True,papa,0.8,75,-2.7,-3.2,0.0,0,6.0,6,5,heladas_invernales,-0.8,1,alto
2024-06-03,2024-06-03T06:00,Puno,Carabaya,Macusani,210301,-14.0697,-70.4311,4315,12240,4651,38.0,True,papa,-0.0,76,-3.5,-3.7,0.0,0,5.6,6,6,heladas_invernales,-0.8,1,alto
2024-06-03,2024-06-03T07:00,Puno,Carabaya,Macusani,210301,-14.0697,-70.4311,4315,12240,4651,38.0,True,papa,2.5,70,-0.6,-2.4,0.0,0,4.3,6,7,heladas_invernales,-0.8,1,alto
2024-06-03,2024-06-03T08:00,Puno,Carabaya,Macusani,210301,-14.0697,-70.4311,4315,12240,4651,38.0,True,papa,6.1,58,3.2,-1.6,0.0,0,3.9,6,8,heladas_invernales,-0.8,1,alto
2024-06-03,2024-06-03T09:00,Puno,Carabaya,Macusani,210301,-14.0697,-70.4311,4315,12240,4651,38.0,True,papa,8.3,41,4.5,-4.1,0.0,0,7.7,6,9,heladas_invernales,-0.8,1,alto
2024-06-03,2024-06-03T10:00,Puno,Carabaya,Macusani,210301,-14.0697,-70.4311,4315,12240,4651,38.0,True,papa,9.8,32,6.0,-6.2,0.0,0,13.4,6,10,heladas_invernales,-0.8,1,alto
2024-06-03,2024-06-03T11:00,Puno,Carabaya,Macusani,210301,-14.0697,-70.4311,4315,12240,4651,38.0,True,papa,10.5,30,7.3,-6.4,0.0,0,13.5,6,11,heladas_invernales,-0.8,1,alto
2024-06-03,2024-06-03T12:00,Puno,Carabaya,Macusani,210301,-14.0697,-70.4311,4315,12240,4651,38.0,True,papa,11.0,32,8.2,-5.1,0.0,10,13.4,6,12,heladas_invernales,-0.8,1,alto
2024-06-03,2024-06-03T13:00,Puno,Carabaya,Macusani,210301,-14.0697,-70.4311,4315,12240,4651,38.0,True,papa,11.0,34,7.9,-4.3,0.0,5,14.3,6,13,heladas_invernales,-0.8,1,alto
2024-06-03,2024-06-03T14:00,Puno,Carabaya,Macusani,210301,-14.0697,-70.4311,4315,12240,4651,38.0,True,papa,11.0,30,7.2,-5.8,0.0,3,14.6,6,14,heladas_invernales,-0.8,1,alto
2024-06-03,2024-06-03T15:00,Puno,Carabaya,Macusani,210301,-14.0697,-70.4311,4315,12240,4651,38.0,True,papa,10.4,30,5.9,-6.5,0.0,12,13.3,6,15,heladas_invernales,-0.8,1,alto
2024-06-03,2024-06-03T16:00,Puno,Carabaya,Macusani,210301,-14.0697,-70.4311,4315,12240,4651,38.0,True,papa,9.1,36,4.5,-5.3,0.0,6,12.1,6,16,heladas_invernales,-0.8,1,alto
2024-06-03,2024-06-03T17:00,Puno,Carabaya,Macusani,210301,-14.0697,-70.4311,4315,12240,4651,38.0,True,papa,6.4,52,2.9,-2.6,0.0,17,7.1,6,17,heladas_invernales,-0.8,1,alto
2024-06-03,2024-06-03T18:00,Puno,Carabaya,Macusani,210301,-14.0697,-70.4311,4315,12240,4651,38.0,True,papa,1.9,76,-1.9,-1.8,0.0,16,9.3,6,18,heladas_invernales,-0.8,1,alto
2024-06-03,2024-06-03T19:00,Puno,Carabaya,Macusani,210301,-14.0697,-70.4311,4315,12240,4651,38.0,True,papa,3.8,68,0.6,-1.6,0.0,2,5.8,6,19,heladas_invernales,-0.8,1,alto
2024-06-03,2024-06-03T20:00,Puno,Carabaya,Macusani,210301,-14.0697,-70.4311,4315,12240,4651,38.0,True,papa,3.3,71,0.1,-1.5,0.0,0,5.7,6,20,heladas_invernales,-0.8,1,alto
2024-06-03,2024-06-03T21:00,Puno,Carabaya,Macusani,210301,-14.0697,-70.4311,4315,12240,4651,38.0,True,papa,2.6,70,-0.3,-2.4,0.0,0,2.9,6,21,heladas_invernales,-0.8,1,alto
2024-06-03,2024-06-03T22:00,Puno,Carabaya,Macusani,210301,-14.0697,-70.4311,4315,12240,4651,38.0,True,papa,1.7,59,-1.6,-5.4,0.0,0,3.4,6,22,heladas_invernales,-0.8,1,alto
2024-06-03,2024-06-03T23:00,Puno,Carabaya,Macusani,210301,-14.0697,-70.4311,4315,12240,4651,38.0,True,papa,-0.8,52,-5.1,-9.5,0.0,0,7.8,6,23,heladas_invernales,-0.8,1,alto
2024-06-04,2024-06-04T00:00,Puno,Carabaya,Macusani,210301,-14.0697,-70.4311,4315,12240,4651,38.0,True,papa,-2.0,48,-6.9,-11.7,0.0,0,10.1,6,0,heladas_invernales,-2.0,2,alto
2024-06-04,2024-06-04T01:00,Puno,Carabaya,Macusani,210301,-14.0697,-70.4311,4315,12240,4651,38.0,True,papa,-0.7,44,-5.3,-11.6,0.0,5,8.5,6,1,heladas_invernales,-2.0,2,alto
2024-06-04,2024-06-04T02:00,Puno,Carabaya,Macusani,210301,-14.0697,-70.4311,4315,12240,4651,38.0,True,papa,1.0,41,-3.0,-10.7,0.0,12,5.2,6,2,heladas_invernales,-2.0,2,alto
2024-06-04,2024-06-04T03:00,Puno,Carabaya,Macusani,210301,-14.0697,-70.4311,4315,12240,4651,38.0,True,papa,1.0,45,-2.7,-9.8,0.0,13,3.2,6,3,heladas_invernales,-2.0,2,alto
2024-06-04,2024-06-04T04:00,Puno,Carabaya,Macusani,210301,-14.0697,-70.4311,4315,12240,4651,38.0,True,papa,1.2,45,-2.2,-9.5,0.0,13,1.6,6,4,heladas_invernales,-2.0,2,alto
2024-06-04,2024-06-04T05:00,Puno,Carabaya,Macusani,210301,-14.0697,-70.4311,4315,12240,4651,38.0,True,papa,1.4,41,-2.2,-10.4,0.0,9,1.9,6,5,heladas_invernales,-2.0,2,alto
2024-06-04,2024-06-04T06:00,Puno,Carabaya,Macusani,210301,-14.0697,-70.4311,4315,12240,4651,38.0,True,papa,1.1,41,-2.8,-10.9,0.0,8,3.7,6,6,heladas_invernales,-2.0,2,alto
2024-06-04,2024-06-04T07:00,Puno,Carabaya,Macusani,210301,-14.0697,-70.4311,4315,12240,4651,38.0,True,papa,1.6,40,-2.3,-10.4,0.0,7,4.5,6,7,heladas_invernales,-2.0,2,alto
2024-06-04,2024-06-04T08:00,Puno,Carabaya,Macusani,210301,-14.0697,-70.4311,4315,12240,4651,38.0,True,papa,5.7,24,1.6,-13.1,0.0,4,4.3,6,8,heladas_invernales,-2.0,2,alto
2024-06-04,2024-06-04T09:00,Puno,Carabaya,Macusani,210301,-14.0697,-70.4311,4315,12240,4651,38.0,True,papa,8.0,31,3.8,-8.1,0.0,1,8.5,6,9,heladas_invernales,-2.0,2,alto
2024-06-04,2024-06-04T10:00,Puno,Carabaya,Macusani,210301,-14.0697,-70.4311,4315,12240,4651,38.0,True,papa,9.7,31,6.2,-6.5,0.0,0,11.7,6,10,heladas_invernales,-2.0,2,alto
2024-06-04,2024-06-04T11:00,Puno,Carabaya,Macusani,210301,-14.0697,-70.4311,4315,12240,4651,38.0,True,papa,11.3,27,8.4,-7.0,0.0,0,11.4,6,11,heladas_invernales,-2.0,2,alto
2024-06-04,2024-06-04T12:00,Puno,Carabaya,Macusani,210301,-14.0697,-70.4311,4315,12240,4651,38.0,True,papa,12.4,24,10.2,-7.7,0.0,0,9.3,6,12,heladas_invernales,-2.0,2,alto
2024-06-04,2024-06-04T13:00,Puno,Carabaya,Macusani,210301,-14.0697,-70.4311,4315,12240,4651,38.0,True,papa,13.2,23,11.1,-7.7,0.0,10,7.3,6,13,heladas_invernales,-2.0,2,alto
2024-06-04,2024-06-04T14:00,Puno,Carabaya,Macusani,210301,-14.0697,-70.4311,4315,12240,4651,38.0,True,papa,13.3,22,10.9,-8.0,0.0,26,5.6,6,14,heladas_invernales,-2.0,2,alto
2024-06-04,2024-06-04T15:00,Puno,Carabaya,Macusani,210301,-14.0697,-70.4311,4315,12240,4651,38.0,True,papa,13.1,21,9.5,-9.0,0.0,23,4.9,6,15,heladas_invernales,-2.0,2,alto
2024-06-04,2024-06-04T16:00,Puno,Carabaya,Macusani,210301,-14.0697,-70.4311,4315,12240,4651,38.0,True,papa,12.3,19,8.5,-10.6,0.0,1,3.4,6,16,heladas_invernales,-2.0,2,alto
2024-06-04,2024-06-04T17:00,Puno,Carabaya,Macusani,210301,-14.0697,-70.4311,4315,12240,4651,38.0,True,papa,10.5,27,6.8,-7.7,0.0,1,4.1,6,17,heladas_invernales,-2.0,2,alto
2024-06-04,2024-06-04T18:00,Puno,Carabaya,Macusani,210301,-14.0697,-70.4311,4315,12240,4651,38.0,True,papa,7.9,57,5.0,-0.0,0.0,0,5.2,6,18,heladas_invernales,-2.0,2,alto
2024-06-04,2024-06-04T19:00,Puno,Carabaya,Macusani,210301,-14.0697,-70.4311,4315,12240,4651,38.0,True,papa,6.6,71,4.1,1.7,0.0,0,4.7,6,19,heladas_invernales,-2.0,2,alto
2024-06-04,2024-06-04T20:00,Puno,Carabaya,Macusani,210301,-14.0697,-70.4311,4315,12240,4651,38.0,True,papa,4.9,70,2.5,-0.1,0.0,0,1.8,6,20,heladas_invernales,-2.0,2,alto
2024-06-04,2024-06-04T21:00,Puno,Carabaya,Macusani,210301,-14.0697,-70.4311,4315,12240,4651,38.0,True,papa,4.1,78,1.6,0.5,0.0,0,3.3,6,21,heladas_invernales,-2.0,2,alto
2024-06-04,2024-06-04T22:00,Puno,Carabaya,Macusani,210301,-14.0697,-70.4311,4315,12240,4651,38.0,True,papa,2.5,69,-1.1,-2.6,0.0,0,7.9,6,22,heladas_invernales,-2.0,2,alto
2024-06-04,2024-06-04T23:00,Puno,Carabaya,Macusani,210301,-14.0697,-70.4311,4315,12240,4651,38.0,True,papa,1.6,57,-2.5,-5.9,0.0,0,8.2,6,23,heladas_invernales,-2.0,2,alto
2024-06-05,2024-06-05T00:00,Puno,Carabaya,Macusani,210301,-14.0697,-70.4311,4315,12240,4651,38.0,True,papa,1.4,50,-2.8,-7.8,0.0,0,7.7,6,0,heladas_invernales,-0.6,2,alto
2024-06-05,2024-06-05T01:00,Puno,Carabaya,Macusani,210301,-14.0697,-70.4311,4315,12240,4651,38.0,True,papa,0.9,50,-3.4,-8.3,0.0,0,8.1,6,1,heladas_invernales,-0.6,2,alto
2024-06-05,2024-06-05T02:00,Puno,Carabaya,Macusani,210301,-14.0697,-70.4311,4315,12240,4651,38.0,True,papa,-0.1,54,-4.4,-8.4,0.0,0,8.2,6,2,heladas_invernales,-0.6,2,alto
2024-06-05,2024-06-05T03:00,Puno,Carabaya,Macusani,210301,-14.0697,-70.4311,4315,12240,4651,38.0,True,papa,-0.6,55,-5.0,-8.4,0.0,0,8.9,6,3,heladas_invernales,-0.6,2,alto
2024-06-05,2024-06-05T04:00,Puno,Carabaya,Macusani,210301,-14.0697,-70.4311,4315,12240,4651,38.0,True,papa,0.7,48,-3.6,-9.1,0.0,0,8.0,6,4,heladas_invernales,-0.6,2,alto
2024-06-05,2024-06-05T05:00,Puno,Carabaya,Macusani,210301,-14.0697,-70.4311,4315,12240,4651,38.0,True,papa,0.5,48,-3.6,-9.2,0.0,0,6.5,6,5,heladas_invernales,-0.6,2,alto
2024-06-05,2024-06-05T06:00,Puno,Carabaya,Macusani,210301,-14.0697,-70.4311,4315,12240,4651,38.0,True,papa,0.7,48,-3.3,-8.9,0.0,0,5.6,6,6,heladas_invernales,-0.6,2,alto
2024-06-05,2024-06-05T07:00,Puno,Carabaya,Macusani,210301,-14.0697,-70.4311,4315,12240,4651,38.0,True,papa,1.9,44,-1.8,-9.0,0.0,0,3.6,6,7,heladas_invernales,-0.6,2,alto
2024-06-05,2024-06-05T08:00,Puno,Carabaya,Macusani,210301,-14.0697,-70.4311,4315,12240,4651,38.0,True,papa,6.8,40,3.4,-5.8,0.0,0,3.3,6,8,heladas_invernales,-0.6,2,alto
2024-06-05,2024-06-05T09:00,Puno,Carabaya,Macusani,210301,-14.0697,-70.4311,4315,12240,4651,38.0,True,papa,9.2,35,5.9,-5.7,0.0,0,3.3,6,9,heladas_invernales,-0.6,2,alto
2024-06-05,2024-06-05T10:00,Puno,Carabaya,Macusani,210301,-14.0697,-70.4311,4315,12240,4651,38.0,True,papa,10.8,25,8.5,-8.3,0.0,0,3.6,6,10,heladas_invernales,-0.6,2,alto
2024-06-05,2024-06-05T11:00,Puno,Carabaya,Macusani,210301,-14.0697,-70.4311,4315,12240,4651,38.0,True,papa,11.9,23,10.2,-8.5,0.0,0,4.2,6,11,heladas_invernales,-0.6,2,alto
2024-06-05,2024-06-05T12:00,Puno,Carabaya,Macusani,210301,-14.0697,-70.4311,4315,12240,4651,38.0,True,papa,12.7,25,11.1,-6.9,0.0,0,5.9,6,12,heladas_invernales,-0.6,2,alto
2024-06-05,2024-06-05T13:00,Puno,Carabaya,Macusani,210301,-14.0697,-70.4311,4315,12240,4651,38.0,True,papa,13.1,27,11.2,-5.5,0.0,1,7.4,6,13,heladas_invernales,-0.6,2,alto
2024-06-05,2024-06-05T14:00,Puno,Carabaya,Macusani,210301,-14.0697,-70.4311,4315,12240,4651,38.0,True,papa,13.1,27,10.3,-5.3,0.0,41,8.7,6,14,heladas_invernales,-0.6,2,alto
2024-06-05,2024-06-05T15:00,Puno,Carabaya,Macusani,210301,-14.0697,-70.4311,4315,12240,4651,38.0,True,papa,12.4,28,8.4,-5.4,0.0,57,8.7,6,15,heladas_invernales,-0.6,2,alto
2024-06-05,2024-06-05T16:00,Puno,Carabaya,Macusani,210301,-14.0697,-70.4311,4315,12240,4651,38.0,True,papa,11.3,33,7.3,-4.6,0.0,10,8.4,6,16,heladas_invernales,-0.6,2,alto
2024-06-05,2024-06-05T17:00,Puno,Carabaya,Macusani,210301,-14.0697,-70.4311,4315,12240,4651,38.0,True,papa,7.9,61,5.1,0.9,0.0,0,5.5,6,17,heladas_invernales,-0.6,2,alto
2024-06-05,2024-06-05T18:00,Puno,Carabaya,Macusani,210301,-14.0697,-70.4311,4315,12240,4651,38.0,True,papa,3.8,88,0.8,2.0,0.0,1,8.5,6,18,heladas_invernales,-0.6,2,alto
2024-06-05,2024-06-05T19:00,Puno,Carabaya,Macusani,210301,-14.0697,-70.4311,4315,12240,4651,38.0,True,papa,4.7,87,2.4,2.7,0.0,1,4.7,6,19,heladas_invernales,-0.6,2,alto
2024-06-05,2024-06-05T20:00,Puno,Carabaya,Macusani,210301,-14.0697,-70.4311,4315,12240,4651,38.0,True,papa,4.2,78,1.7,0.7,0.0,1,3.6,6,20,heladas_invernales,-0.6,2,alto
2024-06-05,2024-06-05T21:00,Puno,Carabaya,Macusani,210301,-14.0697,-70.4311,4315,12240,4651,38.0,True,papa,3.6,80,1.4,0.5,0.0,1,1.6,6,21,heladas_invernales,-0.6,2,alto
2024-06-05,2024-06-05T22:00,Puno,Carabaya,Macusani,210301,-14.0697,-70.4311,4315,12240,4651,38.0,True,papa,3.3,78,0.5,-0.2,0.0,36,4.5,6,22,heladas_invernales,-0.6,2,alto
2024-06-05,2024-06-05T23:00,Puno,Carabaya,Macusani,210301,-14.0697,-70.4311,4315,12240,4651,38.0,True,papa,2.8,75,-0.2,-1.2,0.0,84,4.3,6,23,heladas_invernales,-0.6,2,alto
2024-06-06,2024-06-06T00:00,Puno,Carabaya,Macusani,210301,-14.0697,-70.4311,4315,12240,4651,38.0,True,papa,0.7,77,-2.7,-2.9,0.0,85,6.0,6,0,heladas_invernales,-1.7,4,alto
2024-06-06,2024-06-06T01:00,Puno,Carabaya,Macusani,210301,-14.0697,-70.4311,4315,12240,4651,38.0,True,papa,0.1,76,-3.6,-3.7,0.0,84,6.9,6,1,heladas_invernales,-1.7,4,alto
2024-06-06,2024-06-06T02:00,Puno,Carabaya,Macusani,210301,-14.0697,-70.4311,4315,12240,4651,38.0,True,papa,-1.1,79,-5.0,-4.2,0.0,46,8.4,6,2,heladas_invernales,-1.7,4,alto
2024-06-06,2024-06-06T03:00,Puno,Carabaya,Macusani,210301,-14.0697,-70.4311,4315,12240,4651,38.0,True,papa,-1.7,81,-5.8,-4.5,0.0,3,9.2,6,3,heladas_invernales,-1.7,4,alto
2024-06-06,2024-06-06T04:00,Puno,Carabaya,Macusani,210301,-14.0697,-70.4311,4315,12240,4651,38.0,True,papa,-0.7,78,-4.4,-4.0,0.0,0,7.1,6,4,heladas_invernales,-1.7,4,alto
2024-06-06,2024-06-06T05:00,Puno,Carabaya,Macusani,210301,-14.0697,-70.4311,4315,12240,4651,38.0,True,papa,-0.2,75,-3.6,-4.1,0.0,0,5.1,6,5,heladas_invernales,-1.7,4,alto
2024-06-06,2024-06-06T06:00,Puno,Carabaya,Macusani,210301,-14.0697,-70.4311,4315,12240,4651,38.0,True,papa,0.4,66,-2.9,-5.2,0.0,0,3.8,6,6,heladas_invernales,-1.7,4,alto
2024-06-06,2024-06-06T07:00,Puno,Carabaya,Macusani,210301,-14.0697,-70.4311,4315,12240,4651,38.0,True,papa,1.0,58,-2.2,-6.5,0.0,0,1.8,6,7,heladas_invernales,-1.7,4,alto
2024-06-06,2024-06-06T08:00,Puno,Carabaya,Macusani,210301,-14.0697,-70.4311,4315,12240,4651,38.0,True,papa,6.3,28,2.6,-10.7,0.0,0,2.5,6,8,heladas_invernales,-1.7,4,alto
2024-06-06,2024-06-06T09:00,Puno,Carabaya,Macusani,210301,-14.0697,-70.4311,4315,12240,4651,38.0,True,papa,8.6,25,5.1,-10.5,0.0,0,2.6,6,9,heladas_invernales,-1.7,4,alto
2024-06-06,2024-06-06T10:00,Puno,Carabaya,Macusani,210301,-14.0697,-70.4311,4315,12240,4651,38.0,True,papa,10.7,15,7.5,-14.6,0.0,19,6.1,6,10,heladas_invernales,-1.7,4,alto
2024-06-06,2024-06-06T11:00,Puno,Carabaya,Macusani,210301,-14.0697,-70.4311,4315,12240,4651,38.0,True,papa,12.1,13,8.7,-15.2,0.0,55,11.3,6,11,heladas_invernales,-1.7,4,alto
2024-06-06,2024-06-06T12:00,Puno,Carabaya,Macusani,210301,-14.0697,-70.4311,4315,12240,4651,38.0,True,papa,12.8,15,8.9,-13.6,0.0,49,16.1,6,12,heladas_invernales,-1.7,4,alto
2024-06-06,2024-06-06T13:00,Puno,Carabaya,Macusani,210301,-14.0697,-70.4311,4315,12240,4651,38.0,True,papa,12.8,19,8.9,-10.2,0.0,0,16.7,6,13,heladas_invernales,-1.7,4,alto
2024-06-06,2024-06-06T14:00,Puno,Carabaya,Macusani,210301,-14.0697,-70.4311,4315,12240,4651,38.0,True,papa,12.7,24,9.0,-7.4,0.0,0,13.7,6,14,heladas_invernales,-1.7,4,alto
2024-06-06,2024-06-06T15:00,Puno,Carabaya,Macusani,210301,-14.0697,-70.4311,4315,12240,4651,38.0,True,papa,12.5,20,7.7,-9.9,0.0,0,13.5,6,15,heladas_invernales,-1.7,4,alto
2024-06-06,2024-06-06T16:00,Puno,Carabaya,Macusani,210301,-14.0697,-70.4311,4315,12240,4651,38.0,True,papa,11.3,19,6.2,-11.4,0.0,0,12.1,6,16,heladas_invernales,-1.7,4,alto
2024-06-06,2024-06-06T17:00,Puno,Carabaya,Macusani,210301,-14.0697,-70.4311,4315,12240,4651,38.0,True,papa,7.1,44,3.2,-4.3,0.0,0,8.2,6,17,heladas_invernales,-1.7,4,alto
2024-06-06,2024-06-06T18:00,Puno,Carabaya,Macusani,210301,-14.0697,-70.4311,4315,12240,4651,38.0,True,papa,4.3,43,0.3,-7.3,0.0,0,7.1,6,18,heladas_invernales,-1.7,4,alto
2024-06-06,2024-06-06T19:00,Puno,Carabaya,Macusani,210301,-14.0697,-70.4311,4315,12240,4651,38.0,True,papa,2.7,45,-1.4,-8.0,0.0,0,6.8,6,19,heladas_invernales,-1.7,4,alto
2024-06-06,2024-06-06T20:00,Puno,Carabaya,Macusani,210301,-14.0697,-70.4311,4315,12240,4651,38.0,True,papa,3.3,62,0.0,-3.3,0.0,0,4.8,6,20,heladas_invernales,-1.7,4,alto
2024-06-06,2024-06-06T21:00,Puno,Carabaya,Macusani,210301,-14.0697,-70.4311,4315,12240,4651,38.0,True,papa,2.2,54,-0.8,-6.0,0.0,0,1.1,6,21,heladas_invernales,-1.7,4,alto
2024-06-06,2024-06-06T22:00,Puno,Carabaya,Macusani,210301,-14.0697,-70.4311,4315,12240,4651,38.0,True,papa,1.8,42,-1.6,-9.7,0.0,0,1.1,6,22,heladas_invernales,-1.7,4,alto
2024-06-06,2024-06-06T23:00,Puno,Carabaya,Macusani,210301,-14.0697,-70.4311,4315,12240,4651,38.0,True,papa,1.6,32,-2.0,-13.2,0.0,0,0.8,6,23,heladas_invernales,-1.7,4,alto
2024-06-07,2024-06-07T00:00,Puno,Carabaya,Macusani,210301,-14.0697,-70.4311,4315,12240,4651,38.0,True,papa,1.3,25,-2.6,-16.8,0.0,0,1.1,6,0,heladas_invernales,0.2,0,medio
2024-06-07,2024-06-07T01:00,Puno,Carabaya,Macusani,210301,-14.0697,-70.4311,4315,12240,4651,38.0,True,papa,0.9,23,-3.2,-17.7,0.0,0,2.9,6,1,heladas_invernales,0.2,0,medio
2024-06-07,2024-06-07T02:00,Puno,Carabaya,Macusani,210301,-14.0697,-70.4311,4315,12240,4651,38.0,True,papa,0.6,23,-3.6,-17.9,0.0,0,3.4,6,2,heladas_invernales,0.2,0,medio
2024-06-07,2024-06-07T03:00,Puno,Carabaya,Macusani,210301,-14.0697,-70.4311,4315,12240,4651,38.0,True,papa,0.3,24,-4.1,-18.0,0.0,0,4.5,6,3,heladas_invernales,0.2,0,medio
2024-06-07,2024-06-07T04:00,Puno,Carabaya,Macusani,210301,-14.0697,-70.4311,4315,12240,4651,38.0,True,papa,0.2,23,-4.1,-18.5,0.0,0,4.1,6,4,heladas_invernales,0.2,0,medio
2024-06-07,2024-06-07T05:00,Puno,Carabaya,Macusani,210301,-14.0697,-70.4311,4315,12240,4651,38.0,True,papa,0.3,22,-4.0,-19.2,0.0,0,3.6,6,5,heladas_invernales,0.2,0,medio
2024-06-07,2024-06-07T06:00,Puno,Carabaya,Macusani,210301,-14.0697,-70.4311,4315,12240,4651,38.0,True,papa,0.2,21,-3.9,-19.4,0.0,0,2.2,6,6,heladas_invernales,0.2,0,medio
2024-06-07,2024-06-07T07:00,Puno,Carabaya,Macusani,210301,-14.0697,-70.4311,4315,12240,4651,38.0,True,papa,0.7,22,-3.1,-18.6,0.0,0,0.8,6,7,heladas_invernales,0.2,0,medio
2024-06-07,2024-06-07T08:00,Puno,Carabaya,Macusani,210301,-14.0697,-70.4311,4315,12240,4651,38.0,True,papa,6.1,13,2.2,-20.0,0.0,0,1.1,6,8,heladas_invernales,0.2,0,medio
2024-06-07,2024-06-07T09:00,Puno,Carabaya,Macusani,210301,-14.0697,-70.4311,4315,12240,4651,38.0,True,papa,9.2,11,5.2,-20.0,0.0,0,2.7,6,9,heladas_invernales,0.2,0,medio
2024-06-07,2024-06-07T10:00,Puno,Carabaya,Macusani,210301,-14.0697,-70.4311,4315,12240,4651,38.0,True,papa,11.3,9,6.6,-20.1,0.0,0,13.7,6,10,heladas_invernales,0.2,0,medio
2024-06-07,2024-06-07T11:00,Puno,Carabaya,Macusani,210301,-14.0697,-70.4311,4315,12240,4651,38.0,True,papa,11.7,13,6.8,-16.2,0.0,0,19.9,6,11,heladas_invernales,0.2,0,medio
2024-06-07,2024-06-07T12:00,Puno,Carabaya,Macusani,210301,-14.0697,-70.4311,4315,12240,4651,38.0,True,papa,11.9,17,7.9,-12.3,0.0,0,17.4,6,12,heladas_invernales,0.2,0,medio
2024-06-07,2024-06-07T13:00,Puno,Carabaya,Macusani,210301,-14.0697,-70.4311,4315,12240,4651,38.0,True,papa,12.4,16,8.0,-12.9,0.0,0,18.2,6,13,heladas_invernales,0.2,0,medio
2024-06-07,2024-06-07T14:00,Puno,Carabaya,Macusani,210301,-14.0697,-70.4311,4315,12240,4651,38.0,True,papa,11.9,15,6.8,-14.0,0.0,0,18.9,6,14,heladas_invernales,0.2,0,medio
2024-06-07,2024-06-07T15:00,Puno,Carabaya,Macusani,210301,-14.0697,-70.4311,4315,12240,4651,38.0,True,papa,11.0,16,5.3,-13.9,0.0,0,17.9,6,15,heladas_invernales,0.2,0,medio
2024-06-07,2024-06-07T16:00,Puno,Carabaya,Macusani,210301,-14.0697,-70.4311,4315,12240,4651,38.0,True,papa,9.7,19,4.0,-12.7,0.0,32,15.4,6,16,heladas_invernales,0.2,0,medio
2024-06-07,2024-06-07T17:00,Puno,Carabaya,Macusani,210301,-14.0697,-70.4311,4315,12240,4651,38.0,True,papa,6.0,38,2.0,-7.2,0.0,72,6.8,6,17,heladas_invernales,0.2,0,medio
2024-06-07,2024-06-07T18:00,Puno,Carabaya,Macusani,210301,-14.0697,-70.4311,4315,12240,4651,38.0,True,papa,2.4,46,-1.9,-8.1,0.0,55,8.8,6,18,heladas_invernales,0.2,0,medio
2024-06-07,2024-06-07T19:00,Puno,Carabaya,Macusani,210301,-14.0697,-70.4311,4315,12240,4651,38.0,True,papa,1.4,51,-2.8,-7.8,0.0,6,7.4,6,19,heladas_invernales,0.2,0,medio
2024-06-07,2024-06-07T20:00,Puno,Carabaya,Macusani,210301,-14.0697,-70.4311,4315,12240,4651,38.0,True,papa,2.4,45,-1.3,-8.4,0.0,0,4.2,6,20,heladas_invernales,0.2,0,medio
2024-06-07,2024-06-07T21:00,Puno,Carabaya,Macusani,210301,-14.0697,-70.4311,4315,12240,4651,38.0,True,papa,1.4,48,-1.8,-8.4,0.0,0,1.1,6,21,heladas_invernales,0.2,0,medio
2024-06-07,2024-06-07T22:00,Puno,Carabaya,Macusani,210301,-14.0697,-70.4311,4315,12240,4651,38.0,True,papa,1.3,46,-2.2,-9.1,0.0,0,2.2,6,22,heladas_invernales,0.2,0,medio
2024-06-07,2024-06-07T23:00,Puno,Carabaya,Macusani,210301,-14.0697,-70.4311,4315,12240,4651,38.0,True,papa,1.7,41,-2.0,-10.1,0.0,0,2.7,6,23,heladas_invernales,0.2,0,medio
2024-06-08,2024-06-08T00:00,Puno,Carabaya,Macusani,210301,-14.0697,-70.4311,4315,12240,4651,38.0,True,papa,1.6,39,-2.2,-10.7,0.0,0,3.8,6,0,heladas_invernales,-0.4,2,alto
2024-06-08,2024-06-08T01:00,Puno,Carabaya,Macusani,210301,-14.0697,-70.4311,4315,12240,4651,38.0,True,papa,1.3,39,-2.6,-11.1,0.0,0,3.4,6,1,heladas_invernales,-0.4,2,alto
2024-06-08,2024-06-08T02:00,Puno,Carabaya,Macusani,210301,-14.0697,-70.4311,4315,12240,4651,38.0,True,papa,0.7,40,-3.2,-11.5,0.0,0,3.2,6,2,heladas_invernales,-0.4,2,alto
2024-06-08,2024-06-08T03:00,Puno,Carabaya,Macusani,210301,-14.0697,-70.4311,4315,12240,4651,38.0,True,papa,0.3,38,-3.4,-12.3,0.0,0,1.6,6,3,heladas_invernales,-0.4,2,alto
2024-06-08,2024-06-08T04:00,Puno,Carabaya,Macusani,210301,-14.0697,-70.4311,4315,12240,4651,38.0,True,papa,-0.0,36,-3.7,-13.4,0.0,0,1.3,6,4,heladas_invernales,-0.4,2,alto
2024-06-08,2024-06-08T05:00,Puno,Carabaya,Macusani,210301,-14.0697,-70.4311,4315,12240,4651,38.0,True,papa,-0.2,34,-4.1,-14.3,0.0,0,2.3,6,5,heladas_invernales,-0.4,2,alto
2024-06-08,2024-06-08T06:00,Puno,Carabaya,Macusani,210301,-14.0697,-70.4311,4315,12240,4651,38.0,True,papa,-0.4,33,-4.3,-14.9,0.0,0,2.1,6,6,heladas_invernales,-0.4,2,alto
2024-06-08,2024-06-08T07:00,Puno,Carabaya,Macusani,210301,-14.0697,-70.4311,4315,12240,4651,38.0,True,papa,0.3,30,-3.5,-15.2,0.0,0,1.6,6,7,heladas_invernales,-0.4,2,alto
2024-06-08,2024-06-08T08:00,Puno,Carabaya,Macusani,210301,-14.0697,-70.4311,4315,12240,4651,38.0,True,papa,5.7,15,1.6,-19.3,0.0,0,1.8,6,8,heladas_invernales,-0.4,2,alto
2024-06-08,2024-06-08T09:00,Puno,Carabaya,Macusani,210301,-14.0697,-70.4311,4315,12240,4651,38.0,True,papa,8.4,9,4.2,-22.8,0.0,0,3.2,6,9,heladas_invernales,-0.4,2,alto
2024-06-08,2024-06-08T10:00,Puno,Carabaya,Macusani,210301,-14.0697,-70.4311,4315,12240,4651,38.0,True,papa,10.0,11,6.1,-19.0,0.0,0,8.8,6,10,heladas_invernales,-0.4,2,alto
2024-06-08,2024-06-08T11:00,Puno,Carabaya,Macusani,210301,-14.0697,-70.4311,4315,12240,4651,38.0,True,papa,11.1,14,7.4,-15.8,0.0,0,13.2,6,11,heladas_invernales,-0.4,2,alto
2024-06-08,2024-06-08T12:00,Puno,Carabaya,Macusani,210301,-14.0697,-70.4311,4315,12240,4651,38.0,True,papa,11.6,16,7.8,-13.8,0.0,0,15.8,6,12,heladas_invernales,-0.4,2,alto
2024-06-08,2024-06-08T13:00,Puno,Carabaya,Macusani,210301,-14.0697,-70.4311,4315,12240,4651,38.0,True,papa,11.8,17,8.0,-12.3,0.0,76,14.9,6,13,heladas_invernales,-0.4,2,alto
2024-06-08,2024-06-08T14:00,Puno,Carabaya,Macusani,210301,-14.0697,-70.4311,4315,12240,4651,38.0,True,papa,11.6,22,7.6,-9.6,0.0,68,14.1,6,14,heladas_invernales,-0.4,2,alto
2024-06-08,2024-06-08T15:00,Puno,Carabaya,Macusani,210301,-14.0697,-70.4311,4315,12240,4651,38.0,True,papa,10.7,27,6.1,-7.4,0.0,91,13.7,6,15,heladas_invernales,-0.4,2,alto
2024-06-08,2024-06-08T16:00,Puno,Carabaya,Macusani,210301,-14.0697,-70.4311,4315,12240,4651,38.0,True,papa,9.4,31,4.6,-6.7,0.0,98,12.6,6,16,heladas_invernales,-0.4,2,alto
2024-06-08,2024-06-08T17:00,Puno,Carabaya,Macusani,210301,-14.0697,-70.4311,4315,12240,4651,38.0,True,papa,5.6,50,2.0,-4.0,0.0,100,6.9,6,17,heladas_invernales,-0.4,2,alto
2024-06-08,2024-06-08T18:00,Puno,Carabaya,Macusani,210301,-14.0697,-70.4311,4315,12240,4651,38.0,True,papa,1.1,67,-3.1,-4.3,0.0,99,9.8,6,18,heladas_invernales,-0.4,2,alto
2024-06-08,2024-06-08T19:00,Puno,Carabaya,Macusani,210301,-14.0697,-70.4311,4315,12240,4651,38.0,True,papa,3.2,60,-0.5,-3.8,0.0,91,7.0,6,19,heladas_invernales,-0.4,2,alto
2024-06-08,2024-06-08T20:00,Puno,Carabaya,Macusani,210301,-14.0697,-70.4311,4315,12240,4651,38.0,True,papa,3.0,52,-0.7,-5.9,0.0,0,5.5,6,20,heladas_invernales,-0.4,2,alto
2024-06-08,2024-06-08T21:00,Puno,Carabaya,Macusani,210301,-14.0697,-70.4311,4315,12240,4651,38.0,True,papa,2.6,54,-0.9,-5.8,0.0,1,4.1,6,21,heladas_invernales,-0.4,2,alto
2024-06-08,2024-06-08T22:00,Puno,Carabaya,Macusani,210301,-14.0697,-70.4311,4315,12240,4651,38.0,True,papa,2.4,53,-1.2,-6.3,0.0,19,4.2,6,22,heladas_invernales,-0.4,2,alto
2024-06-08,2024-06-08T23:00,Puno,Carabaya,Macusani,210301,-14.0697,-70.4311,4315,12240,4651,38.0,True,papa,2.8,46,-0.8,-7.7,0.0,16,3.3,6,23,heladas_invernales,-0.4,2,alto
2024-06-09,2024-06-09T00:00,Puno,Carabaya,Macusani,210301,-14.0697,-70.4311,4315,12240,4651,38.0,True,papa,2.6,42,-1.3,-9.1,0.0,0,4.7,6,0,heladas_invernales,0.3,0,medio
2024-06-09,2024-06-09T01:00,Puno,Carabaya,Macusani,210301,-14.0697,-70.4311,4315,12240,4651,38.0,True,papa,1.6,40,-2.5,-10.6,0.0,5,5.5,6,1,heladas_invernales,0.3,0,medio
2024-06-09,2024-06-09T02:00,Puno,Carabaya,Macusani,210301,-14.0697,-70.4311,4315,12240,4651,38.0,True,papa,1.4,37,-2.5,-11.6,0.0,70,3.2,6,2,heladas_invernales,0.3,0,medio
2024-06-09,2024-06-09T03:00,Puno,Carabaya,Macusani,210301,-14.0697,-70.4311,4315,12240,4651,38.0,True,papa,1.5,34,-2.2,-12.6,0.0,68,1.3,6,3,heladas_invernales,0.3,0,medio
2024-06-09,2024-06-09T04:00,Puno,Carabaya,Macusani,210301,-14.0697,-70.4311,4315,12240,4651,38.0,True,papa,1.3,33,-2.3,-13.1,0.0,88,1.1,6,4,heladas_invernales,0.3,0,medio
2024-06-09,2024-06-09T05:00,Puno,Carabaya,Macusani,210301,-14.0697,-70.4311,4315,12240,4651,38.0,True,papa,0.9,35,-2.9,-13.0,0.0,91,1.8,6,5,heladas_invernales,0.3,0,medio
2024-06-09,2024-06-09T06:00,Puno,Carabaya,Macusani,210301,-14.0697,-70.4311,4315,12240,4651,38.0,True,papa,0.3,37,-3.3,-12.7,0.0,98,1.5,6,6,heladas_invernales,0.3,0,medio
2024-06-09,2024-06-09T07:00,Puno,Carabaya,Macusani,210301,-14.0697,-70.4311,4315,12240,4651,38.0,True,papa,0.8,37,-3.0,-12.3,0.0,100,2.8,6,7,heladas_invernales,0.3,0,medio
2024-06-09,2024-06-09T08:00,Puno,Carabaya,Macusani,210301,-14.0697,-70.4311,4315,12240,4651,38.0,True,papa,5.6,27,1.7,-12.1,0.0,96,3.3,6,8,heladas_invernales,0.3,0,medio
2024-06-09,2024-06-09T09:00,Puno,Carabaya,Macusani,210301,-14.0697,-70.4311,4315,12240,4651,38.0,True,papa,7.9,25,4.2,-11.1,0.0,99,2.6,6,9,heladas_invernales,0.3,0,medio
2024-06-09,2024-06-09T10:00,Puno,Carabaya,Macusani,210301,-14.0697,-70.4311,4315,12240,4651,38.0,True,papa,8.9,26,6.5,-9.4,0.0,90,3.6,6,10,heladas_invernales,0.3,0,medio
2024-06-09,2024-06-09T11:00,Puno,Carabaya,Macusani,210301,-14.0697,-70.4311,4315,12240,4651,38.0,True,papa,10.6,22,7.9,-10.4,0.0,86,9.3,6,11,heladas_invernales,0.3,0,medio
2024-06-09,2024-06-09T12:00,Puno,Carabaya,Macusani,210301,-14.0697,-70.4311,4315,12240,4651,38.0,True,papa,11.4,21,7.8,-10.3,0.0,90,15.6,6,12,heladas_invernales,0.3,0,medio
2024-06-09,2024-06-09T13:00,Puno,Carabaya,Macusani,210301,-14.0697,-70.4311,4315,12240,4651,38.0,True,papa,11.3,21,7.1,-10.5,0.0,97,18.1,6,13,heladas_invernales,0.3,0,medio
2024-06-09,2024-06-09T14:00,Puno,Carabaya,Macusani,210301,-14.0697,-70.4311,4315,12240,4651,38.0,True,papa,10.8,22,6.4,-10.1,0.0,95,17.3,6,14,heladas_invernales,0.3,0,medio
2024-06-09,2024-06-09T15:00,Puno,Carabaya,Macusani,210301,-14.0697,-70.4311,4315,12240,4651,38.0,True,papa,10.0,20,5.0,-12.0,0.0,94,14.4,6,15,heladas_invernales,0.3,0,medio
2024-06-09,2024-06-09T16:00,Puno,Carabaya,Macusani,210301,-14.0697,-70.4311,4315,12240,4651,38.0,True,papa,9.2,20,4.1,-12.8,0.0,97,11.8,6,16,heladas_invernales,0.3,0,medio
2024-06-09,2024-06-09T17:00,Puno,Carabaya,Macusani,210301,-14.0697,-70.4311,4315,12240,4651,38.0,True,papa,6.4,28,2.0,-10.6,0.0,99,7.6,6,17,heladas_invernales,0.3,0,medio
2024-06-09,2024-06-09T18:00,Puno,Carabaya,Macusani,210301,-14.0697,-70.4311,4315,12240,4651,38.0,True,papa,2.0,43,-2.7,-9.4,0.0,95,10.3,6,18,heladas_invernales,0.3,0,medio
2024-06-09,2024-06-09T19:00,Puno,Carabaya,Macusani,210301,-14.0697,-70.4311,4315,12240,4651,38.0,True,papa,4.6,33,0.3,-10.5,0.0,99,6.5,6,19,heladas_invernales,0.3,0,medio
2024-06-09,2024-06-09T20:00,Puno,Carabaya,Macusani,210301,-14.0697,-70.4311,4315,12240,4651,38.0,True,papa,3.5,30,-0.8,-12.7,0.0,42,5.4,6,20,heladas_invernales,0.3,0,medio
2024-06-09,2024-06-09T21:00,Puno,Carabaya,Macusani,210301,-14.0697,-70.4311,4315,12240,4651,38.0,True,papa,2.3,34,-1.5,-11.9,0.0,51,2.9,6,21,heladas_invernales,0.3,0,medio
2024-06-09,2024-06-09T22:00,Puno,Carabaya,Macusani,210301,-14.0697,-70.4311,4315,12240,4651,38.0,True,papa,1.8,39,-1.7,-10.8,0.0,39,0.8,6,22,heladas_invernales,0.3,0,medio
2024-06-09,2024-06-09T23:00,Puno,Carabaya,Macusani,210301,-14.0697,-70.4311,4315,12240,4651,38.0,True,papa,1.7,42,-1.7,-9.8,0.0,66,1.1,6,23,heladas_invernales,0.3,0,medio
2024-06-10,2024-06-10T00:00,Puno,Carabaya,Macusani,210301,-14.0697,-70.4311,4315,12240,4651,38.0,True,papa,1.8,42,-1.8,-9.8,0.0,11,2.9,6,0,heladas_invernales,0.4,0,medio
2024-06-10,2024-06-10T01:00,Puno,Carabaya,Macusani,210301,-14.0697,-70.4311,4315,12240,4651,38.0,True,papa,1.1,43,-3.2,-10.3,0.0,0,6.9,6,1,heladas_invernales,0.4,0,medio
2024-06-10,2024-06-10T02:00,Puno,Carabaya,Macusani,210301,-14.0697,-70.4311,4315,12240,4651,38.0,True,papa,0.8,41,-3.7,-11.0,0.0,0,8.0,6,2,heladas_invernales,0.4,0,medio
2024-06-10,2024-06-10T03:00,Puno,Carabaya,Macusani,210301,-14.0697,-70.4311,4315,12240,4651,38.0,True,papa,2.3,35,-1.9,-11.8,0.0,0,5.6,6,3,heladas_invernales,0.4,0,medio
2024-06-10,2024-06-10T04:00,Puno,Carabaya,Macusani,210301,-14.0697,-70.4311,4315,12240,4651,38.0,True,papa,2.2,34,-1.9,-11.9,0.0,25,4.8,6,4,heladas_invernales,0.4,0,medio
2024-06-10,2024-06-10T05:00,Puno,Carabaya,Macusani,210301,-14.0697,-70.4311,4315,12240,4651,38.0,True,papa,1.8,35,-2.1,-11.9,0.0,36,3.3,6,5,heladas_invernales,0.4,0,medio
2024-06-10,2024-06-10T06:00,Puno,Carabaya,Macusani,210301,-14.0697,-70.4311,4315,12240,4651,38.0,True,papa,1.2,38,-2.5,-11.6,0.0,91,1.8,6,6,heladas_invernales,0.4,0,medio
2024-06-10,2024-06-10T07:00,Puno,Carabaya,Macusani,210301,-14.0697,-70.4311,4315,12240,4651,38.0,True,papa,1.1,40,-2.4,-11.1,0.0,86,1.1,6,7,heladas_invernales,0.4,0,medio
2024-06-10,2024-06-10T08:00,Puno,Carabaya,Macusani,210301,-14.0697,-70.4311,4315,12240,4651,38.0,True,papa,5.9,26,1.8,-12.2,0.0,95,4.7,6,8,heladas_invernales,0.4,0,medio
2024-06-10,2024-06-10T09:00,Puno,Carabaya,Macusani,210301,-14.0697,-70.4311,4315,12240,4651,38.0,True,papa,8.3,21,4.2,-12.6,0.0,78,4.2,6,9,heladas_invernales,0.4,0,medio
2024-06-10,2024-06-10T10:00,Puno,Carabaya,Macusani,210301,-14.0697,-70.4311,4315,12240,4651,38.0,True,papa,9.5,21,6.8,-11.5,0.0,62,3.7,6,10,heladas_invernales,0.4,0,medio
2024-06-10,2024-06-10T11:00,Puno,Carabaya,Macusani,210301,-14.0697,-70.4311,4315,12240,4651,38.0,True,papa,10.7,22,8.5,-10.3,0.0,92,5.9,6,11,heladas_invernales,0.4,0,medio
2024-06-10,2024-06-10T12:00,Puno,Carabaya,Macusani,210301,-14.0697,-70.4311,4315,12240,4651,38.0,True,papa,11.6,23,9.3,-8.9,0.0,57,8.7,6,12,heladas_invernales,0.4,0,medio
2024-06-10,2024-06-10T13:00,Puno,Carabaya,Macusani,210301,-14.0697,-70.4311,4315,12240,4651,38.0,True,papa,12.0,23,9.1,-8.4,0.0,92,11.5,6,13,heladas_invernales,0.4,0,medio
2024-06-10,2024-06-10T14:00,Puno,Carabaya,Macusani,210301,-14.0697,-70.4311,4315,12240,4651,38.0,True,papa,11.9,21,8.1,-9.9,0.0,48,12.6,6,14,heladas_invernales,0.4,0,medio
2024-06-10,2024-06-10T15:00,Puno,Carabaya,Macusani,210301,-14.0697,-70.4311,4315,12240,4651,38.0,True,papa,11.4,19,6.6,-11.4,0.0,1,12.2,6,15,heladas_invernales,0.4,0,medio
2024-06-10,2024-06-10T16:00,Puno,Carabaya,Macusani,210301,-14.0697,-70.4311,4315,12240,4651,38.0,True,papa,10.3,21,5.1,-11.0,0.0,1,12.6,6,16,heladas_invernales,0.4,0,medio
2024-06-10,2024-06-10T17:00,Puno,Carabaya,Macusani,210301,-14.0697,-70.4311,4315,12240,4651,38.0,True,papa,7.3,33,2.8,-7.8,0.0,4,9.4,6,17,heladas_invernales,0.4,0,medio
2024-06-10,2024-06-10T18:00,Puno,Carabaya,Macusani,210301,-14.0697,-70.4311,4315,12240,4651,38.0,True,papa,2.5,57,-1.5,-5.1,0.0,2,7.9,6,18,heladas_invernales,0.4,0,medio
2024-06-10,2024-06-10T19:00,Puno,Carabaya,Macusani,210301,-14.0697,-70.4311,4315,12240,4651,38.0,True,papa,4.3,54,1.3,-4.3,0.0,3,2.3,6,19,heladas_invernales,0.4,0,medio
2024-06-10,2024-06-10T20:00,Puno,Carabaya,Macusani,210301,-14.0697,-70.4311,4315,12240,4651,38.0,True,papa,3.8,60,0.8,-3.2,0.0,0,2.9,6,20,heladas_invernales,0.4,0,medio
2024-06-10,2024-06-10T21:00,Puno,Carabaya,Macusani,210301,-14.0697,-70.4311,4315,12240,4651,38.0,True,papa,1.3,72,-2.1,-3.2,0.0,62,6.0,6,21,heladas_invernales,0.4,0,medio
2024-06-10,2024-06-10T22:00,Puno,Carabaya,Macusani,210301,-14.0697,-70.4311,4315,12240,4651,38.0,True,papa,2.6,64,-0.7,-3.4,0.0,88,5.2,6,22,heladas_invernales,0.4,0,medio
2024-06-10,2024-06-10T23:00,Puno,Carabaya,Macusani,210301,-14.0697,-70.4311,4315,12240,4651,38.0,True,papa,0.4,67,-3.3,-5.0,0.0,92,5.8,6,23,heladas_invernales,0.4,0,medio
2024-06-11,2024-06-11T00:00,Puno,Carabaya,Macusani,210301,-14.0697,-70.4311,4315,12240,4651,38.0,True,papa,-0.4,66,-4.4,-5.9,0.0,95,7.4,6,0,heladas_invernales,-0.4,3,alto
2024-06-11,2024-06-11T01:00,Puno,Carabaya,Macusani,210301,-14.0697,-70.4311,4315,12240,4651,38.0,True,papa,-0.3,63,-4.3,-6.4,0.0,100,7.7,6,1,heladas_invernales,-0.4,3,alto
2024-06-11,2024-06-11T02:00,Puno,Carabaya,Macusani,210301,-14.0697,-70.4311,4315,12240,4651,38.0,True,papa,2.1,52,-1.6,-6.7,0.0,98,5.4,6,2,heladas_invernales,-0.4,3,alto
2024-06-11,2024-06-11T03:00,Puno,Carabaya,Macusani,210301,-14.0697,-70.4311,4315,12240,4651,38.0,True,papa,2.0,53,-1.7,-6.7,0.0,98,4.7,6,3,heladas_invernales,-0.4,3,alto
2024-06-11,2024-06-11T04:00,Puno,Carabaya,Macusani,210301,-14.0697,-70.4311,4315,12240,4651,38.0,True,papa,1.6,55,-2.0,-6.4,0.0,99,4.5,6,4,heladas_invernales,-0.4,3,alto
2024-06-11,2024-06-11T05:00,Puno,Carabaya,Macusani,210301,-14.0697,-70.4311,4315,12240,4651,38.0,True,papa,0.5,61,-3.2,-6.2,0.0,99,5.5,6,5,heladas_invernales,-0.4,3,alto
2024-06-11,2024-06-11T06:00,Puno,Carabaya,Macusani,210301,-14.0697,-70.4311,4315,12240,4651,38.0,True,papa,0.6,62,-2.8,-5.8,0.0,100,3.3,6,6,heladas_invernales,-0.4,3,alto
2024-06-11,2024-06-11T07:00,Puno,Carabaya,Macusani,210301,-14.0697,-70.4311,4315,12240,4651,38.0,True,papa,1.1,64,-1.8,-5.1,0.0,97,0.4,6,7,heladas_invernales,-0.4,3,alto
2024-06-11,2024-06-11T08:00,Puno,Carabaya,Macusani,210301,-14.0697,-70.4311,4315,12240,4651,38.0,True,papa,5.5,52,2.5,-3.6,0.0,98,2.9,6,8,heladas_invernales,-0.4,3,alto
2024-06-11,2024-06-11T09:00,Puno,Carabaya,Macusani,210301,-14.0697,-70.4311,4315,12240,4651,38.0,True,papa,7.7,40,4.2,-5.1,0.0,97,4.4,6,9,heladas_invernales,-0.4,3,alto
2024-06-11,2024-06-11T10:00,Puno,Carabaya,Macusani,210301,-14.0697,-70.4311,4315,12240,4651,38.0,True,papa,9.3,37,6.7,-4.8,0.0,97,6.1,6,10,heladas_invernales,-0.4,3,alto
2024-06-11,2024-06-11T11:00,Puno,Carabaya,Macusani,210301,-14.0697,-70.4311,4315,12240,4651,38.0,True,papa,10.7,35,8.7,-4.2,0.0,98,7.7,6,11,heladas_invernales,-0.4,3,alto
2024-06-11,2024-06-11T12:00,Puno,Carabaya,Macusani,210301,-14.0697,-70.4311,4315,12240,4651,38.0,True,papa,11.8,32,9.9,-4.3,0.0,100,8.4,6,12,heladas_invernales,-0.4,3,alto
2024-06-11,2024-06-11T13:00,Puno,Carabaya,Macusani,210301,-14.0697,-70.4311,4315,12240,4651,38.0,True,papa,12.5,29,9.9,-5.2,0.0,42,10.0,6,13,heladas_invernales,-0.4,3,alto
2024-06-11,2024-06-11T14:00,Puno,Carabaya,Macusani,210301,-14.0697,-70.4311,4315,12240,4651,38.0,True,papa,12.4,29,8.5,-5.3,0.0,41,11.8,6,14,heladas_invernales,-0.4,3,alto
2024-06-11,2024-06-11T15:00,Puno,Carabaya,Macusani,210301,-14.0697,-70.4311,4315,12240,4651,38.0,True,papa,11.7,42,7.5,-0.8,0.0,17,13.6,6,15,heladas_invernales,-0.4,3,alto
2024-06-11,2024-06-11T16:00,Puno,Carabaya,Macusani,210301,-14.0697,-70.4311,4315,12240,4651,38.0,True,papa,9.1,66,5.2,3.2,0.0,10,16.3,6,16,heladas_invernales,-0.4,3,alto
2024-06-11,2024-06-11T17:00,Puno,Carabaya,Macusani,210301,-14.0697,-70.4311,4315,12240,4651,38.0,True,papa,7.0,74,4.1,2.7,0.0,40,8.9,6,17,heladas_invernales,-0.4,3,alto
2024-06-11,2024-06-11T18:00,Puno,Carabaya,Macusani,210301,-14.0697,-70.4311,4315,12240,4651,38.0,True,papa,4.6,85,2.1,2.3,0.0,17,5.0,6,18,heladas_invernales,-0.4,3,alto
2024-06-11,2024-06-11T19:00,Puno,Carabaya,Macusani,210301,-14.0697,-70.4311,4315,12240,4651,38.0,True,papa,3.4,91,0.5,2.0,0.0,5,7.7,6,19,heladas_invernales,-0.4,3,alto
2024-06-11,2024-06-11T20:00,Puno,Carabaya,Macusani,210301,-14.0697,-70.4311,4315,12240,4651,38.0,True,papa,3.2,91,0.3,1.8,0.0,0,7.1,6,20,heladas_invernales,-0.4,3,alto
2024-06-11,2024-06-11T21:00,Puno,Carabaya,Macusani,210301,-14.0697,-70.4311,4315,12240,4651,38.0,True,papa,3.5,96,1.1,2.9,0.0,12,5.2,6,21,heladas_invernales,-0.4,3,alto
2024-06-11,2024-06-11T22:00,Puno,Carabaya,Macusani,210301,-14.0697,-70.4311,4315,12240,4651,38.0,True,papa,2.3,100,0.2,2.3,0.0,98,2.7,6,22,heladas_invernales,-0.4,3,alto
2024-06-11,2024-06-11T23:00,Puno,Carabaya,Macusani,210301,-14.0697,-70.4311,4315,12240,4651,38.0,True,papa,-0.4,98,-3.0,-0.7,0.0,100,2.3,6,23,heladas_invernales,-0.4,3,alto
2024-06-12,2024-06-12T00:00,Puno,Carabaya,Macusani,210301,-14.0697,-70.4311,4315,12240,4651,38.0,True,papa,0.1,100,-2.1,0.0,0.0,100,0.4,6,0,heladas_invernales,-0.6,1,alto
2024-06-12,2024-06-12T01:00,Puno,Carabaya,Macusani,210301,-14.0697,-70.4311,4315,12240,4651,38.0,True,papa,0.9,96,-1.1,0.4,0.0,99,0.0,6,1,heladas_invernales,-0.6,1,alto
2024-06-12,2024-06-12T02:00,Puno,Carabaya,Macusani,210301,-14.0697,-70.4311,4315,12240,4651,38.0,True,papa,0.5,99,-1.8,0.3,0.0,89,1.6,6,2,heladas_invernales,-0.6,1,alto
2024-06-12,2024-06-12T03:00,Puno,Carabaya,Macusani,210301,-14.0697,-70.4311,4315,12240,4651,38.0,True,papa,0.4,97,-2.1,0.0,0.0,92,2.9,6,3,heladas_invernales,-0.6,1,alto
2024-06-12,2024-06-12T04:00,Puno,Carabaya,Macusani,210301,-14.0697,-70.4311,4315,12240,4651,38.0,True,papa,0.6,92,-1.8,-0.5,0.0,86,1.5,6,4,heladas_invernales,-0.6,1,alto
2024-06-12,2024-06-12T05:00,Puno,Carabaya,Macusani,210301,-14.0697,-70.4311,4315,12240,4651,38.0,True,papa,-0.6,94,-3.5,-1.5,0.0,69,3.7,6,5,heladas_invernales,-0.6,1,alto
2024-06-12,2024-06-12T06:00,Puno,Carabaya,Macusani,210301,-14.0697,-70.4311,4315,12240,4651,38.0,True,papa,0.2,93,-2.4,-0.7,0.0,10,2.8,6,6,heladas_invernales,-0.6,1,alto
2024-06-12,2024-06-12T07:00,Puno,Carabaya,Macusani,210301,-14.0697,-70.4311,4315,12240,4651,38.0,True,papa,1.4,85,-1.0,-0.9,0.0,15,0.8,6,7,heladas_invernales,-0.6,1,alto
2024-06-12,2024-06-12T08:00,Puno,Carabaya,Macusani,210301,-14.0697,-70.4311,4315,12240,4651,38.0,True,papa,6.0,62,3.2,-0.8,0.0,9,3.4,6,8,heladas_invernales,-0.6,1,alto
2024-06-12,2024-06-12T09:00,Puno,Carabaya,Macusani,210301,-14.0697,-70.4311,4315,12240,4651,38.0,True,papa,8.1,46,5.1,-2.7,0.0,0,3.9,6,9,heladas_invernales,-0.6,1,alto
2024-06-12,2024-06-12T10:00,Puno,Carabaya,Macusani,210301,-14.0697,-70.4311,4315,12240,4651,38.0,True,papa,9.8,40,7.9,-3.2,0.0,23,2.5,6,10,heladas_invernales,-0.6,1,alto
2024-06-12,2024-06-12T11:00,Puno,Carabaya,Macusani,210301,-14.0697,-70.4311,4315,12240,4651,38.0,True,papa,11.4,36,10.6,-3.2,0.0,39,1.3,6,11,heladas_invernales,-0.6,1,alto
2024-06-12,2024-06-12T12:00,Puno,Carabaya,Macusani,210301,-14.0697,-70.4311,4315,12240,4651,38.0,True,papa,12.9,32,12.2,-3.4,0.0,75,2.6,6,12,heladas_invernales,-0.6,1,alto
2024-06-12,2024-06-12T13:00,Puno,Carabaya,Macusani,210301,-14.0697,-70.4311,4315,12240,4651,38.0,True,papa,14.0,29,12.6,-3.8,0.0,59,4.7,6,13,heladas_invernales,-0.6,1,alto
2024-06-12,2024-06-12T14:00,Puno,Carabaya,Macusani,210301,-14.0697,-70.4311,4315,12240,4651,38.0,True,papa,14.2,29,11.8,-3.7,0.0,83,6.9,6,14,heladas_invernales,-0.6,1,alto
2024-06-12,2024-06-12T15:00,Puno,Carabaya,Macusani,210301,-14.0697,-70.4311,4315,12240,4651,38.0,True,papa,12.9,41,9.0,0.1,0.1,96,12.7,6,15,heladas_invernales,-0.6,1,alto
2024-06-12,2024-06-12T16:00,Puno,Carabaya,Macusani,210301,-14.0697,-70.4311,4315,12240,4651,38.0,True,papa,9.2,70,5.5,4.0,0.5,98,15.5,6,16,heladas_invernales,-0.6,1,alto
2024-06-12,2024-06-12T17:00,Puno,Carabaya,Macusani,210301,-14.0697,-70.4311,4315,12240,4651,38.0,True,papa,7.9,76,5.9,3.9,0.1,36,3.3,6,17,heladas_invernales,-0.6,1,alto
2024-06-12,2024-06-12T18:00,Puno,Carabaya,Macusani,210301,-14.0697,-70.4311,4315,12240,4651,38.0,True,papa,6.0,88,3.7,4.2,0.0,37,6.0,6,18,heladas_invernales,-0.6,1,alto
2024-06-12,2024-06-12T19:00,Puno,Carabaya,Macusani,210301,-14.0697,-70.4311,4315,12240,4651,38.0,True,papa,4.2,93,1.4,3.1,0.0,24,8.4,6,19,heladas_invernales,-0.6,1,alto
2024-06-12,2024-06-12T20:00,Puno,Carabaya,Macusani,210301,-14.0697,-70.4311,4315,12240,4651,38.0,True,papa,5.5,85,3.0,3.1,0.0,10,5.8,6,20,heladas_invernales,-0.6,1,alto
2024-06-12,2024-06-12T21:00,Puno,Carabaya,Macusani,210301,-14.0697,-70.4311,4315,12240,4651,38.0,True,papa,4.7,89,2.2,3.1,0.0,14,5.9,6,21,heladas_invernales,-0.6,1,alto
2024-06-12,2024-06-12T22:00,Puno,Carabaya,Macusani,210301,-14.0697,-70.4311,4315,12240,4651,38.0,True,papa,4.2,90,1.7,2.7,0.0,4,5.8,6,22,heladas_invernales,-0.6,1,alto
2024-06-12,2024-06-12T23:00,Puno,Carabaya,Macusani,210301,-14.0697,-70.4311,4315,12240,4651,38.0,True,papa,3.8,89,1.3,2.2,0.0,0,5.0,6,23,heladas_invernales,-0.6,1,alto
2024-06-13,2024-06-13T00:00,Puno,Carabaya,Macusani,210301,-14.0697,-70.4311,4315,12240,4651,38.0,True,papa,3.4,90,0.9,1.9,0.0,7,4.2,6,0,heladas_invernales,0.5,0,medio
2024-06-13,2024-06-13T01:00,Puno,Carabaya,Macusani,210301,-14.0697,-70.4311,4315,12240,4651,38.0,True,papa,2.6,93,0.2,1.5,0.0,0,3.4,6,1,heladas_invernales,0.5,0,medio
2024-06-13,2024-06-13T02:00,Puno,Carabaya,Macusani,210301,-14.0697,-70.4311,4315,12240,4651,38.0,True,papa,2.4,92,0.1,1.3,0.0,5,2.8,6,2,heladas_invernales,0.5,0,medio
2024-06-13,2024-06-13T03:00,Puno,Carabaya,Macusani,210301,-14.0697,-70.4311,4315,12240,4651,38.0,True,papa,2.4,90,0.1,0.9,0.0,58,2.3,6,3,heladas_invernales,0.5,0,medio
2024-06-13,2024-06-13T04:00,Puno,Carabaya,Macusani,210301,-14.0697,-70.4311,4315,12240,4651,38.0,True,papa,0.5,92,-2.6,-0.6,0.0,40,6.6,6,4,heladas_invernales,0.5,0,medio
2024-06-13,2024-06-13T05:00,Puno,Carabaya,Macusani,210301,-14.0697,-70.4311,4315,12240,4651,38.0,True,papa,1.7,90,-1.5,0.3,0.0,75,7.4,6,5,heladas_invernales,0.5,0,medio
2024-06-13,2024-06-13T06:00,Puno,Carabaya,Macusani,210301,-14.0697,-70.4311,4315,12240,4651,38.0,True,papa,1.4,89,-1.7,-0.1,0.0,71,6.6,6,6,heladas_invernales,0.5,0,medio
2024-06-13,2024-06-13T07:00,Puno,Carabaya,Macusani,210301,-14.0697,-70.4311,4315,12240,4651,38.0,True,papa,2.5,82,-0.1,-0.2,0.0,8,3.1,6,7,heladas_invernales,0.5,0,medio
2024-06-13,2024-06-13T08:00,Puno,Carabaya,Macusani,210301,-14.0697,-70.4311,4315,12240,4651,38.0,True,papa,4.6,79,2.5,1.3,0.0,20,0.8,6,8,heladas_invernales,0.5,0,medio
2024-06-13,2024-06-13T09:00,Puno,Carabaya,Macusani,210301,-14.0697,-70.4311,4315,12240,4651,38.0,True,papa,7.9,62,5.6,1.1,0.0,99,2.2,6,9,heladas_invernales,0.5,0,medio
2024-06-13,2024-06-13T10:00,Puno,Carabaya,Macusani,210301,-14.0697,-70.4311,4315,12240,4651,38.0,True,papa,10.1,49,8.2,-0.1,0.0,96,5.4,6,10,heladas_invernales,0.5,0,medio
2024-06-13,2024-06-13T11:00,Puno,Carabaya,Macusani,210301,-14.0697,-70.4311,4315,12240,4651,38.0,True,papa,12.4,39,10.1,-1.1,0.0,99,10.4,6,11,heladas_invernales,0.5,0,medio
2024-06-13,2024-06-13T12:00,Puno,Carabaya,Macusani,210301,-14.0697,-70.4311,4315,12240,4651,38.0,True,papa,13.8,33,11.0,-2.1,0.0,65,12.4,6,12,heladas_invernales,0.5,0,medio
2024-06-13,2024-06-13T13:00,Puno,Carabaya,Macusani,210301,-14.0697,-70.4311,4315,12240,4651,38.0,True,papa,14.8,31,11.4,-2.4,0.0,92,15.8,6,13,heladas_invernales,0.5,0,medio
2024-06-13,2024-06-13T14:00,Puno,Carabaya,Macusani,210301,-14.0697,-70.4311,4315,12240,4651,38.0,True,papa,14.0,32,10.4,-2.4,0.3,98,8.5,6,14,heladas_invernales,0.5,0,medio
2024-06-13,2024-06-13T15:00,Puno,Carabaya,Macusani,210301,-14.0697,-70.4311,4315,12240,4651,38.0,True,papa,12.1,43,8.4,-0.0,0.0,99,11.1,6,15,heladas_invernales,0.5,0,medio
2024-06-13,2024-06-13T16:00,Puno,Carabaya,Macusani,210301,-14.0697,-70.4311,4315,12240,4651,38.0,True,papa,9.8,68,6.7,4.2,0.0,100,11.7,6,16,heladas_invernales,0.5,0,medio
2024-06-13,2024-06-13T17:00,Puno,Carabaya,Macusani,210301,-14.0697,-70.4311,4315,12240,4651,38.0,True,papa,7.6,80,4.1,4.3,0.0,74,14.6,6,17,heladas_invernales,0.5,0,medio
2024-06-13,2024-06-13T18:00,Puno,Carabaya,Macusani,210301,-14.0697,-70.4311,4315,12240,4651,38.0,True,papa,5.9,88,3.1,4.0,0.0,13,9.4,6,18,heladas_invernales,0.5,0,medio
2024-06-13,2024-06-13T19:00,Puno,Carabaya,Macusani,210301,-14.0697,-70.4311,4315,12240,4651,38.0,True,papa,3.2,97,0.6,2.7,0.0,2,6.3,6,19,heladas_invernales,0.5,0,medio
2024-06-13,2024-06-13T20:00,Puno,Carabaya,Macusani,210301,-14.0697,-70.4311,4315,12240,4651,38.0,True,papa,2.0,100,-0.2,2.0,0.0,94,2.9,6,20,heladas_invernales,0.5,0,medio
2024-06-13,2024-06-13T21:00,Puno,Carabaya,Macusani,210301,-14.0697,-70.4311,4315,12240,4651,38.0,True,papa,1.4,99,-0.7,1.3,0.0,98,1.1,6,21,heladas_invernales,0.5,0,medio
2024-06-13,2024-06-13T22:00,Puno,Carabaya,Macusani,210301,-14.0697,-70.4311,4315,12240,4651,38.0,True,papa,1.3,99,-1.4,1.1,0.0,93,5.6,6,22,heladas_invernales,0.5,0,medio
2024-06-13,2024-06-13T23:00,Puno,Carabaya,Macusani,210301,-14.0697,-70.4311,4315,12240,4651,38.0,True,papa,1.6,81,-1.8,-1.2,0.0,21,7.4,6,23,heladas_invernales,0.5,0,medio
2024-06-14,2024-06-14T00:00,Puno,Carabaya,Macusani,210301,-14.0697,-70.4311,4315,12240,4651,38.0,True,papa,1.7,68,-2.1,-3.5,0.0,54,8.4,6,0,heladas_invernales,0.2,0,medio
2024-06-14,2024-06-14T01:00,Puno,Carabaya,Macusani,210301,-14.0697,-70.4311,4315,12240,4651,38.0,True,papa,3.3,56,-0.5,-4.6,0.0,91,7.2,6,1,heladas_invernales,0.2,0,medio
2024-06-14,2024-06-14T02:00,Puno,Carabaya,Macusani,210301,-14.0697,-70.4311,4315,12240,4651,38.0,True,papa,2.0,58,-2.1,-5.5,0.0,88,8.3,6,2,heladas_invernales,0.2,0,medio
2024-06-14,2024-06-14T03:00,Puno,Carabaya,Macusani,210301,-14.0697,-70.4311,4315,12240,4651,38.0,True,papa,2.0,55,-2.1,-6.0,0.0,96,7.9,6,3,heladas_invernales,0.2,0,medio
2024-06-14,2024-06-14T04:00,Puno,Carabaya,Macusani,210301,-14.0697,-70.4311,4315,12240,4651,38.0,True,papa,3.3,49,-0.6,-6.4,0.0,50,6.6,6,4,heladas_invernales,0.2,0,medio
2024-06-14,2024-06-14T05:00,Puno,Carabaya,Macusani,210301,-14.0697,-70.4311,4315,12240,4651,38.0,True,papa,2.9,49,-0.8,-6.7,0.0,23,4.8,6,5,heladas_invernales,0.2,0,medio
2024-06-14,2024-06-14T06:00,Puno,Carabaya,Macusani,210301,-14.0697,-70.4311,4315,12240,4651,38.0,True,papa,2.5,50,-0.8,-6.8,0.0,11,1.8,6,6,heladas_invernales,0.2,0,medio
2024-06-14,2024-06-14T07:00,Puno,Carabaya,Macusani,210301,-14.0697,-70.4311,4315,12240,4651,38.0,True,papa,2.7,54,-0.5,-5.8,0.0,9,2.3,6,7,heladas_invernales,0.2,0,medio
2024-06-14,2024-06-14T08:00,Puno,Carabaya,Macusani,210301,-14.0697,-70.4311,4315,12240,4651,38.0,True,papa,6.3,45,3.0,-4.9,0.0,5,4.1,6,8,heladas_invernales,0.2,0,medio
2024-06-14,2024-06-14T09:00,Puno,Carabaya,Macusani,210301,-14.0697,-70.4311,4315,12240,4651,38.0,True,papa,9.0,39,5.5,-4.3,0.0,14,5.6,6,9,heladas_invernales,0.2,0,medio
2024-06-14,2024-06-14T10:00,Puno,Carabaya,Macusani,210301,-14.0697,-70.4311,4315,12240,4651,38.0,True,papa,10.9,34,8.5,-4.3,0.0,57,5.4,6,10,heladas_invernales,0.2,0,medio
2024-06-14,2024-06-14T11:00,Puno,Carabaya,Macusani,210301,-14.0697,-70.4311,4315,12240,4651,38.0,True,papa,12.4,31,10.6,-4.4,0.0,68,6.1,6,11,heladas_invernales,0.2,0,medio
2024-06-14,2024-06-14T12:00,Puno,Carabaya,Macusani,210301,-14.0697,-70.4311,4315,12240,4651,38.0,True,papa,13.5,29,11.5,-4.4,0.0,28,8.8,6,12,heladas_invernales,0.2,0,medio
2024-06-14,2024-06-14T13:00,Puno,Carabaya,Macusani,210301,-14.0697,-70.4311,4315,12240,4651,38.0,True,papa,14.4,27,12.0,-4.3,0.0,0,10.2,6,13,heladas_invernales,0.2,0,medio
2024-06-14,2024-06-14T14:00,Puno,Carabaya,Macusani,210301,-14.0697,-70.4311,4315,12240,4651,38.0,True,papa,14.6,27,11.9,-4.1,0.0,14,9.6,6,14,heladas_invernales,0.2,0,medio
2024-06-14,2024-06-14T15:00,Puno,Carabaya,Macusani,210301,-14.0697,-70.4311,4315,12240,4651,38.0,True,papa,13.6,29,10.1,-4.0,0.3,45,5.7,6,15,heladas_invernales,0.2,0,medio
2024-06-14,2024-06-14T16:00,Puno,Carabaya,Macusani,210301,-14.0697,-70.4311,4315,12240,4651,38.0,True,papa,12.1,32,8.7,-4.0,0.2,69,5.0,6,16,heladas_invernales,0.2,0,medio
2024-06-14,2024-06-14T17:00,Puno,Carabaya,Macusani,210301,-14.0697,-70.4311,4315,12240,4651,38.0,True,papa,9.4,63,6.6,2.7,0.0,23,7.4,6,17,heladas_invernales,0.2,0,medio
2024-06-14,2024-06-14T18:00,Puno,Carabaya,Macusani,210301,-14.0697,-70.4311,4315,12240,4651,38.0,True,papa,6.1,89,3.7,4.4,0.0,6,7.7,6,18,heladas_invernales,0.2,0,medio
2024-06-14,2024-06-14T19:00,Puno,Carabaya,Macusani,210301,-14.0697,-70.4311,4315,12240,4651,38.0,True,papa,3.4,98,0.8,3.1,0.0,9,7.2,6,19,heladas_invernales,0.2,0,medio
2024-06-14,2024-06-14T20:00,Puno,Carabaya,Macusani,210301,-14.0697,-70.4311,4315,12240,4651,38.0,True,papa,2.8,100,0.5,2.8,0.0,97,4.0,6,20,heladas_invernales,0.2,0,medio
2024-06-14,2024-06-14T21:00,Puno,Carabaya,Macusani,210301,-14.0697,-70.4311,4315,12240,4651,38.0,True,papa,1.0,99,-1.3,0.9,0.0,94,1.8,6,21,heladas_invernales,0.2,0,medio
2024-06-14,2024-06-14T22:00,Puno,Carabaya,Macusani,210301,-14.0697,-70.4311,4315,12240,4651,38.0,True,papa,0.6,95,-2.0,-0.2,0.0,74,2.9,6,22,heladas_invernales,0.2,0,medio
2024-06-14,2024-06-14T23:00,Puno,Carabaya,Macusani,210301,-14.0697,-70.4311,4315,12240,4651,38.0,True,papa,0.2,91,-2.2,-1.1,0.0,49,0.5,6,23,heladas_invernales,0.2,0,medio
2024-06-01,2024-06-01T00:00,Puno,Chucuito,Juli,210401,-16.2122,-69.4596,3869,22310,12717,57.0,True,papa,4.4,31,-0.9,-11.4,0.0,0,13.1,6,0,heladas_invernales,4.4,0,bajo
2024-06-01,2024-06-01T01:00,Puno,Chucuito,Juli,210401,-16.2122,-69.4596,3869,22310,12717,57.0,True,papa,4.6,27,-0.7,-12.6,0.0,0,12.3,6,1,heladas_invernales,4.4,0,bajo
2024-06-01,2024-06-01T02:00,Puno,Chucuito,Juli,210401,-16.2122,-69.4596,3869,22310,12717,57.0,True,papa,4.6,29,-0.5,-11.8,0.0,0,11.6,6,2,heladas_invernales,4.4,0,bajo
2024-06-01,2024-06-01T03:00,Puno,Chucuito,Juli,210401,-16.2122,-69.4596,3869,22310,12717,57.0,True,papa,5.4,36,0.7,-8.6,0.0,0,10.5,6,3,heladas_invernales,4.4,0,bajo
2024-06-01,2024-06-01T04:00,Puno,Chucuito,Juli,210401,-16.2122,-69.4596,3869,22310,12717,57.0,True,papa,5.6,50,1.5,-4.0,0.0,0,9.4,6,4,heladas_invernales,4.4,0,bajo
2024-06-01,2024-06-01T05:00,Puno,Chucuito,Juli,210401,-16.2122,-69.4596,3869,22310,12717,57.0,True,papa,7.9,53,4.7,-1.2,0.0,0,6.1,6,5,heladas_invernales,4.4,0,bajo
2024-06-01,2024-06-01T06:00,Puno,Chucuito,Juli,210401,-16.2122,-69.4596,3869,22310,12717,57.0,True,papa,7.6,57,4.6,-0.3,0.0,11,5.1,6,6,heladas_invernales,4.4,0,bajo
2024-06-01,2024-06-01T07:00,Puno,Chucuito,Juli,210401,-16.2122,-69.4596,3869,22310,12717,57.0,True,papa,5.7,77,3.1,2.0,0.0,41,5.2,6,7,heladas_invernales,4.4,0,bajo
2024-06-01,2024-06-01T08:00,Puno,Chucuito,Juli,210401,-16.2122,-69.4596,3869,22310,12717,57.0,True,papa,9.6,26,5.8,-9.0,0.0,0,4.3,6,8,heladas_invernales,4.4,0,bajo
2024-06-01,2024-06-01T09:00,Puno,Chucuito,Juli,210401,-16.2122,-69.4596,3869,22310,12717,57.0,True,papa,10.7,23,6.9,-9.8,0.0,0,3.8,6,9,heladas_invernales,4.4,0,bajo
2024-06-01,2024-06-01T10:00,Puno,Chucuito,Juli,210401,-16.2122,-69.4596,3869,22310,12717,57.0,True,papa,11.4,26,8.8,-7.2,0.0,0,4.9,6,10,heladas_invernales,4.4,0,bajo
2024-06-01,2024-06-01T11:00,Puno,Chucuito,Juli,210401,-16.2122,-69.4596,3869,22310,12717,57.0,True,papa,12.0,31,9.8,-4.6,0.0,0,7.8,6,11,heladas_invernales,4.4,0,bajo
2024-06-01,2024-06-01T12:00,Puno,Chucuito,Juli,210401,-16.2122,-69.4596,3869,22310,12717,57.0,True,papa,12.5,33,10.2,-3.2,0.0,0,10.6,6,12,heladas_invernales,4.4,0,bajo
2024-06-01,2024-06-01T13:00,Puno,Chucuito,Juli,210401,-16.2122,-69.4596,3869,22310,12717,57.0,True,papa,12.5,38,9.8,-1.3,0.0,0,13.5,6,13,heladas_invernales,4.4,0,bajo
2024-06-01,2024-06-01T14:00,Puno,Chucuito,Juli,210401,-16.2122,-69.4596,3869,22310,12717,57.0,True,papa,12.2,43,9.0,0.1,0.0,0,14.3,6,14,heladas_invernales,4.4,0,bajo
2024-06-01,2024-06-01T15:00,Puno,Chucuito,Juli,210401,-16.2122,-69.4596,3869,22310,12717,57.0,True,papa,12.1,39,7.9,-1.4,0.0,0,13.5,6,15,heladas_invernales,4.4,0,bajo
2024-06-01,2024-06-01T16:00,Puno,Chucuito,Juli,210401,-16.2122,-69.4596,3869,22310,12717,57.0,True,papa,11.6,34,7.4,-3.8,0.0,0,11.1,6,16,heladas_invernales,4.4,0,bajo
2024-06-01,2024-06-01T17:00,Puno,Chucuito,Juli,210401,-16.2122,-69.4596,3869,22310,12717,57.0,True,papa,8.3,47,4.6,-2.3,0.0,0,8.4,6,17,heladas_invernales,4.4,0,bajo
2024-06-01,2024-06-01T18:00,Puno,Chucuito,Juli,210401,-16.2122,-69.4596,3869,22310,12717,57.0,True,papa,10.4,30,7.2,-6.4,0.0,0,2.2,6,18,heladas_invernales,4.4,0,bajo
2024-06-01,2024-06-01T19:00,Puno,Chucuito,Juli,210401,-16.2122,-69.4596,3869,22310,12717,57.0,True,papa,10.5,34,7.1,-4.6,0.0,0,4.9,6,19,heladas_invernales,4.4,0,bajo
2024-06-01,2024-06-01T20:00,Puno,Chucuito,Juli,210401,-16.2122,-69.4596,3869,22310,12717,57.0,True,papa,10.0,36,6.6,-4.4,0.0,0,4.5,6,20,heladas_invernales,4.4,0,bajo
2024-06-01,2024-06-01T21:00,Puno,Chucuito,Juli,210401,-16.2122,-69.4596,3869,22310,12717,57.0,True,papa,10.5,34,7.1,-4.6,0.0,0,4.8,6,21,heladas_invernales,4.4,0,bajo
2024-06-01,2024-06-01T22:00,Puno,Chucuito,Juli,210401,-16.2122,-69.4596,3869,22310,12717,57.0,True,papa,10.6,36,7.1,-3.7,0.0,0,5.8,6,22,heladas_invernales,4.4,0,bajo
2024-06-01,2024-06-01T23:00,Puno,Chucuito,Juli,210401,-16.2122,-69.4596,3869,22310,12717,57.0,True,papa,8.7,35,4.5,-5.8,0.0,0,8.7,6,23,heladas_invernales,4.4,0,bajo
2024-06-02,2024-06-02T00:00,Puno,Chucuito,Juli,210401,-16.2122,-69.4596,3869,22310,12717,57.0,True,papa,8.9,35,4.8,-5.7,0.0,0,8.5,6,0,heladas_invernales,6.9,0,bajo
2024-06-02,2024-06-02T01:00,Puno,Chucuito,Juli,210401,-16.2122,-69.4596,3869,22310,12717,57.0,True,papa,9.2,43,5.5,-2.6,0.0,0,7.9,6,1,heladas_invernales,6.9,0,bajo
2024-06-02,2024-06-02T02:00,Puno,Chucuito,Juli,210401,-16.2122,-69.4596,3869,22310,12717,57.0,True,papa,7.9,56,4.7,-0.2,0.0,0,7.3,6,2,heladas_invernales,6.9,0,bajo
2024-06-02,2024-06-02T03:00,Puno,Chucuito,Juli,210401,-16.2122,-69.4596,3869,22310,12717,57.0,True,papa,7.4,61,4.4,0.4,0.0,0,6.6,6,3,heladas_invernales,6.9,0,bajo
2024-06-02,2024-06-02T04:00,Puno,Chucuito,Juli,210401,-16.2122,-69.4596,3869,22310,12717,57.0,True,papa,7.5,62,4.5,0.6,0.0,0,6.9,6,4,heladas_invernales,6.9,0,bajo
2024-06-02,2024-06-02T05:00,Puno,Chucuito,Juli,210401,-16.2122,-69.4596,3869,22310,12717,57.0,True,papa,7.0,62,4.0,0.3,0.0,0,6.7,6,5,heladas_invernales,6.9,0,bajo
2024-06-02,2024-06-02T06:00,Puno,Chucuito,Juli,210401,-16.2122,-69.4596,3869,22310,12717,57.0,True,papa,7.5,57,4.3,-0.4,0.0,0,7.1,6,6,heladas_invernales,6.9,0,bajo
2024-06-02,2024-06-02T07:00,Puno,Chucuito,Juli,210401,-16.2122,-69.4596,3869,22310,12717,57.0,True,papa,6.9,73,4.3,2.4,0.0,0,5.9,6,7,heladas_invernales,6.9,0,bajo
2024-06-02,2024-06-02T08:00,Puno,Chucuito,Juli,210401,-16.2122,-69.4596,3869,22310,12717,57.0,True,papa,10.0,39,6.7,-3.2,0.0,0,5.2,6,8,heladas_invernales,6.9,0,bajo
2024-06-02,2024-06-02T09:00,Puno,Chucuito,Juli,210401,-16.2122,-69.4596,3869,22310,12717,57.0,True,papa,10.9,47,7.8,-0.1,0.0,0,7.0,6,9,heladas_invernales,6.9,0,bajo
2024-06-02,2024-06-02T10:00,Puno,Chucuito,Juli,210401,-16.2122,-69.4596,3869,22310,12717,57.0,True,papa,11.7,48,9.4,1.0,0.0,1,8.5,6,10,heladas_invernales,6.9,0,bajo
2024-06-02,2024-06-02T11:00,Puno,Chucuito,Juli,210401,-16.2122,-69.4596,3869,22310,12717,57.0,True,papa,12.2,49,10.4,1.7,0.0,1,10.5,6,11,heladas_invernales,6.9,0,bajo
2024-06-02,2024-06-02T12:00,Puno,Chucuito,Juli,210401,-16.2122,-69.4596,3869,22310,12717,57.0,True,papa,12.1,51,10.5,2.2,0.0,1,11.2,6,12,heladas_invernales,6.9,0,bajo
2024-06-02,2024-06-02T13:00,Puno,Chucuito,Juli,210401,-16.2122,-69.4596,3869,22310,12717,57.0,True,papa,12.3,52,10.7,2.8,0.0,12,10.8,6,13,heladas_invernales,6.9,0,bajo
2024-06-02,2024-06-02T14:00,Puno,Chucuito,Juli,210401,-16.2122,-69.4596,3869,22310,12717,57.0,True,papa,12.7,49,10.6,2.2,0.0,83,9.7,6,14,heladas_invernales,6.9,0,bajo
2024-06-02,2024-06-02T15:00,Puno,Chucuito,Juli,210401,-16.2122,-69.4596,3869,22310,12717,57.0,True,papa,12.6,46,9.4,1.3,0.0,60,10.0,6,15,heladas_invernales,6.9,0,bajo
2024-06-02,2024-06-02T16:00,Puno,Chucuito,Juli,210401,-16.2122,-69.4596,3869,22310,12717,57.0,True,papa,12.0,43,8.8,-0.1,0.0,3,7.4,6,16,heladas_invernales,6.9,0,bajo
2024-06-02,2024-06-02T17:00,Puno,Chucuito,Juli,210401,-16.2122,-69.4596,3869,22310,12717,57.0,True,papa,11.0,43,8.1,-1.2,0.0,0,3.9,6,17,heladas_invernales,6.9,0,bajo
2024-06-02,2024-06-02T18:00,Puno,Chucuito,Juli,210401,-16.2122,-69.4596,3869,22310,12717,57.0,True,papa,11.1,35,7.8,-3.7,0.0,0,4.3,6,18,heladas_invernales,6.9,0,bajo
2024-06-02,2024-06-02T19:00,Puno,Chucuito,Juli,210401,-16.2122,-69.4596,3869,22310,12717,57.0,True,papa,11.3,39,8.1,-2.2,0.0,0,5.0,6,19,heladas_invernales,6.9,0,bajo
2024-06-02,2024-06-02T20:00,Puno,Chucuito,Juli,210401,-16.2122,-69.4596,3869,22310,12717,57.0,True,papa,10.9,37,7.8,-3.1,0.0,0,4.1,6,20,heladas_invernales,6.9,0,bajo
2024-06-02,2024-06-02T21:00,Puno,Chucuito,Juli,210401,-16.2122,-69.4596,3869,22310,12717,57.0,True,papa,10.8,39,7.6,-2.5,0.0,1,4.7,6,21,heladas_invernales,6.9,0,bajo
2024-06-02,2024-06-02T22:00,Puno,Chucuito,Juli,210401,-16.2122,-69.4596,3869,22310,12717,57.0,True,papa,7.6,55,4.2,-0.8,0.0,4,8.2,6,22,heladas_invernales,6.9,0,bajo
2024-06-02,2024-06-02T23:00,Puno,Chucuito,Juli,210401,-16.2122,-69.4596,3869,22310,12717,57.0,True,papa,9.0,42,5.3,-3.2,0.0,4,7.8,6,23,heladas_invernales,6.9,0,bajo
2024-06-03,2024-06-03T00:00,Puno,Chucuito,Juli,210401,-16.2122,-69.4596,3869,22310,12717,57.0,True,papa,8.2,43,4.3,-3.6,0.0,29,8.3,6,0,heladas_invernales,5.2,0,bajo
2024-06-03,2024-06-03T01:00,Puno,Chucuito,Juli,210401,-16.2122,-69.4596,3869,22310,12717,57.0,True,papa,9.7,46,6.3,-1.3,0.0,99,7.2,6,1,heladas_invernales,5.2,0,bajo
2024-06-03,2024-06-03T02:00,Puno,Chucuito,Juli,210401,-16.2122,-69.4596,3869,22310,12717,57.0,True,papa,9.5,52,6.3,0.2,0.0,72,7.4,6,2,heladas_invernales,5.2,0,bajo
2024-06-03,2024-06-03T03:00,Puno,Chucuito,Juli,210401,-16.2122,-69.4596,3869,22310,12717,57.0,True,papa,10.2,48,7.2,-0.2,0.0,32,5.9,6,3,heladas_invernales,5.2,0,bajo
2024-06-03,2024-06-03T04:00,Puno,Chucuito,Juli,210401,-16.2122,-69.4596,3869,22310,12717,57.0,True,papa,10.2,42,7.0,-2.2,0.0,67,5.1,6,4,heladas_invernales,5.2,0,bajo
2024-06-03,2024-06-03T05:00,Puno,Chucuito,Juli,210401,-16.2122,-69.4596,3869,22310,12717,57.0,True,papa,10.1,40,7.0,-2.8,0.0,66,4.3,6,5,heladas_invernales,5.2,0,bajo
2024-06-03,2024-06-03T06:00,Puno,Chucuito,Juli,210401,-16.2122,-69.4596,3869,22310,12717,57.0,True,papa,9.9,43,6.7,-2.0,0.0,72,4.8,6,6,heladas_invernales,5.2,0,bajo
2024-06-03,2024-06-03T07:00,Puno,Chucuito,Juli,210401,-16.2122,-69.4596,3869,22310,12717,57.0,True,papa,8.5,64,6.0,2.0,0.0,97,4.4,6,7,heladas_invernales,5.2,0,bajo
2024-06-03,2024-06-03T08:00,Puno,Chucuito,Juli,210401,-16.2122,-69.4596,3869,22310,12717,57.0,True,papa,10.4,50,7.7,0.3,0.0,1,3.8,6,8,heladas_invernales,5.2,0,bajo
2024-06-03,2024-06-03T09:00,Puno,Chucuito,Juli,210401,-16.2122,-69.4596,3869,22310,12717,57.0,True,papa,11.1,48,7.4,0.5,0.0,0,11.4,6,9,heladas_invernales,5.2,0,bajo
2024-06-03,2024-06-03T10:00,Puno,Chucuito,Juli,210401,-16.2122,-69.4596,3869,22310,12717,57.0,True,papa,11.7,46,8.6,0.6,0.0,3,12.6,6,10,heladas_invernales,5.2,0,bajo
2024-06-03,2024-06-03T11:00,Puno,Chucuito,Juli,210401,-16.2122,-69.4596,3869,22310,12717,57.0,True,papa,12.4,42,9.9,-0.1,0.0,2,12.6,6,11,heladas_invernales,5.2,0,bajo
2024-06-03,2024-06-03T12:00,Puno,Chucuito,Juli,210401,-16.2122,-69.4596,3869,22310,12717,57.0,True,papa,12.5,38,10.2,-1.3,0.0,27,12.3,6,12,heladas_invernales,5.2,0,bajo
2024-06-03,2024-06-03T13:00,Puno,Chucuito,Juli,210401,-16.2122,-69.4596,3869,22310,12717,57.0,True,papa,12.6,36,10.0,-2.1,0.0,82,11.9,6,13,heladas_invernales,5.2,0,bajo
2024-06-03,2024-06-03T14:00,Puno,Chucuito,Juli,210401,-16.2122,-69.4596,3869,22310,12717,57.0,True,papa,12.6,34,9.4,-2.7,0.0,46,11.9,6,14,heladas_invernales,5.2,0,bajo
2024-06-03,2024-06-03T15:00,Puno,Chucuito,Juli,210401,-16.2122,-69.4596,3869,22310,12717,57.0,True,papa,12.4,32,7.8,-4.1,0.0,4,13.9,6,15,heladas_invernales,5.2,0,bajo
2024-06-03,2024-06-03T16:00,Puno,Chucuito,Juli,210401,-16.2122,-69.4596,3869,22310,12717,57.0,True,papa,11.6,32,7.1,-4.5,0.0,0,12.0,6,16,heladas_invernales,5.2,0,bajo
2024-06-03,2024-06-03T17:00,Puno,Chucuito,Juli,210401,-16.2122,-69.4596,3869,22310,12717,57.0,True,papa,8.4,51,4.9,-1.2,0.0,0,8.2,6,17,heladas_invernales,5.2,0,bajo
2024-06-03,2024-06-03T18:00,Puno,Chucuito,Juli,210401,-16.2122,-69.4596,3869,22310,12717,57.0,True,papa,10.9,35,7.7,-3.9,0.0,0,3.8,6,18,heladas_invernales,5.2,0,bajo
2024-06-03,2024-06-03T19:00,Puno,Chucuito,Juli,210401,-16.2122,-69.4596,3869,22310,12717,57.0,True,papa,6.3,63,2.7,-0.3,0.0,0,9.6,6,19,heladas_invernales,5.2,0,bajo
2024-06-03,2024-06-03T20:00,Puno,Chucuito,Juli,210401,-16.2122,-69.4596,3869,22310,12717,57.0,True,papa,6.1,66,2.8,0.2,0.0,0,7.7,6,20,heladas_invernales,5.2,0,bajo
2024-06-03,2024-06-03T21:00,Puno,Chucuito,Juli,210401,-16.2122,-69.4596,3869,22310,12717,57.0,True,papa,6.8,63,3.7,0.3,0.0,0,6.6,6,21,heladas_invernales,5.2,0,bajo
2024-06-03,2024-06-03T22:00,Puno,Chucuito,Juli,210401,-16.2122,-69.4596,3869,22310,12717,57.0,True,papa,6.5,66,3.4,0.7,0.0,0,7.2,6,22,heladas_invernales,5.2,0,bajo
2024-06-03,2024-06-03T23:00,Puno,Chucuito,Juli,210401,-16.2122,-69.4596,3869,22310,12717,57.0,True,papa,5.2,66,1.8,-0.6,0.0,3,8.1,6,23,heladas_invernales,5.2,0,bajo
2024-06-04,2024-06-04T00:00,Puno,Chucuito,Juli,210401,-16.2122,-69.4596,3869,22310,12717,57.0,True,papa,7.4,56,4.2,-0.9,0.0,0,6.8,6,0,heladas_invernales,7.4,0,bajo
2024-06-04,2024-06-04T01:00,Puno,Chucuito,Juli,210401,-16.2122,-69.4596,3869,22310,12717,57.0,True,papa,8.6,46,5.2,-2.3,0.0,0,6.1,6,1,heladas_invernales,7.4,0,bajo
2024-06-04,2024-06-04T02:00,Puno,Chucuito,Juli,210401,-16.2122,-69.4596,3869,22310,12717,57.0,True,papa,8.8,44,5.5,-2.9,0.0,0,5.2,6,2,heladas_invernales,7.4,0,bajo
2024-06-04,2024-06-04T03:00,Puno,Chucuito,Juli,210401,-16.2122,-69.4596,3869,22310,12717,57.0,True,papa,8.8,43,5.6,-3.0,0.0,0,4.0,6,3,heladas_invernales,7.4,0,bajo
2024-06-04,2024-06-04T04:00,Puno,Chucuito,Juli,210401,-16.2122,-69.4596,3869,22310,12717,57.0,True,papa,8.6,48,5.7,-1.9,0.0,0,3.1,6,4,heladas_invernales,7.4,0,bajo
2024-06-04,2024-06-04T05:00,Puno,Chucuito,Juli,210401,-16.2122,-69.4596,3869,22310,12717,57.0,True,papa,8.2,60,5.9,0.9,0.0,0,1.6,6,5,heladas_invernales,7.4,0,bajo
2024-06-04,2024-06-04T06:00,Puno,Chucuito,Juli,210401,-16.2122,-69.4596,3869,22310,12717,57.0,True,papa,8.2,60,6.2,0.9,0.0,2,0.4,6,6,heladas_invernales,7.4,0,bajo
2024-06-04,2024-06-04T07:00,Puno,Chucuito,Juli,210401,-16.2122,-69.4596,3869,22310,12717,57.0,True,papa,7.9,70,6.3,2.9,0.0,6,0.0,6,7,heladas_invernales,7.4,0,bajo
2024-06-04,2024-06-04T08:00,Puno,Chucuito,Juli,210401,-16.2122,-69.4596,3869,22310,12717,57.0,True,papa,8.6,42,5.2,-3.4,0.0,0,5.5,6,8,heladas_invernales,7.4,0,bajo
2024-06-04,2024-06-04T09:00,Puno,Chucuito,Juli,210401,-16.2122,-69.4596,3869,22310,12717,57.0,True,papa,10.2,40,7.1,-2.8,0.0,0,3.7,6,9,heladas_invernales,7.4,0,bajo
2024-06-04,2024-06-04T10:00,Puno,Chucuito,Juli,210401,-16.2122,-69.4596,3869,22310,12717,57.0,True,papa,11.4,40,9.2,-1.9,0.0,0,5.2,6,10,heladas_invernales,7.4,0,bajo
2024-06-04,2024-06-04T11:00,Puno,Chucuito,Juli,210401,-16.2122,-69.4596,3869,22310,12717,57.0,True,papa,12.4,40,10.6,-1.0,0.0,0,8.3,6,11,heladas_invernales,7.4,0,bajo
2024-06-04,2024-06-04T12:00,Puno,Chucuito,Juli,210401,-16.2122,-69.4596,3869,22310,12717,57.0,True,papa,12.6,44,10.7,0.7,0.0,0,11.0,6,12,heladas_invernales,7.4,0,bajo
2024-06-04,2024-06-04T13:00,Puno,Chucuito,Juli,210401,-16.2122,-69.4596,3869,22310,12717,57.0,True,papa,12.3,55,10.7,3.5,0.0,0,11.6,6,13,heladas_invernales,7.4,0,bajo
2024-06-04,2024-06-04T14:00,Puno,Chucuito,Juli,210401,-16.2122,-69.4596,3869,22310,12717,57.0,True,papa,12.3,59,10.6,4.4,0.0,0,9.5,6,14,heladas_invernales,7.4,0,bajo
2024-06-04,2024-06-04T15:00,Puno,Chucuito,Juli,210401,-16.2122,-69.4596,3869,22310,12717,57.0,True,papa,12.3,59,9.8,4.4,0.0,0,8.7,6,15,heladas_invernales,7.4,0,bajo
2024-06-04,2024-06-04T16:00,Puno,Chucuito,Juli,210401,-16.2122,-69.4596,3869,22310,12717,57.0,True,papa,11.8,58,9.3,3.7,0.0,0,7.4,6,16,heladas_invernales,7.4,0,bajo
2024-06-04,2024-06-04T17:00,Puno,Chucuito,Juli,210401,-16.2122,-69.4596,3869,22310,12717,57.0,True,papa,9.3,64,6.8,2.8,0.0,0,5.5,6,17,heladas_invernales,7.4,0,bajo
2024-06-04,2024-06-04T18:00,Puno,Chucuito,Juli,210401,-16.2122,-69.4596,3869,22310,12717,57.0,True,papa,10.7,36,7.2,-3.8,0.0,0,5.3,6,18,heladas_invernales,7.4,0,bajo
2024-06-04,2024-06-04T19:00,Puno,Chucuito,Juli,210401,-16.2122,-69.4596,3869,22310,12717,57.0,True,papa,11.0,29,7.2,-6.2,0.0,0,6.0,6,19,heladas_invernales,7.4,0,bajo
2024-06-04,2024-06-04T20:00,Puno,Chucuito,Juli,210401,-16.2122,-69.4596,3869,22310,12717,57.0,True,papa,11.5,26,7.9,-7.5,0.0,0,3.6,6,20,heladas_invernales,7.4,0,bajo
2024-06-04,2024-06-04T21:00,Puno,Chucuito,Juli,210401,-16.2122,-69.4596,3869,22310,12717,57.0,True,papa,11.3,28,7.5,-6.6,0.0,0,5.6,6,21,heladas_invernales,7.4,0,bajo
2024-06-04,2024-06-04T22:00,Puno,Chucuito,Juli,210401,-16.2122,-69.4596,3869,22310,12717,57.0,True,papa,10.4,30,6.5,-6.6,0.0,0,6.8,6,22,heladas_invernales,7.4,0,bajo
2024-06-04,2024-06-04T23:00,Puno,Chucuito,Juli,210401,-16.2122,-69.4596,3869,22310,12717,57.0,True,papa,11.4,29,7.4,-6.1,0.0,0,7.5,6,23,heladas_invernales,7.4,0,bajo
2024-06-05,2024-06-05T00:00,Puno,Chucuito,Juli,210401,-16.2122,-69.4596,3869,22310,12717,57.0,True,papa,11.0,39,7.7,-2.4,0.0,0,5.7,6,0,heladas_invernales,5.9,0,bajo
2024-06-05,2024-06-05T01:00,Puno,Chucuito,Juli,210401,-16.2122,-69.4596,3869,22310,12717,57.0,True,papa,10.5,46,7.4,-0.6,0.0,0,5.8,6,1,heladas_invernales,5.9,0,bajo
2024-06-05,2024-06-05T02:00,Puno,Chucuito,Juli,210401,-16.2122,-69.4596,3869,22310,12717,57.0,True,papa,9.7,51,6.8,0.2,0.0,0,5.2,6,2,heladas_invernales,5.9,0,bajo
2024-06-05,2024-06-05T03:00,Puno,Chucuito,Juli,210401,-16.2122,-69.4596,3869,22310,12717,57.0,True,papa,9.1,55,6.4,0.6,0.0,0,4.6,6,3,heladas_invernales,5.9,0,bajo
2024-06-05,2024-06-05T04:00,Puno,Chucuito,Juli,210401,-16.2122,-69.4596,3869,22310,12717,57.0,True,papa,8.8,56,5.8,0.5,0.0,0,6.0,6,4,heladas_invernales,5.9,0,bajo
2024-06-05,2024-06-05T05:00,Puno,Chucuito,Juli,210401,-16.2122,-69.4596,3869,22310,12717,57.0,True,papa,5.9,65,2.6,-0.2,0.0,0,7.8,6,5,heladas_invernales,5.9,0,bajo
2024-06-05,2024-06-05T06:00,Puno,Chucuito,Juli,210401,-16.2122,-69.4596,3869,22310,12717,57.0,True,papa,8.9,55,6.0,0.4,0.0,0,6.1,6,6,heladas_invernales,5.9,0,bajo
2024-06-05,2024-06-05T07:00,Puno,Chucuito,Juli,210401,-16.2122,-69.4596,3869,22310,12717,57.0,True,papa,7.9,71,5.6,3.0,0.0,0,4.6,6,7,heladas_invernales,5.9,0,bajo
2024-06-05,2024-06-05T08:00,Puno,Chucuito,Juli,210401,-16.2122,-69.4596,3869,22310,12717,57.0,True,papa,10.4,38,7.0,-3.2,0.0,0,5.6,6,8,heladas_invernales,5.9,0,bajo
2024-06-05,2024-06-05T09:00,Puno,Chucuito,Juli,210401,-16.2122,-69.4596,3869,22310,12717,57.0,True,papa,11.2,33,7.5,-4.4,0.0,0,6.8,6,9,heladas_invernales,5.9,0,bajo
2024-06-05,2024-06-05T10:00,Puno,Chucuito,Juli,210401,-16.2122,-69.4596,3869,22310,12717,57.0,True,papa,12.3,28,9.3,-5.5,0.0,0,7.2,6,10,heladas_invernales,5.9,0,bajo
2024-06-05,2024-06-05T11:00,Puno,Chucuito,Juli,210401,-16.2122,-69.4596,3869,22310,12717,57.0,True,papa,13.3,27,10.8,-5.3,0.0,0,9.3,6,11,heladas_invernales,5.9,0,bajo
2024-06-05,2024-06-05T12:00,Puno,Chucuito,Juli,210401,-16.2122,-69.4596,3869,22310,12717,57.0,True,papa,13.3,35,10.6,-2.0,0.0,0,13.5,6,12,heladas_invernales,5.9,0,bajo
2024-06-05,2024-06-05T13:00,Puno,Chucuito,Juli,210401,-16.2122,-69.4596,3869,22310,12717,57.0,True,papa,13.2,41,10.7,0.1,0.0,0,13.4,6,13,heladas_invernales,5.9,0,bajo
2024-06-05,2024-06-05T14:00,Puno,Chucuito,Juli,210401,-16.2122,-69.4596,3869,22310,12717,57.0,True,papa,13.6,37,10.7,-0.9,0.0,0,11.7,6,14,heladas_invernales,5.9,0,bajo
2024-06-05,2024-06-05T15:00,Puno,Chucuito,Juli,210401,-16.2122,-69.4596,3869,22310,12717,57.0,True,papa,13.6,34,9.5,-1.9,0.0,0,12.5,6,15,heladas_invernales,5.9,0,bajo
2024-06-05,2024-06-05T16:00,Puno,Chucuito,Juli,210401,-16.2122,-69.4596,3869,22310,12717,57.0,True,papa,12.9,31,8.5,-4.0,0.0,0,12.0,6,16,heladas_invernales,5.9,0,bajo
2024-06-05,2024-06-05T17:00,Puno,Chucuito,Juli,210401,-16.2122,-69.4596,3869,22310,12717,57.0,True,papa,9.4,50,6.2,-0.6,0.0,0,6.6,6,17,heladas_invernales,5.9,0,bajo
2024-06-05,2024-06-05T18:00,Puno,Chucuito,Juli,210401,-16.2122,-69.4596,3869,22310,12717,57.0,True,papa,12.0,36,8.8,-2.8,0.0,0,4.3,6,18,heladas_invernales,5.9,0,bajo
2024-06-05,2024-06-05T19:00,Puno,Chucuito,Juli,210401,-16.2122,-69.4596,3869,22310,12717,57.0,True,papa,11.8,42,9.0,-0.7,0.0,0,3.8,6,19,heladas_invernales,5.9,0,bajo
2024-06-05,2024-06-05T20:00,Puno,Chucuito,Juli,210401,-16.2122,-69.4596,3869,22310,12717,57.0,True,papa,10.5,40,7.1,-2.5,0.0,0,5.9,6,20,heladas_invernales,5.9,0,bajo
2024-06-05,2024-06-05T21:00,Puno,Chucuito,Juli,210401,-16.2122,-69.4596,3869,22310,12717,57.0,True,papa,10.4,48,7.5,-0.0,0.0,0,5.4,6,21,heladas_invernales,5.9,0,bajo
2024-06-05,2024-06-05T22:00,Puno,Chucuito,Juli,210401,-16.2122,-69.4596,3869,22310,12717,57.0,True,papa,11.0,39,7.9,-2.6,0.0,0,4.6,6,22,heladas_invernales,5.9,0,bajo
2024-06-05,2024-06-05T23:00,Puno,Chucuito,Juli,210401,-16.2122,-69.4596,3869,22310,12717,57.0,True,papa,10.8,37,7.3,-3.2,0.0,0,6.1,6,23,heladas_invernales,5.9,0,bajo
2024-06-06,2024-06-06T00:00,Puno,Chucuito,Juli,210401,-16.2122,-69.4596,3869,22310,12717,57.0,True,papa,10.6,36,7.1,-4.0,0.0,0,5.7,6,0,heladas_invernales,4.9,0,bajo
2024-06-06,2024-06-06T01:00,Puno,Chucuito,Juli,210401,-16.2122,-69.4596,3869,22310,12717,57.0,True,papa,10.6,35,7.1,-4.2,0.0,0,5.4,6,1,heladas_invernales,4.9,0,bajo
2024-06-06,2024-06-06T02:00,Puno,Chucuito,Juli,210401,-16.2122,-69.4596,3869,22310,12717,57.0,True,papa,10.4,38,7.1,-3.4,0.0,0,4.8,6,2,heladas_invernales,4.9,0,bajo
2024-06-06,2024-06-06T03:00,Puno,Chucuito,Juli,210401,-16.2122,-69.4596,3869,22310,12717,57.0,True,papa,9.9,46,7.0,-1.2,0.0,0,4.0,6,3,heladas_invernales,4.9,0,bajo
2024-06-06,2024-06-06T04:00,Puno,Chucuito,Juli,210401,-16.2122,-69.4596,3869,22310,12717,57.0,True,papa,9.6,51,6.7,0.0,0.0,0,4.8,6,4,heladas_invernales,4.9,0,bajo
2024-06-06,2024-06-06T05:00,Puno,Chucuito,Juli,210401,-16.2122,-69.4596,3869,22310,12717,57.0,True,papa,9.4,50,6.2,-0.4,0.0,0,6.4,6,5,heladas_invernales,4.9,0,bajo
2024-06-06,2024-06-06T06:00,Puno,Chucuito,Juli,210401,-16.2122,-69.4596,3869,22310,12717,57.0,True,papa,4.9,63,1.2,-1.5,0.0,0,8.9,6,6,heladas_invernales,4.9,0,bajo
2024-06-06,2024-06-06T07:00,Puno,Chucuito,Juli,210401,-16.2122,-69.4596,3869,22310,12717,57.0,True,papa,7.5,65,4.7,1.4,0.0,0,5.7,6,7,heladas_invernales,4.9,0,bajo
2024-06-06,2024-06-06T08:00,Puno,Chucuito,Juli,210401,-16.2122,-69.4596,3869,22310,12717,57.0,True,papa,10.9,39,7.5,-2.4,0.0,0,6.4,6,8,heladas_invernales,4.9,0,bajo
2024-06-06,2024-06-06T09:00,Puno,Chucuito,Juli,210401,-16.2122,-69.4596,3869,22310,12717,57.0,True,papa,11.8,37,8.2,-2.3,0.0,0,7.7,6,9,heladas_invernales,4.9,0,bajo
2024-06-06,2024-06-06T10:00,Puno,Chucuito,Juli,210401,-16.2122,-69.4596,3869,22310,12717,57.0,True,papa,12.6,35,9.7,-2.4,0.0,0,8.8,6,10,heladas_invernales,4.9,0,bajo
2024-06-06,2024-06-06T11:00,Puno,Chucuito,Juli,210401,-16.2122,-69.4596,3869,22310,12717,57.0,True,papa,13.3,34,10.6,-2.3,0.0,0,11.6,6,11,heladas_invernales,4.9,0,bajo
2024-06-06,2024-06-06T12:00,Puno,Chucuito,Juli,210401,-16.2122,-69.4596,3869,22310,12717,57.0,True,papa,13.4,39,10.8,-0.3,0.0,0,14.5,6,12,heladas_invernales,4.9,0,bajo
2024-06-06,2024-06-06T13:00,Puno,Chucuito,Juli,210401,-16.2122,-69.4596,3869,22310,12717,57.0,True,papa,14.0,34,11.0,-1.8,0.0,0,14.5,6,13,heladas_invernales,4.9,0,bajo
2024-06-06,2024-06-06T14:00,Puno,Chucuito,Juli,210401,-16.2122,-69.4596,3869,22310,12717,57.0,True,papa,14.6,26,10.9,-5.0,0.0,0,13.3,6,14,heladas_invernales,4.9,0,bajo
2024-06-06,2024-06-06T15:00,Puno,Chucuito,Juli,210401,-16.2122,-69.4596,3869,22310,12717,57.0,True,papa,14.6,21,9.9,-7.5,0.0,0,12.2,6,15,heladas_invernales,4.9,0,bajo
2024-06-06,2024-06-06T16:00,Puno,Chucuito,Juli,210401,-16.2122,-69.4596,3869,22310,12717,57.0,True,papa,13.9,23,9.4,-6.9,0.0,0,10.7,6,16,heladas_invernales,4.9,0,bajo
2024-06-06,2024-06-06T17:00,Puno,Chucuito,Juli,210401,-16.2122,-69.4596,3869,22310,12717,57.0,True,papa,9.5,54,6.0,0.6,0.0,0,10.2,6,17,heladas_invernales,4.9,0,bajo
2024-06-06,2024-06-06T18:00,Puno,Chucuito,Juli,210401,-16.2122,-69.4596,3869,22310,12717,57.0,True,papa,8.8,61,5.5,1.6,0.0,0,9.7,6,18,heladas_invernales,4.9,0,bajo
2024-06-06,2024-06-06T19:00,Puno,Chucuito,Juli,210401,-16.2122,-69.4596,3869,22310,12717,57.0,True,papa,11.4,58,9.0,3.3,0.0,0,5.8,6,19,heladas_invernales,4.9,0,bajo
2024-06-06,2024-06-06T20:00,Puno,Chucuito,Juli,210401,-16.2122,-69.4596,3869,22310,12717,57.0,True,papa,10.5,57,8.1,2.4,0.0,0,4.3,6,20,heladas_invernales,4.9,0,bajo
2024-06-06,2024-06-06T21:00,Puno,Chucuito,Juli,210401,-16.2122,-69.4596,3869,22310,12717,57.0,True,papa,8.0,65,5.1,1.7,0.0,0,6.9,6,21,heladas_invernales,4.9,0,bajo
2024-06-06,2024-06-06T22:00,Puno,Chucuito,Juli,210401,-16.2122,-69.4596,3869,22310,12717,57.0,True,papa,9.3,54,6.2,0.5,0.0,0,6.6,6,22,heladas_invernales,4.9,0,bajo
2024-06-06,2024-06-06T23:00,Puno,Chucuito,Juli,210401,-16.2122,-69.4596,3869,22310,12717,57.0,True,papa,10.4,43,7.2,-1.7,0.0,0,6.1,6,23,heladas_invernales,4.9,0,bajo
2024-06-07,2024-06-07T00:00,Puno,Chucuito,Juli,210401,-16.2122,-69.4596,3869,22310,12717,57.0,True,papa,10.7,35,7.1,-4.1,0.0,0,6.4,6,0,heladas_invernales,5.5,0,bajo
2024-06-07,2024-06-07T01:00,Puno,Chucuito,Juli,210401,-16.2122,-69.4596,3869,22310,12717,57.0,True,papa,10.1,32,6.2,-5.7,0.0,0,7.0,6,1,heladas_invernales,5.5,0,bajo
2024-06-07,2024-06-07T02:00,Puno,Chucuito,Juli,210401,-16.2122,-69.4596,3869,22310,12717,57.0,True,papa,8.2,35,3.9,-6.5,0.0,0,8.9,6,2,heladas_invernales,5.5,0,bajo
2024-06-07,2024-06-07T03:00,Puno,Chucuito,Juli,210401,-16.2122,-69.4596,3869,22310,12717,57.0,True,papa,5.7,39,1.3,-7.2,0.0,0,9.8,6,3,heladas_invernales,5.5,0,bajo
2024-06-07,2024-06-07T04:00,Puno,Chucuito,Juli,210401,-16.2122,-69.4596,3869,22310,12717,57.0,True,papa,5.5,40,1.1,-7.2,0.0,0,9.3,6,4,heladas_invernales,5.5,0,bajo
2024-06-07,2024-06-07T05:00,Puno,Chucuito,Juli,210401,-16.2122,-69.4596,3869,22310,12717,57.0,True,papa,7.4,33,3.2,-8.0,0.0,0,7.6,6,5,heladas_invernales,5.5,0,bajo
2024-06-07,2024-06-07T06:00,Puno,Chucuito,Juli,210401,-16.2122,-69.4596,3869,22310,12717,57.0,True,papa,9.6,28,5.4,-8.1,0.0,0,7.1,6,6,heladas_invernales,5.5,0,bajo
2024-06-07,2024-06-07T07:00,Puno,Chucuito,Juli,210401,-16.2122,-69.4596,3869,22310,12717,57.0,True,papa,7.6,50,4.3,-2.2,0.0,0,6.2,6,7,heladas_invernales,5.5,0,bajo
2024-06-07,2024-06-07T08:00,Puno,Chucuito,Juli,210401,-16.2122,-69.4596,3869,22310,12717,57.0,True,papa,10.2,34,6.6,-5.1,0.0,0,6.0,6,8,heladas_invernales,5.5,0,bajo
2024-06-07,2024-06-07T09:00,Puno,Chucuito,Juli,210401,-16.2122,-69.4596,3869,22310,12717,57.0,True,papa,11.6,34,8.6,-3.7,0.0,0,2.5,6,9,heladas_invernales,5.5,0,bajo
2024-06-07,2024-06-07T10:00,Puno,Chucuito,Juli,210401,-16.2122,-69.4596,3869,22310,12717,57.0,True,papa,12.6,36,9.9,-2.2,0.0,0,8.2,6,10,heladas_invernales,5.5,0,bajo
2024-06-07,2024-06-07T11:00,Puno,Chucuito,Juli,210401,-16.2122,-69.4596,3869,22310,12717,57.0,True,papa,13.1,37,10.4,-1.4,0.0,0,12.7,6,11,heladas_invernales,5.5,0,bajo
2024-06-07,2024-06-07T12:00,Puno,Chucuito,Juli,210401,-16.2122,-69.4596,3869,22310,12717,57.0,True,papa,13.4,35,11.0,-1.7,0.0,0,12.0,6,12,heladas_invernales,5.5,0,bajo
2024-06-07,2024-06-07T13:00,Puno,Chucuito,Juli,210401,-16.2122,-69.4596,3869,22310,12717,57.0,True,papa,13.8,28,11.3,-4.6,0.0,0,10.0,6,13,heladas_invernales,5.5,0,bajo
2024-06-07,2024-06-07T14:00,Puno,Chucuito,Juli,210401,-16.2122,-69.4596,3869,22310,12717,57.0,True,papa,14.0,26,10.9,-5.4,0.0,0,9.7,6,14,heladas_invernales,5.5,0,bajo
2024-06-07,2024-06-07T15:00,Puno,Chucuito,Juli,210401,-16.2122,-69.4596,3869,22310,12717,57.0,True,papa,13.9,24,9.4,-6.5,0.0,0,11.7,6,15,heladas_invernales,5.5,0,bajo
2024-06-07,2024-06-07T16:00,Puno,Chucuito,Juli,210401,-16.2122,-69.4596,3869,22310,12717,57.0,True,papa,13.3,24,8.7,-7.0,0.0,0,10.9,6,16,heladas_invernales,5.5,0,bajo
2024-06-07,2024-06-07T17:00,Puno,Chucuito,Juli,210401,-16.2122,-69.4596,3869,22310,12717,57.0,True,papa,9.8,41,5.9,-2.9,0.0,0,9.2,6,17,heladas_invernales,5.5,0,bajo
2024-06-07,2024-06-07T18:00,Puno,Chucuito,Juli,210401,-16.2122,-69.4596,3869,22310,12717,57.0,True,papa,10.0,38,6.0,-3.8,0.0,0,9.7,6,18,heladas_invernales,5.5,0,bajo
2024-06-07,2024-06-07T19:00,Puno,Chucuito,Juli,210401,-16.2122,-69.4596,3869,22310,12717,57.0,True,papa,6.3,60,2.1,-1.0,0.0,0,13.1,6,19,heladas_invernales,5.5,0,bajo
2024-06-07,2024-06-07T20:00,Puno,Chucuito,Juli,210401,-16.2122,-69.4596,3869,22310,12717,57.0,True,papa,7.1,55,3.3,-1.3,0.0,0,10.1,6,20,heladas_invernales,5.5,0,bajo
2024-06-07,2024-06-07T21:00,Puno,Chucuito,Juli,210401,-16.2122,-69.4596,3869,22310,12717,57.0,True,papa,6.7,55,2.7,-1.7,0.0,0,11.2,6,21,heladas_invernales,5.5,0,bajo
2024-06-07,2024-06-07T22:00,Puno,Chucuito,Juli,210401,-16.2122,-69.4596,3869,22310,12717,57.0,True,papa,9.2,53,5.7,0.1,0.0,0,9.8,6,22,heladas_invernales,5.5,0,bajo
2024-06-07,2024-06-07T23:00,Puno,Chucuito,Juli,210401,-16.2122,-69.4596,3869,22310,12717,57.0,True,papa,10.2,57,7.6,2.1,0.0,0,5.9,6,23,heladas_invernales,5.5,0,bajo
2024-06-08,2024-06-08T00:00,Puno,Chucuito,Juli,210401,-16.2122,-69.4596,3869,22310,12717,57.0,True,papa,9.6,56,6.8,1.3,0.0,0,6.4,6,0,heladas_invernales,3.3,0,bajo
2024-06-08,2024-06-08T01:00,Puno,Chucuito,Juli,210401,-16.2122,-69.4596,3869,22310,12717,57.0,True,papa,9.9,37,6.2,-4.2,0.0,0,6.7,6,1,heladas_invernales,3.3,0,bajo
2024-06-08,2024-06-08T02:00,Puno,Chucuito,Juli,210401,-16.2122,-69.4596,3869,22310,12717,57.0,True,papa,9.0,30,4.9,-7.8,0.0,0,7.1,6,2,heladas_invernales,3.3,0,bajo
2024-06-08,2024-06-08T03:00,Puno,Chucuito,Juli,210401,-16.2122,-69.4596,3869,22310,12717,57.0,True,papa,7.0,32,2.5,-8.5,0.0,0,9.2,6,3,heladas_invernales,3.3,0,bajo
2024-06-08,2024-06-08T04:00,Puno,Chucuito,Juli,210401,-16.2122,-69.4596,3869,22310,12717,57.0,True,papa,7.7,34,3.6,-7.1,0.0,0,7.8,6,4,heladas_invernales,3.3,0,bajo
2024-06-08,2024-06-08T05:00,Puno,Chucuito,Juli,210401,-16.2122,-69.4596,3869,22310,12717,57.0,True,papa,9.2,31,5.5,-7.0,0.0,0,4.7,6,5,heladas_invernales,3.3,0,bajo
2024-06-08,2024-06-08T06:00,Puno,Chucuito,Juli,210401,-16.2122,-69.4596,3869,22310,12717,57.0,True,papa,9.4,36,6.1,-4.9,0.0,0,3.5,6,6,heladas_invernales,3.3,0,bajo
2024-06-08,2024-06-08T07:00,Puno,Chucuito,Juli,210401,-16.2122,-69.4596,3869,22310,12717,57.0,True,papa,9.2,34,5.9,-5.9,0.0,0,3.3,6,7,heladas_invernales,3.3,0,bajo
2024-06-08,2024-06-08T08:00,Puno,Chucuito,Juli,210401,-16.2122,-69.4596,3869,22310,12717,57.0,True,papa,9.6,39,6.3,-3.8,0.0,0,4.0,6,8,heladas_invernales,3.3,0,bajo
2024-06-08,2024-06-08T09:00,Puno,Chucuito,Juli,210401,-16.2122,-69.4596,3869,22310,12717,57.0,True,papa,10.7,37,7.6,-3.4,0.0,0,3.1,6,9,heladas_invernales,3.3,0,bajo
2024-06-08,2024-06-08T10:00,Puno,Chucuito,Juli,210401,-16.2122,-69.4596,3869,22310,12717,57.0,True,papa,11.7,35,9.0,-3.3,0.0,0,7.3,6,10,heladas_invernales,3.3,0,bajo
2024-06-08,2024-06-08T11:00,Puno,Chucuito,Juli,210401,-16.2122,-69.4596,3869,22310,12717,57.0,True,papa,12.5,31,9.8,-4.1,0.0,0,10.8,6,11,heladas_invernales,3.3,0,bajo
2024-06-08,2024-06-08T12:00,Puno,Chucuito,Juli,210401,-16.2122,-69.4596,3869,22310,12717,57.0,True,papa,12.9,29,10.1,-4.6,0.0,72,12.7,6,12,heladas_invernales,3.3,0,bajo
2024-06-08,2024-06-08T13:00,Puno,Chucuito,Juli,210401,-16.2122,-69.4596,3869,22310,12717,57.0,True,papa,13.0,26,9.9,-6.0,0.0,88,12.6,6,13,heladas_invernales,3.3,0,bajo
2024-06-08,2024-06-08T14:00,Puno,Chucuito,Juli,210401,-16.2122,-69.4596,3869,22310,12717,57.0,True,papa,13.2,21,9.4,-8.4,0.0,100,11.6,6,14,heladas_invernales,3.3,0,bajo
2024-06-08,2024-06-08T15:00,Puno,Chucuito,Juli,210401,-16.2122,-69.4596,3869,22310,12717,57.0,True,papa,13.0,23,8.4,-7.9,0.0,95,11.5,6,15,heladas_invernales,3.3,0,bajo
2024-06-08,2024-06-08T16:00,Puno,Chucuito,Juli,210401,-16.2122,-69.4596,3869,22310,12717,57.0,True,papa,12.3,28,8.2,-5.6,0.0,99,8.0,6,16,heladas_invernales,3.3,0,bajo
2024-06-08,2024-06-08T17:00,Puno,Chucuito,Juli,210401,-16.2122,-69.4596,3869,22310,12717,57.0,True,papa,8.6,46,5.2,-2.5,0.0,97,6.6,6,17,heladas_invernales,3.3,0,bajo
2024-06-08,2024-06-08T18:00,Puno,Chucuito,Juli,210401,-16.2122,-69.4596,3869,22310,12717,57.0,True,papa,9.6,35,5.9,-5.2,0.0,1,6.2,6,18,heladas_invernales,3.3,0,bajo
2024-06-08,2024-06-08T19:00,Puno,Chucuito,Juli,210401,-16.2122,-69.4596,3869,22310,12717,57.0,True,papa,7.0,50,3.0,-2.7,0.0,1,10.1,6,19,heladas_invernales,3.3,0,bajo
2024-06-08,2024-06-08T20:00,Puno,Chucuito,Juli,210401,-16.2122,-69.4596,3869,22310,12717,57.0,True,papa,10.4,33,7.0,-5.1,0.0,38,4.5,6,20,heladas_invernales,3.3,0,bajo
2024-06-08,2024-06-08T21:00,Puno,Chucuito,Juli,210401,-16.2122,-69.4596,3869,22310,12717,57.0,True,papa,8.9,36,5.1,-5.2,0.0,80,6.6,6,21,heladas_invernales,3.3,0,bajo
2024-06-08,2024-06-08T22:00,Puno,Chucuito,Juli,210401,-16.2122,-69.4596,3869,22310,12717,57.0,True,papa,3.3,61,-1.3,-3.5,0.0,50,13.2,6,22,heladas_invernales,3.3,0,bajo
2024-06-08,2024-06-08T23:00,Puno,Chucuito,Juli,210401,-16.2122,-69.4596,3869,22310,12717,57.0,True,papa,3.5,49,-1.5,-6.3,0.0,8,13.8,6,23,heladas_invernales,3.3,0,bajo
2024-06-09,2024-06-09T00:00,Puno,Chucuito,Juli,210401,-16.2122,-69.4596,3869,22310,12717,57.0,True,papa,2.6,55,-2.2,-5.5,0.0,3,13.4,6,0,heladas_invernales,1.6,0,medio
2024-06-09,2024-06-09T01:00,Puno,Chucuito,Juli,210401,-16.2122,-69.4596,3869,22310,12717,57.0,True,papa,2.4,60,-2.3,-4.6,0.0,4,12.8,6,1,heladas_invernales,1.6,0,medio
2024-06-09,2024-06-09T02:00,Puno,Chucuito,Juli,210401,-16.2122,-69.4596,3869,22310,12717,57.0,True,papa,1.6,65,-3.1,-4.3,0.0,49,13.4,6,2,heladas_invernales,1.6,0,medio
2024-06-09,2024-06-09T03:00,Puno,Chucuito,Juli,210401,-16.2122,-69.4596,3869,22310,12717,57.0,True,papa,3.6,63,-0.4,-2.7,0.0,76,10.1,6,3,heladas_invernales,1.6,0,medio
2024-06-09,2024-06-09T04:00,Puno,Chucuito,Juli,210401,-16.2122,-69.4596,3869,22310,12717,57.0,True,papa,7.5,58,4.4,-0.3,0.0,99,6.2,6,4,heladas_invernales,1.6,0,medio
2024-06-09,2024-06-09T05:00,Puno,Chucuito,Juli,210401,-16.2122,-69.4596,3869,22310,12717,57.0,True,papa,7.3,62,4.5,0.5,0.0,98,5.3,6,5,heladas_invernales,1.6,0,medio
2024-06-09,2024-06-09T06:00,Puno,Chucuito,Juli,210401,-16.2122,-69.4596,3869,22310,12717,57.0,True,papa,7.2,57,4.3,-0.7,0.0,92,4.3,6,6,heladas_invernales,1.6,0,medio
2024-06-09,2024-06-09T07:00,Puno,Chucuito,Juli,210401,-16.2122,-69.4596,3869,22310,12717,57.0,True,papa,5.9,69,3.3,0.6,0.0,95,3.9,6,7,heladas_invernales,1.6,0,medio
2024-06-09,2024-06-09T08:00,Puno,Chucuito,Juli,210401,-16.2122,-69.4596,3869,22310,12717,57.0,True,papa,8.6,32,5.0,-7.0,0.0,94,4.0,6,8,heladas_invernales,1.6,0,medio
2024-06-09,2024-06-09T09:00,Puno,Chucuito,Juli,210401,-16.2122,-69.4596,3869,22310,12717,57.0,True,papa,9.8,34,6.5,-5.3,0.0,93,3.6,6,9,heladas_invernales,1.6,0,medio
2024-06-09,2024-06-09T10:00,Puno,Chucuito,Juli,210401,-16.2122,-69.4596,3869,22310,12717,57.0,True,papa,10.5,42,7.9,-1.7,0.0,100,7.7,6,10,heladas_invernales,1.6,0,medio
2024-06-09,2024-06-09T11:00,Puno,Chucuito,Juli,210401,-16.2122,-69.4596,3869,22310,12717,57.0,True,papa,11.1,45,9.0,-0.2,0.0,90,10.0,6,11,heladas_invernales,1.6,0,medio
2024-06-09,2024-06-09T12:00,Puno,Chucuito,Juli,210401,-16.2122,-69.4596,3869,22310,12717,57.0,True,papa,11.4,49,9.4,1.2,0.0,89,12.3,6,12,heladas_invernales,1.6,0,medio
2024-06-09,2024-06-09T13:00,Puno,Chucuito,Juli,210401,-16.2122,-69.4596,3869,22310,12717,57.0,True,papa,11.4,52,8.9,1.9,0.0,95,14.3,6,13,heladas_invernales,1.6,0,medio
2024-06-09,2024-06-09T14:00,Puno,Chucuito,Juli,210401,-16.2122,-69.4596,3869,22310,12717,57.0,True,papa,11.7,45,8.7,0.2,0.0,100,12.5,6,14,heladas_invernales,1.6,0,medio
2024-06-09,2024-06-09T15:00,Puno,Chucuito,Juli,210401,-16.2122,-69.4596,3869,22310,12717,57.0,True,papa,12.1,38,8.2,-1.9,0.0,96,10.7,6,15,heladas_invernales,1.6,0,medio
2024-06-09,2024-06-09T16:00,Puno,Chucuito,Juli,210401,-16.2122,-69.4596,3869,22310,12717,57.0,True,papa,11.6,35,7.7,-3.5,0.0,95,8.9,6,16,heladas_invernales,1.6,0,medio
2024-06-09,2024-06-09T17:00,Puno,Chucuito,Juli,210401,-16.2122,-69.4596,3869,22310,12717,57.0,True,papa,8.7,49,5.3,-1.5,0.0,97,6.8,6,17,heladas_invernales,1.6,0,medio
2024-06-09,2024-06-09T18:00,Puno,Chucuito,Juli,210401,-16.2122,-69.4596,3869,22310,12717,57.0,True,papa,7.2,51,3.6,-2.2,0.0,90,7.8,6,18,heladas_invernales,1.6,0,medio
2024-06-09,2024-06-09T19:00,Puno,Chucuito,Juli,210401,-16.2122,-69.4596,3869,22310,12717,57.0,True,papa,8.2,46,4.6,-2.6,0.0,100,7.4,6,19,heladas_invernales,1.6,0,medio
2024-06-09,2024-06-09T20:00,Puno,Chucuito,Juli,210401,-16.2122,-69.4596,3869,22310,12717,57.0,True,papa,10.2,32,6.9,-5.8,0.0,40,3.3,6,20,heladas_invernales,1.6,0,medio
2024-06-09,2024-06-09T21:00,Puno,Chucuito,Juli,210401,-16.2122,-69.4596,3869,22310,12717,57.0,True,papa,6.8,43,2.9,-4.9,0.0,0,7.6,6,21,heladas_invernales,1.6,0,medio
2024-06-09,2024-06-09T22:00,Puno,Chucuito,Juli,210401,-16.2122,-69.4596,3869,22310,12717,57.0,True,papa,10.1,31,6.5,-6.1,0.0,1,5.0,6,22,heladas_invernales,1.6,0,medio
2024-06-09,2024-06-09T23:00,Puno,Chucuito,Juli,210401,-16.2122,-69.4596,3869,22310,12717,57.0,True,papa,9.8,34,6.1,-5.3,0.0,0,5.5,6,23,heladas_invernales,1.6,0,medio
2024-06-10,2024-06-10T00:00,Puno,Chucuito,Juli,210401,-16.2122,-69.4596,3869,22310,12717,57.0,True,papa,9.5,35,5.9,-5.1,0.0,0,5.0,6,0,heladas_invernales,5.7,0,bajo
2024-06-10,2024-06-10T01:00,Puno,Chucuito,Juli,210401,-16.2122,-69.4596,3869,22310,12717,57.0,True,papa,9.7,33,6.4,-5.6,0.0,3,3.1,6,1,heladas_invernales,5.7,0,bajo
2024-06-10,2024-06-10T02:00,Puno,Chucuito,Juli,210401,-16.2122,-69.4596,3869,22310,12717,57.0,True,papa,9.8,27,6.1,-8.3,0.0,6,3.6,6,2,heladas_invernales,5.7,0,bajo
2024-06-10,2024-06-10T03:00,Puno,Chucuito,Juli,210401,-16.2122,-69.4596,3869,22310,12717,57.0,True,papa,9.3,27,5.4,-8.8,0.0,0,5.4,6,3,heladas_invernales,5.7,0,bajo
2024-06-10,2024-06-10T04:00,Puno,Chucuito,Juli,210401,-16.2122,-69.4596,3869,22310,12717,57.0,True,papa,9.0,33,5.4,-6.4,0.0,0,4.4,6,4,heladas_invernales,5.7,0,bajo
2024-06-10,2024-06-10T05:00,Puno,Chucuito,Juli,210401,-16.2122,-69.4596,3869,22310,12717,57.0,True,papa,8.6,42,5.4,-3.5,0.0,62,3.7,6,5,heladas_invernales,5.7,0,bajo
2024-06-10,2024-06-10T06:00,Puno,Chucuito,Juli,210401,-16.2122,-69.4596,3869,22310,12717,57.0,True,papa,7.9,55,4.9,-0.7,0.0,89,4.7,6,6,heladas_invernales,5.7,0,bajo
2024-06-10,2024-06-10T07:00,Puno,Chucuito,Juli,210401,-16.2122,-69.4596,3869,22310,12717,57.0,True,papa,6.0,73,3.3,1.5,0.0,25,5.4,6,7,heladas_invernales,5.7,0,bajo
2024-06-10,2024-06-10T08:00,Puno,Chucuito,Juli,210401,-16.2122,-69.4596,3869,22310,12717,57.0,True,papa,9.3,30,5.8,-7.6,0.0,97,3.1,6,8,heladas_invernales,5.7,0,bajo
2024-06-10,2024-06-10T09:00,Puno,Chucuito,Juli,210401,-16.2122,-69.4596,3869,22310,12717,57.0,True,papa,10.4,26,6.9,-8.6,0.0,27,2.3,6,9,heladas_invernales,5.7,0,bajo
2024-06-10,2024-06-10T10:00,Puno,Chucuito,Juli,210401,-16.2122,-69.4596,3869,22310,12717,57.0,True,papa,11.2,29,8.5,-6.1,0.0,21,5.1,6,10,heladas_invernales,5.7,0,bajo
2024-06-10,2024-06-10T11:00,Puno,Chucuito,Juli,210401,-16.2122,-69.4596,3869,22310,12717,57.0,True,papa,12.0,33,9.6,-4.0,0.0,13,8.4,6,11,heladas_invernales,5.7,0,bajo
2024-06-10,2024-06-10T12:00,Puno,Chucuito,Juli,210401,-16.2122,-69.4596,3869,22310,12717,57.0,True,papa,12.2,37,9.9,-2.0,0.0,59,11.2,6,12,heladas_invernales,5.7,0,bajo
2024-06-10,2024-06-10T13:00,Puno,Chucuito,Juli,210401,-16.2122,-69.4596,3869,22310,12717,57.0,True,papa,12.3,40,9.8,-1.0,0.0,65,12.1,6,13,heladas_invernales,5.7,0,bajo
2024-06-10,2024-06-10T14:00,Puno,Chucuito,Juli,210401,-16.2122,-69.4596,3869,22310,12717,57.0,True,papa,12.1,42,8.9,-0.4,0.0,77,13.9,6,14,heladas_invernales,5.7,0,bajo
2024-06-10,2024-06-10T15:00,Puno,Chucuito,Juli,210401,-16.2122,-69.4596,3869,22310,12717,57.0,True,papa,12.0,36,7.7,-2.6,0.0,78,13.1,6,15,heladas_invernales,5.7,0,bajo
2024-06-10,2024-06-10T16:00,Puno,Chucuito,Juli,210401,-16.2122,-69.4596,3869,22310,12717,57.0,True,papa,11.6,32,7.8,-4.7,0.0,19,7.1,6,16,heladas_invernales,5.7,0,bajo
2024-06-10,2024-06-10T17:00,Puno,Chucuito,Juli,210401,-16.2122,-69.4596,3869,22310,12717,57.0,True,papa,10.8,28,7.5,-7.2,0.0,52,1.8,6,17,heladas_invernales,5.7,0,bajo
2024-06-10,2024-06-10T18:00,Puno,Chucuito,Juli,210401,-16.2122,-69.4596,3869,22310,12717,57.0,True,papa,10.7,26,7.1,-8.1,0.0,64,3.4,6,18,heladas_invernales,5.7,0,bajo
2024-06-10,2024-06-10T19:00,Puno,Chucuito,Juli,210401,-16.2122,-69.4596,3869,22310,12717,57.0,True,papa,10.8,29,7.2,-6.4,0.0,81,4.3,6,19,heladas_invernales,5.7,0,bajo
2024-06-10,2024-06-10T20:00,Puno,Chucuito,Juli,210401,-16.2122,-69.4596,3869,22310,12717,57.0,True,papa,10.5,31,6.9,-5.9,0.0,90,4.7,6,20,heladas_invernales,5.7,0,bajo
2024-06-10,2024-06-10T21:00,Puno,Chucuito,Juli,210401,-16.2122,-69.4596,3869,22310,12717,57.0,True,papa,8.8,34,4.9,-6.3,0.0,54,6.8,6,21,heladas_invernales,5.7,0,bajo
2024-06-10,2024-06-10T22:00,Puno,Chucuito,Juli,210401,-16.2122,-69.4596,3869,22310,12717,57.0,True,papa,5.8,43,1.5,-5.7,0.0,96,9.4,6,22,heladas_invernales,5.7,0,bajo
2024-06-10,2024-06-10T23:00,Puno,Chucuito,Juli,210401,-16.2122,-69.4596,3869,22310,12717,57.0,True,papa,5.7,37,1.2,-7.9,0.0,99,10.1,6,23,heladas_invernales,5.7,0,bajo
2024-06-11,2024-06-11T00:00,Puno,Chucuito,Juli,210401,-16.2122,-69.4596,3869,22310,12717,57.0,True,papa,10.5,26,6.5,-8.4,0.0,100,5.7,6,0,heladas_invernales,2.7,0,medio
2024-06-11,2024-06-11T01:00,Puno,Chucuito,Juli,210401,-16.2122,-69.4596,3869,22310,12717,57.0,True,papa,9.8,35,6.4,-4.9,0.0,96,4.5,6,1,heladas_invernales,2.7,0,medio
2024-06-11,2024-06-11T02:00,Puno,Chucuito,Juli,210401,-16.2122,-69.4596,3869,22310,12717,57.0,True,papa,9.0,45,6.0,-2.2,0.0,100,4.0,6,2,heladas_invernales,2.7,0,medio
2024-06-11,2024-06-11T03:00,Puno,Chucuito,Juli,210401,-16.2122,-69.4596,3869,22310,12717,57.0,True,papa,6.6,55,3.2,-1.9,0.0,98,6.3,6,3,heladas_invernales,2.7,0,medio
2024-06-11,2024-06-11T04:00,Puno,Chucuito,Juli,210401,-16.2122,-69.4596,3869,22310,12717,57.0,True,papa,2.8,67,-1.2,-2.7,0.0,49,10.4,6,4,heladas_invernales,2.7,0,medio
2024-06-11,2024-06-11T05:00,Puno,Chucuito,Juli,210401,-16.2122,-69.4596,3869,22310,12717,57.0,True,papa,2.7,65,-1.7,-3.2,0.0,0,12.3,6,5,heladas_invernales,2.7,0,medio
2024-06-11,2024-06-11T06:00,Puno,Chucuito,Juli,210401,-16.2122,-69.4596,3869,22310,12717,57.0,True,papa,3.3,56,-1.1,-4.8,0.0,2,10.8,6,6,heladas_invernales,2.7,0,medio
2024-06-11,2024-06-11T07:00,Puno,Chucuito,Juli,210401,-16.2122,-69.4596,3869,22310,12717,57.0,True,papa,6.5,52,3.2,-2.5,0.0,19,5.8,6,7,heladas_invernales,2.7,0,medio
2024-06-11,2024-06-11T08:00,Puno,Chucuito,Juli,210401,-16.2122,-69.4596,3869,22310,12717,57.0,True,papa,9.5,34,5.8,-5.7,0.0,7,5.8,6,8,heladas_invernales,2.7,0,medio
2024-06-11,2024-06-11T09:00,Puno,Chucuito,Juli,210401,-16.2122,-69.4596,3869,22310,12717,57.0,True,papa,10.7,35,7.4,-4.1,0.0,0,4.1,6,9,heladas_invernales,2.7,0,medio
2024-06-11,2024-06-11T10:00,Puno,Chucuito,Juli,210401,-16.2122,-69.4596,3869,22310,12717,57.0,True,papa,11.5,36,9.0,-2.9,0.0,0,5.8,6,10,heladas_invernales,2.7,0,medio
2024-06-11,2024-06-11T11:00,Puno,Chucuito,Juli,210401,-16.2122,-69.4596,3869,22310,12717,57.0,True,papa,12.2,37,9.7,-2.0,0.0,0,10.4,6,11,heladas_invernales,2.7,0,medio
2024-06-11,2024-06-11T12:00,Puno,Chucuito,Juli,210401,-16.2122,-69.4596,3869,22310,12717,57.0,True,papa,12.3,41,9.7,-0.6,0.0,0,13.8,6,12,heladas_invernales,2.7,0,medio
2024-06-11,2024-06-11T13:00,Puno,Chucuito,Juli,210401,-16.2122,-69.4596,3869,22310,12717,57.0,True,papa,12.4,41,9.7,-0.5,0.0,42,13.3,6,13,heladas_invernales,2.7,0,medio
2024-06-11,2024-06-11T14:00,Puno,Chucuito,Juli,210401,-16.2122,-69.4596,3869,22310,12717,57.0,True,papa,12.7,35,9.4,-2.2,0.0,97,12.5,6,14,heladas_invernales,2.7,0,medio
2024-06-11,2024-06-11T15:00,Puno,Chucuito,Juli,210401,-16.2122,-69.4596,3869,22310,12717,57.0,True,papa,12.3,43,8.4,0.1,0.0,96,12.5,6,15,heladas_invernales,2.7,0,medio
2024-06-11,2024-06-11T16:00,Puno,Chucuito,Juli,210401,-16.2122,-69.4596,3869,22310,12717,57.0,True,papa,11.6,49,8.4,1.2,0.0,41,8.7,6,16,heladas_invernales,2.7,0,medio
2024-06-11,2024-06-11T17:00,Puno,Chucuito,Juli,210401,-16.2122,-69.4596,3869,22310,12717,57.0,True,papa,10.7,49,8.1,0.4,0.0,38,3.6,6,17,heladas_invernales,2.7,0,medio
2024-06-11,2024-06-11T18:00,Puno,Chucuito,Juli,210401,-16.2122,-69.4596,3869,22310,12717,57.0,True,papa,10.7,43,8.1,-1.4,0.0,15,1.8,6,18,heladas_invernales,2.7,0,medio
2024-06-11,2024-06-11T19:00,Puno,Chucuito,Juli,210401,-16.2122,-69.4596,3869,22310,12717,57.0,True,papa,10.9,45,8.2,-0.5,0.0,26,3.1,6,19,heladas_invernales,2.7,0,medio
2024-06-11,2024-06-11T20:00,Puno,Chucuito,Juli,210401,-16.2122,-69.4596,3869,22310,12717,57.0,True,papa,9.7,54,7.5,1.0,0.0,81,1.6,6,20,heladas_invernales,2.7,0,medio
2024-06-11,2024-06-11T21:00,Puno,Chucuito,Juli,210401,-16.2122,-69.4596,3869,22310,12717,57.0,True,papa,9.5,54,6.8,0.6,0.0,60,4.8,6,21,heladas_invernales,2.7,0,medio
2024-06-11,2024-06-11T22:00,Puno,Chucuito,Juli,210401,-16.2122,-69.4596,3869,22310,12717,57.0,True,papa,9.8,48,7.0,-0.6,0.0,64,4.2,6,22,heladas_invernales,2.7,0,medio
2024-06-11,2024-06-11T23:00,Puno,Chucuito,Juli,210401,-16.2122,-69.4596,3869,22310,12717,57.0,True,papa,10.2,44,7.1,-1.5,0.0,33,4.9,6,23,heladas_invernales,2.7,0,medio
2024-06-12,2024-06-12T00:00,Puno,Chucuito,Juli,210401,-16.2122,-69.4596,3869,22310,12717,57.0,True,papa,10.1,42,6.8,-2.4,0.0,86,5.3,6,0,heladas_invernales,5.8,0,bajo
2024-06-12,2024-06-12T01:00,Puno,Chucuito,Juli,210401,-16.2122,-69.4596,3869,22310,12717,57.0,True,papa,9.9,40,6.6,-3.0,0.0,100,5.3,6,1,heladas_invernales,5.8,0,bajo
2024-06-12,2024-06-12T02:00,Puno,Chucuito,Juli,210401,-16.2122,-69.4596,3869,22310,12717,57.0,True,papa,9.8,40,6.5,-3.3,0.0,100,4.8,6,2,heladas_invernales,5.8,0,bajo
2024-06-12,2024-06-12T03:00,Puno,Chucuito,Juli,210401,-16.2122,-69.4596,3869,22310,12717,57.0,True,papa,9.7,43,6.7,-2.3,0.0,99,4.1,6,3,heladas_invernales,5.8,0,bajo
2024-06-12,2024-06-12T04:00,Puno,Chucuito,Juli,210401,-16.2122,-69.4596,3869,22310,12717,57.0,True,papa,9.4,47,6.4,-1.5,0.0,97,4.4,6,4,heladas_invernales,5.8,0,bajo
2024-06-12,2024-06-12T05:00,Puno,Chucuito,Juli,210401,-16.2122,-69.4596,3869,22310,12717,57.0,True,papa,8.7,58,5.9,0.8,0.0,48,5.2,6,5,heladas_invernales,5.8,0,bajo
2024-06-12,2024-06-12T06:00,Puno,Chucuito,Juli,210401,-16.2122,-69.4596,3869,22310,12717,57.0,True,papa,8.7,65,6.4,2.5,0.0,1,3.9,6,6,heladas_invernales,5.8,0,bajo
2024-06-12,2024-06-12T07:00,Puno,Chucuito,Juli,210401,-16.2122,-69.4596,3869,22310,12717,57.0,True,papa,7.5,80,5.6,4.3,0.0,1,3.3,6,7,heladas_invernales,5.8,0,bajo
2024-06-12,2024-06-12T08:00,Puno,Chucuito,Juli,210401,-16.2122,-69.4596,3869,22310,12717,57.0,True,papa,9.8,44,6.8,-1.9,0.0,23,3.7,6,8,heladas_invernales,5.8,0,bajo
2024-06-12,2024-06-12T09:00,Puno,Chucuito,Juli,210401,-16.2122,-69.4596,3869,22310,12717,57.0,True,papa,10.9,48,8.2,0.3,0.0,23,4.2,6,9,heladas_invernales,5.8,0,bajo
2024-06-12,2024-06-12T10:00,Puno,Chucuito,Juli,210401,-16.2122,-69.4596,3869,22310,12717,57.0,True,papa,11.9,44,9.8,0.1,0.0,37,5.5,6,10,heladas_invernales,5.8,0,bajo
2024-06-12,2024-06-12T11:00,Puno,Chucuito,Juli,210401,-16.2122,-69.4596,3869,22310,12717,57.0,True,papa,12.7,42,10.3,-0.0,0.0,65,11.1,6,11,heladas_invernales,5.8,0,bajo
2024-06-12,2024-06-12T12:00,Puno,Chucuito,Juli,210401,-16.2122,-69.4596,3869,22310,12717,57.0,True,papa,12.9,45,10.7,1.2,0.0,60,12.4,6,12,heladas_invernales,5.8,0,bajo
2024-06-12,2024-06-12T13:00,Puno,Chucuito,Juli,210401,-16.2122,-69.4596,3869,22310,12717,57.0,True,papa,12.5,55,10.4,3.6,0.0,48,13.8,6,13,heladas_invernales,5.8,0,bajo
2024-06-12,2024-06-12T14:00,Puno,Chucuito,Juli,210401,-16.2122,-69.4596,3869,22310,12717,57.0,True,papa,12.2,52,9.5,2.8,0.0,83,13.8,6,14,heladas_invernales,5.8,0,bajo
2024-06-12,2024-06-12T15:00,Puno,Chucuito,Juli,210401,-16.2122,-69.4596,3869,22310,12717,57.0,True,papa,12.2,47,8.7,1.1,0.0,92,10.5,6,15,heladas_invernales,5.8,0,bajo
2024-06-12,2024-06-12T16:00,Puno,Chucuito,Juli,210401,-16.2122,-69.4596,3869,22310,12717,57.0,True,papa,12.0,43,8.3,-0.4,0.0,89,10.0,6,16,heladas_invernales,5.8,0,bajo
2024-06-12,2024-06-12T17:00,Puno,Chucuito,Juli,210401,-16.2122,-69.4596,3869,22310,12717,57.0,True,papa,9.1,60,6.4,1.7,0.0,0,5.9,6,17,heladas_invernales,5.8,0,bajo
2024-06-12,2024-06-12T18:00,Puno,Chucuito,Juli,210401,-16.2122,-69.4596,3869,22310,12717,57.0,True,papa,9.0,51,5.8,-0.6,0.0,0,6.3,6,18,heladas_invernales,5.8,0,bajo
2024-06-12,2024-06-12T19:00,Puno,Chucuito,Juli,210401,-16.2122,-69.4596,3869,22310,12717,57.0,True,papa,7.5,71,4.3,2.5,0.0,0,10.0,6,19,heladas_invernales,5.8,0,bajo
2024-06-12,2024-06-12T20:00,Puno,Chucuito,Juli,210401,-16.2122,-69.4596,3869,22310,12717,57.0,True,papa,5.8,68,2.1,0.4,0.0,1,10.9,6,20,heladas_invernales,5.8,0,bajo
2024-06-12,2024-06-12T21:00,Puno,Chucuito,Juli,210401,-16.2122,-69.4596,3869,22310,12717,57.0,True,papa,8.7,55,5.4,0.2,0.0,0,8.1,6,21,heladas_invernales,5.8,0,bajo
2024-06-12,2024-06-12T22:00,Puno,Chucuito,Juli,210401,-16.2122,-69.4596,3869,22310,12717,57.0,True,papa,10.5,52,8.0,1.0,0.0,0,3.6,6,22,heladas_invernales,5.8,0,bajo
2024-06-12,2024-06-12T23:00,Puno,Chucuito,Juli,210401,-16.2122,-69.4596,3869,22310,12717,57.0,True,papa,10.6,45,7.7,-1.0,0.0,24,3.8,6,23,heladas_invernales,5.8,0,bajo
2024-06-13,2024-06-13T00:00,Puno,Chucuito,Juli,210401,-16.2122,-69.4596,3869,22310,12717,57.0,True,papa,10.8,38,7.7,-3.0,0.0,2,3.6,6,0,heladas_invernales,4.5,0,bajo
2024-06-13,2024-06-13T01:00,Puno,Chucuito,Juli,210401,-16.2122,-69.4596,3869,22310,12717,57.0,True,papa,10.8,35,7.6,-3.9,0.0,2,3.3,6,1,heladas_invernales,4.5,0,bajo
2024-06-13,2024-06-13T02:00,Puno,Chucuito,Juli,210401,-16.2122,-69.4596,3869,22310,12717,57.0,True,papa,10.3,42,7.2,-2.2,0.0,0,4.4,6,2,heladas_invernales,4.5,0,bajo
2024-06-13,2024-06-13T03:00,Puno,Chucuito,Juli,210401,-16.2122,-69.4596,3869,22310,12717,57.0,True,papa,9.5,56,6.5,1.0,0.0,10,6.8,6,3,heladas_invernales,4.5,0,bajo
2024-06-13,2024-06-13T04:00,Puno,Chucuito,Juli,210401,-16.2122,-69.4596,3869,22310,12717,57.0,True,papa,8.8,63,6.1,2.2,0.0,33,6.1,6,4,heladas_invernales,4.5,0,bajo
2024-06-13,2024-06-13T05:00,Puno,Chucuito,Juli,210401,-16.2122,-69.4596,3869,22310,12717,57.0,True,papa,8.2,68,5.7,2.6,0.0,88,5.5,6,5,heladas_invernales,4.5,0,bajo
2024-06-13,2024-06-13T06:00,Puno,Chucuito,Juli,210401,-16.2122,-69.4596,3869,22310,12717,57.0,True,papa,6.5,70,3.7,1.4,0.0,99,6.2,6,6,heladas_invernales,4.5,0,bajo
2024-06-13,2024-06-13T07:00,Puno,Chucuito,Juli,210401,-16.2122,-69.4596,3869,22310,12717,57.0,True,papa,6.5,78,4.2,2.9,0.0,97,4.8,6,7,heladas_invernales,4.5,0,bajo
2024-06-13,2024-06-13T08:00,Puno,Chucuito,Juli,210401,-16.2122,-69.4596,3869,22310,12717,57.0,True,papa,10.4,36,6.7,-4.2,0.0,100,6.8,6,8,heladas_invernales,4.5,0,bajo
2024-06-13,2024-06-13T09:00,Puno,Chucuito,Juli,210401,-16.2122,-69.4596,3869,22310,12717,57.0,True,papa,11.8,29,7.9,-5.9,0.0,98,6.9,6,9,heladas_invernales,4.5,0,bajo
2024-06-13,2024-06-13T10:00,Puno,Chucuito,Juli,210401,-16.2122,-69.4596,3869,22310,12717,57.0,True,papa,12.5,30,9.4,-4.5,0.0,93,7.7,6,10,heladas_invernales,4.5,0,bajo
2024-06-13,2024-06-13T11:00,Puno,Chucuito,Juli,210401,-16.2122,-69.4596,3869,22310,12717,57.0,True,papa,12.9,34,10.8,-2.5,0.0,96,7.9,6,11,heladas_invernales,4.5,0,bajo
2024-06-13,2024-06-13T12:00,Puno,Chucuito,Juli,210401,-16.2122,-69.4596,3869,22310,12717,57.0,True,papa,12.6,51,10.3,2.8,0.0,96,15.3,6,12,heladas_invernales,4.5,0,bajo
2024-06-13,2024-06-13T13:00,Puno,Chucuito,Juli,210401,-16.2122,-69.4596,3869,22310,12717,57.0,True,papa,12.9,42,10.0,0.3,0.0,97,15.0,6,13,heladas_invernales,4.5,0,bajo
2024-06-13,2024-06-13T14:00,Puno,Chucuito,Juli,210401,-16.2122,-69.4596,3869,22310,12717,57.0,True,papa,13.2,38,10.3,-0.7,0.0,91,11.0,6,14,heladas_invernales,4.5,0,bajo
2024-06-13,2024-06-13T15:00,Puno,Chucuito,Juli,210401,-16.2122,-69.4596,3869,22310,12717,57.0,True,papa,12.8,41,9.1,-0.0,0.0,92,11.1,6,15,heladas_invernales,4.5,0,bajo
2024-06-13,2024-06-13T16:00,Puno,Chucuito,Juli,210401,-16.2122,-69.4596,3869,22310,12717,57.0,True,papa,11.8,49,8.2,1.4,0.0,63,11.8,6,16,heladas_invernales,4.5,0,bajo
2024-06-13,2024-06-13T17:00,Puno,Chucuito,Juli,210401,-16.2122,-69.4596,3869,22310,12717,57.0,True,papa,10.1,60,7.6,2.7,0.0,51,5.8,6,17,heladas_invernales,4.5,0,bajo
2024-06-13,2024-06-13T18:00,Puno,Chucuito,Juli,210401,-16.2122,-69.4596,3869,22310,12717,57.0,True,papa,10.8,55,8.4,2.2,0.0,70,4.6,6,18,heladas_invernales,4.5,0,bajo
2024-06-13,2024-06-13T19:00,Puno,Chucuito,Juli,210401,-16.2122,-69.4596,3869,22310,12717,57.0,True,papa,7.1,75,3.9,3.0,0.0,33,11.0,6,19,heladas_invernales,4.5,0,bajo
2024-06-13,2024-06-13T20:00,Puno,Chucuito,Juli,210401,-16.2122,-69.4596,3869,22310,12717,57.0,True,papa,7.8,47,3.7,-2.9,0.0,72,10.8,6,20,heladas_invernales,4.5,0,bajo
2024-06-13,2024-06-13T21:00,Puno,Chucuito,Juli,210401,-16.2122,-69.4596,3869,22310,12717,57.0,True,papa,7.1,40,2.5,-5.5,0.0,24,11.6,6,21,heladas_invernales,4.5,0,bajo
2024-06-13,2024-06-13T22:00,Puno,Chucuito,Juli,210401,-16.2122,-69.4596,3869,22310,12717,57.0,True,papa,5.7,47,1.4,-4.7,0.0,17,10.5,6,22,heladas_invernales,4.5,0,bajo
2024-06-13,2024-06-13T23:00,Puno,Chucuito,Juli,210401,-16.2122,-69.4596,3869,22310,12717,57.0,True,papa,4.5,56,0.3,-3.4,0.0,4,11.0,6,23,heladas_invernales,4.5,0,bajo
2024-06-14,2024-06-14T00:00,Puno,Chucuito,Juli,210401,-16.2122,-69.4596,3869,22310,12717,57.0,True,papa,3.1,63,-1.5,-3.3,0.0,0,13.8,6,0,heladas_invernales,3.1,0,bajo
2024-06-14,2024-06-14T01:00,Puno,Chucuito,Juli,210401,-16.2122,-69.4596,3869,22310,12717,57.0,True,papa,4.8,51,0.5,-4.4,0.0,0,10.8,6,1,heladas_invernales,3.1,0,bajo
2024-06-14,2024-06-14T02:00,Puno,Chucuito,Juli,210401,-16.2122,-69.4596,3869,22310,12717,57.0,True,papa,7.9,41,3.9,-4.7,0.0,0,8.4,6,2,heladas_invernales,3.1,0,bajo
2024-06-14,2024-06-14T03:00,Puno,Chucuito,Juli,210401,-16.2122,-69.4596,3869,22310,12717,57.0,True,papa,7.9,39,4.1,-5.2,0.0,0,6.8,6,3,heladas_invernales,3.1,0,bajo
2024-06-14,2024-06-14T04:00,Puno,Chucuito,Juli,210401,-16.2122,-69.4596,3869,22310,12717,57.0,True,papa,7.9,39,4.4,-5.2,0.0,10,4.8,6,4,heladas_invernales,3.1,0,bajo
2024-06-14,2024-06-14T05:00,Puno,Chucuito,Juli,210401,-16.2122,-69.4596,3869,22310,12717,57.0,True,papa,7.6,43,4.4,-4.0,0.0,2,3.6,6,5,heladas_invernales,3.1,0,bajo
2024-06-14,2024-06-14T06:00,Puno,Chucuito,Juli,210401,-16.2122,-69.4596,3869,22310,12717,57.0,True,papa,6.7,61,4.1,-0.3,0.0,3,2.9,6,6,heladas_invernales,3.1,0,bajo
2024-06-14,2024-06-14T07:00,Puno,Chucuito,Juli,210401,-16.2122,-69.4596,3869,22310,12717,57.0,True,papa,5.6,82,3.4,2.7,0.0,0,3.6,6,7,heladas_invernales,3.1,0,bajo
2024-06-14,2024-06-14T08:00,Puno,Chucuito,Juli,210401,-16.2122,-69.4596,3869,22310,12717,57.0,True,papa,8.2,38,4.8,-5.3,0.0,0,3.9,6,8,heladas_invernales,3.1,0,bajo
2024-06-14,2024-06-14T09:00,Puno,Chucuito,Juli,210401,-16.2122,-69.4596,3869,22310,12717,57.0,True,papa,9.5,35,6.3,-5.2,0.0,0,2.4,6,9,heladas_invernales,3.1,0,bajo
2024-06-14,2024-06-14T10:00,Puno,Chucuito,Juli,210401,-16.2122,-69.4596,3869,22310,12717,57.0,True,papa,10.3,39,7.4,-3.0,0.0,0,8.5,6,10,heladas_invernales,3.1,0,bajo
2024-06-14,2024-06-14T11:00,Puno,Chucuito,Juli,210401,-16.2122,-69.4596,3869,22310,12717,57.0,True,papa,10.7,41,7.8,-1.9,0.0,0,12.7,6,11,heladas_invernales,3.1,0,bajo
2024-06-14,2024-06-14T12:00,Puno,Chucuito,Juli,210401,-16.2122,-69.4596,3869,22310,12717,57.0,True,papa,11.0,42,8.6,-1.5,0.0,0,11.8,6,12,heladas_invernales,3.1,0,bajo
2024-06-14,2024-06-14T13:00,Puno,Chucuito,Juli,210401,-16.2122,-69.4596,3869,22310,12717,57.0,True,papa,11.6,41,9.3,-1.1,0.0,0,10.6,6,13,heladas_invernales,3.1,0,bajo
2024-06-14,2024-06-14T14:00,Puno,Chucuito,Juli,210401,-16.2122,-69.4596,3869,22310,12717,57.0,True,papa,11.7,43,8.9,-0.4,0.0,0,11.3,6,14,heladas_invernales,3.1,0,bajo
2024-06-14,2024-06-14T15:00,Puno,Chucuito,Juli,210401,-16.2122,-69.4596,3869,22310,12717,57.0,True,papa,11.4,44,7.6,-0.3,0.0,0,11.6,6,15,heladas_invernales,3.1,0,bajo
2024-06-14,2024-06-14T16:00,Puno,Chucuito,Juli,210401,-16.2122,-69.4596,3869,22310,12717,57.0,True,papa,10.5,43,6.4,-1.5,0.0,0,12.1,6,16,heladas_invernales,3.1,0,bajo
2024-06-14,2024-06-14T17:00,Puno,Chucuito,Juli,210401,-16.2122,-69.4596,3869,22310,12717,57.0,True,papa,8.9,46,5.0,-2.2,0.0,0,9.8,6,17,heladas_invernales,3.1,0,bajo
2024-06-14,2024-06-14T18:00,Puno,Chucuito,Juli,210401,-16.2122,-69.4596,3869,22310,12717,57.0,True,papa,7.3,54,3.8,-1.5,0.0,0,7.6,6,18,heladas_invernales,3.1,0,bajo
2024-06-14,2024-06-14T19:00,Puno,Chucuito,Juli,210401,-16.2122,-69.4596,3869,22310,12717,57.0,True,papa,6.2,71,3.1,1.3,0.0,0,8.3,6,19,heladas_invernales,3.1,0,bajo
2024-06-14,2024-06-14T20:00,Puno,Chucuito,Juli,210401,-16.2122,-69.4596,3869,22310,12717,57.0,True,papa,5.2,73,1.5,0.8,0.0,0,11.2,6,20,heladas_invernales,3.1,0,bajo
2024-06-14,2024-06-14T21:00,Puno,Chucuito,Juli,210401,-16.2122,-69.4596,3869,22310,12717,57.0,True,papa,5.1,66,0.9,-0.7,0.0,0,13.6,6,21,heladas_invernales,3.1,0,bajo
2024-06-14,2024-06-14T22:00,Puno,Chucuito,Juli,210401,-16.2122,-69.4596,3869,22310,12717,57.0,True,papa,5.9,38,1.3,-7.4,0.0,0,11.0,6,22,heladas_invernales,3.1,0,bajo
2024-06-14,2024-06-14T23:00,Puno,Chucuito,Juli,210401,-16.2122,-69.4596,3869,22310,12717,57.0,True,papa,4.1,47,-0.7,-6.3,0.0,0,13.0,6,23,heladas_invernales,3.1,0,bajo
2024-06-01,2024-06-01T00:00,Puno,El Collao,Ilave,210501,-16.0833,-69.6389,3850,50239,34163,68.0,True,papa,1.2,61,-3.5,-5.6,0.0,0,12.5,6,0,heladas_invernales,-4.2,6,alto
2024-06-01,2024-06-01T01:00,Puno,El Collao,Ilave,210501,-16.0833,-69.6389,3850,50239,34163,68.0,True,papa,0.0,59,-5.0,-7.1,0.0,0,13.6,6,1,heladas_invernales,-4.2,6,alto
2024-06-01,2024-06-01T02:00,Puno,El Collao,Ilave,210501,-16.0833,-69.6389,3850,50239,34163,68.0,True,papa,-1.1,58,-6.3,-8.4,0.0,0,14.0,6,2,heladas_invernales,-4.2,6,alto
2024-06-01,2024-06-01T03:00,Puno,El Collao,Ilave,210501,-16.0833,-69.6389,3850,50239,34163,68.0,True,papa,-2.2,58,-7.5,-9.3,0.0,0,14.1,6,3,heladas_invernales,-4.2,6,alto
2024-06-01,2024-06-01T04:00,Puno,El Collao,Ilave,210501,-16.0833,-69.6389,3850,50239,34163,68.0,True,papa,-3.0,57,-8.4,-10.4,0.0,0,14.3,6,4,heladas_invernales,-4.2,6,alto
2024-06-01,2024-06-01T05:00,Puno,El Collao,Ilave,210501,-16.0833,-69.6389,3850,50239,34163,68.0,True,papa,-3.7,55,-9.3,-11.4,0.0,0,15.2,6,5,heladas_invernales,-4.2,6,alto
2024-06-01,2024-06-01T06:00,Puno,El Collao,Ilave,210501,-16.0833,-69.6389,3850,50239,34163,68.0,True,papa,-4.2,54,-9.9,-12.1,0.0,0,15.5,6,6,heladas_invernales,-4.2,6,alto
2024-06-01,2024-06-01T07:00,Puno,El Collao,Ilave,210501,-16.0833,-69.6389,3850,50239,34163,68.0,True,papa,-2.2,48,-7.5,-11.9,0.0,21,12.6,6,7,heladas_invernales,-4.2,6,alto
2024-06-01,2024-06-01T08:00,Puno,El Collao,Ilave,210501,-16.0833,-69.6389,3850,50239,34163,68.0,True,papa,3.8,35,-0.9,-10.3,0.0,0,9.7,6,8,heladas_invernales,-4.2,6,alto
2024-06-01,2024-06-01T09:00,Puno,El Collao,Ilave,210501,-16.0833,-69.6389,3850,50239,34163,68.0,True,papa,8.4,24,3.9,-11.2,0.0,0,7.4,6,9,heladas_invernales,-4.2,6,alto
2024-06-01,2024-06-01T10:00,Puno,El Collao,Ilave,210501,-16.0833,-69.6389,3850,50239,34163,68.0,True,papa,10.9,18,8.5,-12.4,0.0,0,1.6,6,10,heladas_invernales,-4.2,6,alto
2024-06-01,2024-06-01T11:00,Puno,El Collao,Ilave,210501,-16.0833,-69.6389,3850,50239,34163,68.0,True,papa,12.6,19,10.4,-10.1,0.0,0,5.4,6,11,heladas_invernales,-4.2,6,alto
2024-06-01,2024-06-01T12:00,Puno,El Collao,Ilave,210501,-16.0833,-69.6389,3850,50239,34163,68.0,True,papa,13.6,21,11.2,-8.2,0.0,0,9.0,6,12,heladas_invernales,-4.2,6,alto
2024-06-01,2024-06-01T13:00,Puno,El Collao,Ilave,210501,-16.0833,-69.6389,3850,50239,34163,68.0,True,papa,14.1,24,11.4,-6.4,0.0,0,10.8,6,13,heladas_invernales,-4.2,6,alto
2024-06-01,2024-06-01T14:00,Puno,El Collao,Ilave,210501,-16.0833,-69.6389,3850,50239,34163,68.0,True,papa,14.2,26,11.0,-4.9,0.0,0,10.9,6,14,heladas_invernales,-4.2,6,alto
2024-06-01,2024-06-01T15:00,Puno,El Collao,Ilave,210501,-16.0833,-69.6389,3850,50239,34163,68.0,True,papa,14.0,26,9.8,-5.2,0.0,0,11.1,6,15,heladas_invernales,-4.2,6,alto
2024-06-01,2024-06-01T16:00,Puno,El Collao,Ilave,210501,-16.0833,-69.6389,3850,50239,34163,68.0,True,papa,13.1,23,8.2,-7.3,0.0,0,13.0,6,16,heladas_invernales,-4.2,6,alto
2024-06-01,2024-06-01T17:00,Puno,El Collao,Ilave,210501,-16.0833,-69.6389,3850,50239,34163,68.0,True,papa,11.8,22,6.9,-9.3,0.0,0,11.5,6,17,heladas_invernales,-4.2,6,alto
2024-06-01,2024-06-01T18:00,Puno,El Collao,Ilave,210501,-16.0833,-69.6389,3850,50239,34163,68.0,True,papa,9.6,33,5.4,-5.8,0.0,0,9.4,6,18,heladas_invernales,-4.2,6,alto
2024-06-01,2024-06-01T19:00,Puno,El Collao,Ilave,210501,-16.0833,-69.6389,3850,50239,34163,68.0,True,papa,8.7,40,5.4,-4.1,0.0,0,4.6,6,19,heladas_invernales,-4.2,6,alto
2024-06-01,2024-06-01T20:00,Puno,El Collao,Ilave,210501,-16.0833,-69.6389,3850,50239,34163,68.0,True,papa,6.2,44,2.1,-5.0,0.0,0,9.4,6,20,heladas_invernales,-4.2,6,alto
2024-06-01,2024-06-01T21:00,Puno,El Collao,Ilave,210501,-16.0833,-69.6389,3850,50239,34163,68.0,True,papa,4.6,48,-0.2,-5.5,0.0,0,13.5,6,21,heladas_invernales,-4.2,6,alto
2024-06-01,2024-06-01T22:00,Puno,El Collao,Ilave,210501,-16.0833,-69.6389,3850,50239,34163,68.0,True,papa,3.5,52,-1.2,-5.4,0.0,0,12.8,6,22,heladas_invernales,-4.2,6,alto
2024-06-01,2024-06-01T23:00,Puno,El Collao,Ilave,210501,-16.0833,-69.6389,3850,50239,34163,68.0,True,papa,2.7,57,-2.1,-5.1,0.0,0,13.1,6,23,heladas_invernales,-4.2,6,alto
2024-06-02,2024-06-02T00:00,Puno,El Collao,Ilave,210501,-16.0833,-69.6389,3850,50239,34163,68.0,True,papa,1.7,62,-3.0,-4.8,0.0,0,13.3,6,0,heladas_invernales,-3.5,6,alto
2024-06-02,2024-06-02T01:00,Puno,El Collao,Ilave,210501,-16.0833,-69.6389,3850,50239,34163,68.0,True,papa,0.7,66,-4.1,-4.9,0.0,0,14.1,6,1,heladas_invernales,-3.5,6,alto
2024-06-02,2024-06-02T02:00,Puno,El Collao,Ilave,210501,-16.0833,-69.6389,3850,50239,34163,68.0,True,papa,-0.2,68,-5.2,-5.4,0.0,0,14.6,6,2,heladas_invernales,-3.5,6,alto
2024-06-02,2024-06-02T03:00,Puno,El Collao,Ilave,210501,-16.0833,-69.6389,3850,50239,34163,68.0,True,papa,-1.0,68,-6.0,-6.2,0.0,0,14.4,6,3,heladas_invernales,-3.5,6,alto
2024-06-02,2024-06-02T04:00,Puno,El Collao,Ilave,210501,-16.0833,-69.6389,3850,50239,34163,68.0,True,papa,-1.8,67,-6.9,-7.2,0.0,0,15.0,6,4,heladas_invernales,-3.5,6,alto
2024-06-02,2024-06-02T05:00,Puno,El Collao,Ilave,210501,-16.0833,-69.6389,3850,50239,34163,68.0,True,papa,-2.8,65,-8.1,-8.4,0.0,0,15.2,6,5,heladas_invernales,-3.5,6,alto
2024-06-02,2024-06-02T06:00,Puno,El Collao,Ilave,210501,-16.0833,-69.6389,3850,50239,34163,68.0,True,papa,-3.5,61,-9.0,-9.8,0.0,0,15.7,6,6,heladas_invernales,-3.5,6,alto
2024-06-02,2024-06-02T07:00,Puno,El Collao,Ilave,210501,-16.0833,-69.6389,3850,50239,34163,68.0,True,papa,-0.9,49,-6.4,-10.2,0.0,0,14.8,6,7,heladas_invernales,-3.5,6,alto
2024-06-02,2024-06-02T08:00,Puno,El Collao,Ilave,210501,-16.0833,-69.6389,3850,50239,34163,68.0,True,papa,4.5,35,-0.3,-9.6,0.0,0,10.7,6,8,heladas_invernales,-3.5,6,alto
2024-06-02,2024-06-02T09:00,Puno,El Collao,Ilave,210501,-16.0833,-69.6389,3850,50239,34163,68.0,True,papa,9.0,23,4.5,-10.8,0.0,0,8.3,6,9,heladas_invernales,-3.5,6,alto
2024-06-02,2024-06-02T10:00,Puno,El Collao,Ilave,210501,-16.0833,-69.6389,3850,50239,34163,68.0,True,papa,11.3,20,8.6,-10.6,0.0,0,3.7,6,10,heladas_invernales,-3.5,6,alto
2024-06-02,2024-06-02T11:00,Puno,El Collao,Ilave,210501,-16.0833,-69.6389,3850,50239,34163,68.0,True,papa,12.9,22,11.7,-8.2,0.0,0,0.4,6,11,heladas_invernales,-3.5,6,alto
2024-06-02,2024-06-02T12:00,Puno,El Collao,Ilave,210501,-16.0833,-69.6389,3850,50239,34163,68.0,True,papa,14.1,20,12.6,-8.3,0.0,0,4.1,6,12,heladas_invernales,-3.5,6,alto
2024-06-02,2024-06-02T13:00,Puno,El Collao,Ilave,210501,-16.0833,-69.6389,3850,50239,34163,68.0,True,papa,14.8,22,12.3,-6.8,0.0,35,8.8,6,13,heladas_invernales,-3.5,6,alto
2024-06-02,2024-06-02T14:00,Puno,El Collao,Ilave,210501,-16.0833,-69.6389,3850,50239,34163,68.0,True,papa,14.8,25,11.5,-5.2,0.0,83,11.2,6,14,heladas_invernales,-3.5,6,alto
2024-06-02,2024-06-02T15:00,Puno,El Collao,Ilave,210501,-16.0833,-69.6389,3850,50239,34163,68.0,True,papa,14.6,24,10.0,-6.0,0.0,58,13.1,6,15,heladas_invernales,-3.5,6,alto
2024-06-02,2024-06-02T16:00,Puno,El Collao,Ilave,210501,-16.0833,-69.6389,3850,50239,34163,68.0,True,papa,14.1,19,9.0,-9.1,0.0,0,13.0,6,16,heladas_invernales,-3.5,6,alto
2024-06-02,2024-06-02T17:00,Puno,El Collao,Ilave,210501,-16.0833,-69.6389,3850,50239,34163,68.0,True,papa,12.1,18,7.0,-11.2,0.0,0,12.3,6,17,heladas_invernales,-3.5,6,alto
2024-06-02,2024-06-02T18:00,Puno,El Collao,Ilave,210501,-16.0833,-69.6389,3850,50239,34163,68.0,True,papa,9.4,29,5.0,-7.8,0.0,0,8.7,6,18,heladas_invernales,-3.5,6,alto
2024-06-02,2024-06-02T19:00,Puno,El Collao,Ilave,210501,-16.0833,-69.6389,3850,50239,34163,68.0,True,papa,7.6,48,4.2,-2.6,0.0,0,6.5,6,19,heladas_invernales,-3.5,6,alto
2024-06-02,2024-06-02T20:00,Puno,El Collao,Ilave,210501,-16.0833,-69.6389,3850,50239,34163,68.0,True,papa,6.5,39,1.8,-6.4,0.0,0,12.4,6,20,heladas_invernales,-3.5,6,alto
2024-06-02,2024-06-02T21:00,Puno,El Collao,Ilave,210501,-16.0833,-69.6389,3850,50239,34163,68.0,True,papa,4.5,44,-0.4,-6.8,0.0,0,13.0,6,21,heladas_invernales,-3.5,6,alto
2024-06-02,2024-06-02T22:00,Puno,El Collao,Ilave,210501,-16.0833,-69.6389,3850,50239,34163,68.0,True,papa,3.8,49,-0.8,-5.9,0.0,4,11.7,6,22,heladas_invernales,-3.5,6,alto
2024-06-02,2024-06-02T23:00,Puno,El Collao,Ilave,210501,-16.0833,-69.6389,3850,50239,34163,68.0,True,papa,3.2,55,-1.4,-5.0,0.0,7,12.4,6,23,heladas_invernales,-3.5,6,alto
2024-06-03,2024-06-03T00:00,Puno,El Collao,Ilave,210501,-16.0833,-69.6389,3850,50239,34163,68.0,True,papa,1.8,61,-3.0,-4.9,0.0,26,13.8,6,0,heladas_invernales,-3.4,6,alto
2024-06-03,2024-06-03T01:00,Puno,El Collao,Ilave,210501,-16.0833,-69.6389,3850,50239,34163,68.0,True,papa,0.4,67,-4.3,-4.9,0.0,93,13.8,6,1,heladas_invernales,-3.4,6,alto
2024-06-03,2024-06-03T02:00,Puno,El Collao,Ilave,210501,-16.0833,-69.6389,3850,50239,34163,68.0,True,papa,-0.4,71,-5.2,-5.0,0.0,23,13.9,6,2,heladas_invernales,-3.4,6,alto
2024-06-03,2024-06-03T03:00,Puno,El Collao,Ilave,210501,-16.0833,-69.6389,3850,50239,34163,68.0,True,papa,-1.4,75,-6.2,-5.3,0.0,34,13.8,6,3,heladas_invernales,-3.4,6,alto
2024-06-03,2024-06-03T04:00,Puno,El Collao,Ilave,210501,-16.0833,-69.6389,3850,50239,34163,68.0,True,papa,-2.3,77,-7.2,-5.8,0.0,72,14.2,6,4,heladas_invernales,-3.4,6,alto
2024-06-03,2024-06-03T05:00,Puno,El Collao,Ilave,210501,-16.0833,-69.6389,3850,50239,34163,68.0,True,papa,-2.6,76,-7.5,-6.2,0.0,53,13.7,6,5,heladas_invernales,-3.4,6,alto
2024-06-03,2024-06-03T06:00,Puno,El Collao,Ilave,210501,-16.0833,-69.6389,3850,50239,34163,68.0,True,papa,-3.4,79,-8.3,-6.6,0.0,72,13.5,6,6,heladas_invernales,-3.4,6,alto
2024-06-03,2024-06-03T07:00,Puno,El Collao,Ilave,210501,-16.0833,-69.6389,3850,50239,34163,68.0,True,papa,-1.1,68,-5.7,-6.2,0.0,96,11.0,6,7,heladas_invernales,-3.4,6,alto
2024-06-03,2024-06-03T08:00,Puno,El Collao,Ilave,210501,-16.0833,-69.6389,3850,50239,34163,68.0,True,papa,6.1,44,2.7,-5.2,0.0,2,4.4,6,8,heladas_invernales,-3.4,6,alto
2024-06-03,2024-06-03T09:00,Puno,El Collao,Ilave,210501,-16.0833,-69.6389,3850,50239,34163,68.0,True,papa,9.6,34,6.0,-5.7,0.0,1,5.4,6,9,heladas_invernales,-3.4,6,alto
2024-06-03,2024-06-03T10:00,Puno,El Collao,Ilave,210501,-16.0833,-69.6389,3850,50239,34163,68.0,True,papa,11.7,42,9.1,-0.6,0.0,0,9.0,6,10,heladas_invernales,-3.4,6,alto
2024-06-03,2024-06-03T11:00,Puno,El Collao,Ilave,210501,-16.0833,-69.6389,3850,50239,34163,68.0,True,papa,13.4,28,9.9,-4.6,0.0,0,14.8,6,11,heladas_invernales,-3.4,6,alto
2024-06-03,2024-06-03T12:00,Puno,El Collao,Ilave,210501,-16.0833,-69.6389,3850,50239,34163,68.0,True,papa,14.1,21,10.2,-7.7,0.0,26,17.4,6,12,heladas_invernales,-3.4,6,alto
2024-06-03,2024-06-03T13:00,Puno,El Collao,Ilave,210501,-16.0833,-69.6389,3850,50239,34163,68.0,True,papa,14.2,22,10.2,-7.5,0.0,77,17.3,6,13,heladas_invernales,-3.4,6,alto
2024-06-03,2024-06-03T14:00,Puno,El Collao,Ilave,210501,-16.0833,-69.6389,3850,50239,34163,68.0,True,papa,14.0,24,10.0,-6.2,0.0,50,14.5,6,14,heladas_invernales,-3.4,6,alto
2024-06-03,2024-06-03T15:00,Puno,El Collao,Ilave,210501,-16.0833,-69.6389,3850,50239,34163,68.0,True,papa,13.6,27,9.0,-4.8,0.0,0,14.2,6,15,heladas_invernales,-3.4,6,alto
2024-06-03,2024-06-03T16:00,Puno,El Collao,Ilave,210501,-16.0833,-69.6389,3850,50239,34163,68.0,True,papa,13.0,31,8.0,-4.0,0.0,0,16.0,6,16,heladas_invernales,-3.4,6,alto
2024-06-03,2024-06-03T17:00,Puno,El Collao,Ilave,210501,-16.0833,-69.6389,3850,50239,34163,68.0,True,papa,11.1,36,6.2,-3.3,0.0,0,15.9,6,17,heladas_invernales,-3.4,6,alto
2024-06-03,2024-06-03T18:00,Puno,El Collao,Ilave,210501,-16.0833,-69.6389,3850,50239,34163,68.0,True,papa,9.6,41,5.4,-3.0,0.0,0,10.9,6,18,heladas_invernales,-3.4,6,alto
2024-06-03,2024-06-03T19:00,Puno,El Collao,Ilave,210501,-16.0833,-69.6389,3850,50239,34163,68.0,True,papa,7.7,55,4.2,-0.9,0.0,0,7.9,6,19,heladas_invernales,-3.4,6,alto
2024-06-03,2024-06-03T20:00,Puno,El Collao,Ilave,210501,-16.0833,-69.6389,3850,50239,34163,68.0,True,papa,8.3,45,5.4,-3.0,0.0,0,2.5,6,20,heladas_invernales,-3.4,6,alto
2024-06-03,2024-06-03T21:00,Puno,El Collao,Ilave,210501,-16.0833,-69.6389,3850,50239,34163,68.0,True,papa,7.6,48,4.5,-2.7,0.0,0,3.6,6,21,heladas_invernales,-3.4,6,alto
2024-06-03,2024-06-03T22:00,Puno,El Collao,Ilave,210501,-16.0833,-69.6389,3850,50239,34163,68.0,True,papa,4.2,59,-0.3,-3.2,0.0,0,13.1,6,22,heladas_invernales,-3.4,6,alto
2024-06-03,2024-06-03T23:00,Puno,El Collao,Ilave,210501,-16.0833,-69.6389,3850,50239,34163,68.0,True,papa,2.2,66,-2.4,-3.5,0.0,9,13.5,6,23,heladas_invernales,-3.4,6,alto
2024-06-04,2024-06-04T00:00,Puno,El Collao,Ilave,210501,-16.0833,-69.6389,3850,50239,34163,68.0,True,papa,1.8,68,-2.6,-3.4,0.0,0,12.1,6,0,heladas_invernales,-2.9,5,alto
2024-06-04,2024-06-04T01:00,Puno,El Collao,Ilave,210501,-16.0833,-69.6389,3850,50239,34163,68.0,True,papa,1.0,71,-3.4,-3.7,0.0,0,12.7,6,1,heladas_invernales,-2.9,5,alto
2024-06-04,2024-06-04T02:00,Puno,El Collao,Ilave,210501,-16.0833,-69.6389,3850,50239,34163,68.0,True,papa,0.2,71,-4.3,-4.4,0.0,0,12.5,6,2,heladas_invernales,-2.9,5,alto
2024-06-04,2024-06-04T03:00,Puno,El Collao,Ilave,210501,-16.0833,-69.6389,3850,50239,34163,68.0,True,papa,-0.4,71,-5.3,-5.2,0.0,0,14.1,6,3,heladas_invernales,-2.9,5,alto
2024-06-04,2024-06-04T04:00,Puno,El Collao,Ilave,210501,-16.0833,-69.6389,3850,50239,34163,68.0,True,papa,-1.0,70,-6.0,-5.8,0.0,0,14.4,6,4,heladas_invernales,-2.9,5,alto
2024-06-04,2024-06-04T05:00,Puno,El Collao,Ilave,210501,-16.0833,-69.6389,3850,50239,34163,68.0,True,papa,-1.9,73,-6.8,-6.1,0.0,0,14.1,6,5,heladas_invernales,-2.9,5,alto
2024-06-04,2024-06-04T06:00,Puno,El Collao,Ilave,210501,-16.0833,-69.6389,3850,50239,34163,68.0,True,papa,-2.9,77,-7.8,-6.3,0.0,0,13.9,6,6,heladas_invernales,-2.9,5,alto
2024-06-04,2024-06-04T07:00,Puno,El Collao,Ilave,210501,-16.0833,-69.6389,3850,50239,34163,68.0,True,papa,-0.9,69,-5.7,-5.8,0.0,0,13.3,6,7,heladas_invernales,-2.9,5,alto
2024-06-04,2024-06-04T08:00,Puno,El Collao,Ilave,210501,-16.0833,-69.6389,3850,50239,34163,68.0,True,papa,5.1,46,0.7,-5.7,0.0,0,10.4,6,8,heladas_invernales,-2.9,5,alto
2024-06-04,2024-06-04T09:00,Puno,El Collao,Ilave,210501,-16.0833,-69.6389,3850,50239,34163,68.0,True,papa,9.1,35,5.2,-5.7,0.0,0,7.4,6,9,heladas_invernales,-2.9,5,alto
2024-06-04,2024-06-04T10:00,Puno,El Collao,Ilave,210501,-16.0833,-69.6389,3850,50239,34163,68.0,True,papa,11.0,36,9.0,-3.7,0.0,0,2.9,6,10,heladas_invernales,-2.9,5,alto
2024-06-04,2024-06-04T11:00,Puno,El Collao,Ilave,210501,-16.0833,-69.6389,3850,50239,34163,68.0,True,papa,12.7,37,11.0,-1.6,0.0,0,6.6,6,11,heladas_invernales,-2.9,5,alto
2024-06-04,2024-06-04T12:00,Puno,El Collao,Ilave,210501,-16.0833,-69.6389,3850,50239,34163,68.0,True,papa,13.9,39,12.0,0.1,0.0,0,10.9,6,12,heladas_invernales,-2.9,5,alto
2024-06-04,2024-06-04T13:00,Puno,El Collao,Ilave,210501,-16.0833,-69.6389,3850,50239,34163,68.0,True,papa,14.6,37,12.2,0.1,0.0,0,12.6,6,13,heladas_invernales,-2.9,5,alto
2024-06-04,2024-06-04T14:00,Puno,El Collao,Ilave,210501,-16.0833,-69.6389,3850,50239,34163,68.0,True,papa,15.0,32,12.0,-1.6,0.0,0,11.4,6,14,heladas_invernales,-2.9,5,alto
2024-06-04,2024-06-04T15:00,Puno,El Collao,Ilave,210501,-16.0833,-69.6389,3850,50239,34163,68.0,True,papa,14.9,28,10.9,-3.2,0.0,1,11.3,6,15,heladas_invernales,-2.9,5,alto
2024-06-04,2024-06-04T16:00,Puno,El Collao,Ilave,210501,-16.0833,-69.6389,3850,50239,34163,68.0,True,papa,14.2,24,9.3,-6.3,0.0,1,13.8,6,16,heladas_invernales,-2.9,5,alto
2024-06-04,2024-06-04T17:00,Puno,El Collao,Ilave,210501,-16.0833,-69.6389,3850,50239,34163,68.0,True,papa,12.1,24,7.1,-7.9,0.0,0,13.8,6,17,heladas_invernales,-2.9,5,alto
2024-06-04,2024-06-04T18:00,Puno,El Collao,Ilave,210501,-16.0833,-69.6389,3850,50239,34163,68.0,True,papa,9.4,35,5.4,-5.1,0.0,0,8.3,6,18,heladas_invernales,-2.9,5,alto
2024-06-04,2024-06-04T19:00,Puno,El Collao,Ilave,210501,-16.0833,-69.6389,3850,50239,34163,68.0,True,papa,8.5,42,5.3,-3.7,0.0,0,4.0,6,19,heladas_invernales,-2.9,5,alto
2024-06-04,2024-06-04T20:00,Puno,El Collao,Ilave,210501,-16.0833,-69.6389,3850,50239,34163,68.0,True,papa,6.4,38,1.5,-6.8,0.0,0,13.7,6,20,heladas_invernales,-2.9,5,alto
2024-06-04,2024-06-04T21:00,Puno,El Collao,Ilave,210501,-16.0833,-69.6389,3850,50239,34163,68.0,True,papa,4.6,46,-0.2,-5.9,0.0,0,12.6,6,21,heladas_invernales,-2.9,5,alto
2024-06-04,2024-06-04T22:00,Puno,El Collao,Ilave,210501,-16.0833,-69.6389,3850,50239,34163,68.0,True,papa,4.1,53,-0.4,-4.8,0.0,0,11.8,6,22,heladas_invernales,-2.9,5,alto
2024-06-04,2024-06-04T23:00,Puno,El Collao,Ilave,210501,-16.0833,-69.6389,3850,50239,34163,68.0,True,papa,3.0,59,-1.4,-4.1,0.0,0,12.5,6,23,heladas_invernales,-2.9,5,alto
2024-06-05,2024-06-05T00:00,Puno,El Collao,Ilave,210501,-16.0833,-69.6389,3850,50239,34163,68.0,True,papa,1.6,67,-3.0,-4.0,0.0,0,13.2,6,0,heladas_invernales,-2.1,5,alto
2024-06-05,2024-06-05T01:00,Puno,El Collao,Ilave,210501,-16.0833,-69.6389,3850,50239,34163,68.0,True,papa,0.6,70,-4.2,-4.2,0.0,0,14.3,6,1,heladas_invernales,-2.1,5,alto
2024-06-05,2024-06-05T02:00,Puno,El Collao,Ilave,210501,-16.0833,-69.6389,3850,50239,34163,68.0,True,papa,-0.1,73,-4.9,-4.4,0.0,0,14.1,6,2,heladas_invernales,-2.1,5,alto
2024-06-05,2024-06-05T03:00,Puno,El Collao,Ilave,210501,-16.0833,-69.6389,3850,50239,34163,68.0,True,papa,-1.0,77,-5.8,-4.5,0.0,0,14.5,6,3,heladas_invernales,-2.1,5,alto
2024-06-05,2024-06-05T04:00,Puno,El Collao,Ilave,210501,-16.0833,-69.6389,3850,50239,34163,68.0,True,papa,-1.5,78,-6.5,-4.8,0.0,0,15.1,6,4,heladas_invernales,-2.1,5,alto
2024-06-05,2024-06-05T05:00,Puno,El Collao,Ilave,210501,-16.0833,-69.6389,3850,50239,34163,68.0,True,papa,-2.1,79,-7.1,-5.2,0.0,0,15.3,6,5,heladas_invernales,-2.1,5,alto
2024-06-05,2024-06-05T06:00,Puno,El Collao,Ilave,210501,-16.0833,-69.6389,3850,50239,34163,68.0,True,papa,-2.1,75,-7.3,-5.8,0.0,0,15.7,6,6,heladas_invernales,-2.1,5,alto
2024-06-05,2024-06-05T07:00,Puno,El Collao,Ilave,210501,-16.0833,-69.6389,3850,50239,34163,68.0,True,papa,0.6,62,-4.4,-5.9,0.0,0,14.2,6,7,heladas_invernales,-2.1,5,alto
2024-06-05,2024-06-05T08:00,Puno,El Collao,Ilave,210501,-16.0833,-69.6389,3850,50239,34163,68.0,True,papa,5.4,47,1.1,-5.1,0.0,0,10.6,6,8,heladas_invernales,-2.1,5,alto
2024-06-05,2024-06-05T09:00,Puno,El Collao,Ilave,210501,-16.0833,-69.6389,3850,50239,34163,68.0,True,papa,9.9,32,6.2,-6.1,0.0,1,5.4,6,9,heladas_invernales,-2.1,5,alto
2024-06-05,2024-06-05T10:00,Puno,El Collao,Ilave,210501,-16.0833,-69.6389,3850,50239,34163,68.0,True,papa,12.2,35,9.6,-3.0,0.0,2,6.6,6,10,heladas_invernales,-2.1,5,alto
2024-06-05,2024-06-05T11:00,Puno,El Collao,Ilave,210501,-16.0833,-69.6389,3850,50239,34163,68.0,True,papa,13.6,33,11.1,-2.2,0.0,1,11.4,6,11,heladas_invernales,-2.1,5,alto
2024-06-05,2024-06-05T12:00,Puno,El Collao,Ilave,210501,-16.0833,-69.6389,3850,50239,34163,68.0,True,papa,14.4,33,11.7,-1.5,0.0,0,14.4,6,12,heladas_invernales,-2.1,5,alto
2024-06-05,2024-06-05T13:00,Puno,El Collao,Ilave,210501,-16.0833,-69.6389,3850,50239,34163,68.0,True,papa,15.1,27,12.1,-3.5,0.0,0,13.8,6,13,heladas_invernales,-2.1,5,alto
2024-06-05,2024-06-05T14:00,Puno,El Collao,Ilave,210501,-16.0833,-69.6389,3850,50239,34163,68.0,True,papa,15.6,19,11.5,-7.9,0.0,0,14.2,6,14,heladas_invernales,-2.1,5,alto
2024-06-05,2024-06-05T15:00,Puno,El Collao,Ilave,210501,-16.0833,-69.6389,3850,50239,34163,68.0,True,papa,15.4,14,9.8,-12.4,0.0,0,15.9,6,15,heladas_invernales,-2.1,5,alto
2024-06-05,2024-06-05T16:00,Puno,El Collao,Ilave,210501,-16.0833,-69.6389,3850,50239,34163,68.0,True,papa,14.4,15,8.6,-12.2,0.0,0,16.0,6,16,heladas_invernales,-2.1,5,alto
2024-06-05,2024-06-05T17:00,Puno,El Collao,Ilave,210501,-16.0833,-69.6389,3850,50239,34163,68.0,True,papa,12.4,25,8.1,-6.9,0.0,0,8.6,6,17,heladas_invernales,-2.1,5,alto
2024-06-05,2024-06-05T18:00,Puno,El Collao,Ilave,210501,-16.0833,-69.6389,3850,50239,34163,68.0,True,papa,10.8,36,7.6,-3.8,0.0,0,3.6,6,18,heladas_invernales,-2.1,5,alto
2024-06-05,2024-06-05T19:00,Puno,El Collao,Ilave,210501,-16.0833,-69.6389,3850,50239,34163,68.0,True,papa,10.7,31,7.4,-5.8,0.0,0,2.9,6,19,heladas_invernales,-2.1,5,alto
2024-06-05,2024-06-05T20:00,Puno,El Collao,Ilave,210501,-16.0833,-69.6389,3850,50239,34163,68.0,True,papa,6.2,47,2.2,-4.3,0.0,0,9.2,6,20,heladas_invernales,-2.1,5,alto
2024-06-05,2024-06-05T21:00,Puno,El Collao,Ilave,210501,-16.0833,-69.6389,3850,50239,34163,68.0,True,papa,4.9,46,0.2,-5.7,0.0,0,12.9,6,21,heladas_invernales,-2.1,5,alto
2024-06-05,2024-06-05T22:00,Puno,El Collao,Ilave,210501,-16.0833,-69.6389,3850,50239,34163,68.0,True,papa,3.3,52,-1.2,-5.7,0.0,0,11.4,6,22,heladas_invernales,-2.1,5,alto
2024-06-05,2024-06-05T23:00,Puno,El Collao,Ilave,210501,-16.0833,-69.6389,3850,50239,34163,68.0,True,papa,2.8,53,-2.0,-5.8,0.0,0,13.0,6,23,heladas_invernales,-2.1,5,alto
2024-06-06,2024-06-06T00:00,Puno,El Collao,Ilave,210501,-16.0833,-69.6389,3850,50239,34163,68.0,True,papa,1.7,57,-3.1,-6.0,0.0,0,13.2,6,0,heladas_invernales,-3.2,6,alto
2024-06-06,2024-06-06T01:00,Puno,El Collao,Ilave,210501,-16.0833,-69.6389,3850,50239,34163,68.0,True,papa,0.6,60,-4.4,-6.4,0.0,0,13.5,6,1,heladas_invernales,-3.2,6,alto
2024-06-06,2024-06-06T02:00,Puno,El Collao,Ilave,210501,-16.0833,-69.6389,3850,50239,34163,68.0,True,papa,-0.6,63,-5.5,-6.9,0.0,0,13.0,6,2,heladas_invernales,-3.2,6,alto
2024-06-06,2024-06-06T03:00,Puno,El Collao,Ilave,210501,-16.0833,-69.6389,3850,50239,34163,68.0,True,papa,-1.5,64,-6.4,-7.4,0.0,0,13.0,6,3,heladas_invernales,-3.2,6,alto
2024-06-06,2024-06-06T04:00,Puno,El Collao,Ilave,210501,-16.0833,-69.6389,3850,50239,34163,68.0,True,papa,-2.0,65,-7.0,-7.8,0.0,0,13.4,6,4,heladas_invernales,-3.2,6,alto
2024-06-06,2024-06-06T05:00,Puno,El Collao,Ilave,210501,-16.0833,-69.6389,3850,50239,34163,68.0,True,papa,-2.5,67,-7.7,-7.8,0.0,0,14.4,6,5,heladas_invernales,-3.2,6,alto
2024-06-06,2024-06-06T06:00,Puno,El Collao,Ilave,210501,-16.0833,-69.6389,3850,50239,34163,68.0,True,papa,-3.2,70,-8.3,-7.9,0.0,0,14.1,6,6,heladas_invernales,-3.2,6,alto
2024-06-06,2024-06-06T07:00,Puno,El Collao,Ilave,210501,-16.0833,-69.6389,3850,50239,34163,68.0,True,papa,-0.4,58,-5.4,-7.8,0.0,0,12.8,6,7,heladas_invernales,-3.2,6,alto
2024-06-06,2024-06-06T08:00,Puno,El Collao,Ilave,210501,-16.0833,-69.6389,3850,50239,34163,68.0,True,papa,5.8,40,1.2,-6.8,0.0,0,10.7,6,8,heladas_invernales,-3.2,6,alto
2024-06-06,2024-06-06T09:00,Puno,El Collao,Ilave,210501,-16.0833,-69.6389,3850,50239,34163,68.0,True,papa,10.4,27,6.3,-7.7,0.0,0,7.4,6,9,heladas_invernales,-3.2,6,alto
2024-06-06,2024-06-06T10:00,Puno,El Collao,Ilave,210501,-16.0833,-69.6389,3850,50239,34163,68.0,True,papa,12.5,27,9.8,-6.2,0.0,1,5.0,6,10,heladas_invernales,-3.2,6,alto
2024-06-06,2024-06-06T11:00,Puno,El Collao,Ilave,210501,-16.0833,-69.6389,3850,50239,34163,68.0,True,papa,13.9,27,11.3,-4.7,0.0,1,10.3,6,11,heladas_invernales,-3.2,6,alto
2024-06-06,2024-06-06T12:00,Puno,El Collao,Ilave,210501,-16.0833,-69.6389,3850,50239,34163,68.0,True,papa,14.9,27,12.2,-4.2,0.0,1,12.7,6,12,heladas_invernales,-3.2,6,alto
2024-06-06,2024-06-06T13:00,Puno,El Collao,Ilave,210501,-16.0833,-69.6389,3850,50239,34163,68.0,True,papa,15.8,20,12.4,-6.9,0.0,0,13.4,6,13,heladas_invernales,-3.2,6,alto
2024-06-06,2024-06-06T14:00,Puno,El Collao,Ilave,210501,-16.0833,-69.6389,3850,50239,34163,68.0,True,papa,16.1,15,11.8,-10.9,0.0,0,14.1,6,14,heladas_invernales,-3.2,6,alto
2024-06-06,2024-06-06T15:00,Puno,El Collao,Ilave,210501,-16.0833,-69.6389,3850,50239,34163,68.0,True,papa,15.9,11,10.2,-14.8,0.0,0,15.6,6,15,heladas_invernales,-3.2,6,alto
2024-06-06,2024-06-06T16:00,Puno,El Collao,Ilave,210501,-16.0833,-69.6389,3850,50239,34163,68.0,True,papa,15.1,10,9.2,-15.8,0.0,0,15.5,6,16,heladas_invernales,-3.2,6,alto
2024-06-06,2024-06-06T17:00,Puno,El Collao,Ilave,210501,-16.0833,-69.6389,3850,50239,34163,68.0,True,papa,12.9,20,8.2,-9.4,0.0,0,10.5,6,17,heladas_invernales,-3.2,6,alto
2024-06-06,2024-06-06T18:00,Puno,El Collao,Ilave,210501,-16.0833,-69.6389,3850,50239,34163,68.0,True,papa,10.1,42,6.7,-2.3,0.0,0,5.8,6,18,heladas_invernales,-3.2,6,alto
2024-06-06,2024-06-06T19:00,Puno,El Collao,Ilave,210501,-16.0833,-69.6389,3850,50239,34163,68.0,True,papa,11.1,32,7.6,-5.1,0.0,0,4.5,6,19,heladas_invernales,-3.2,6,alto
2024-06-06,2024-06-06T20:00,Puno,El Collao,Ilave,210501,-16.0833,-69.6389,3850,50239,34163,68.0,True,papa,9.6,34,6.3,-5.6,0.0,0,3.2,6,20,heladas_invernales,-3.2,6,alto
2024-06-06,2024-06-06T21:00,Puno,El Collao,Ilave,210501,-16.0833,-69.6389,3850,50239,34163,68.0,True,papa,5.1,49,0.7,-4.8,0.0,0,10.6,6,21,heladas_invernales,-3.2,6,alto
2024-06-06,2024-06-06T22:00,Puno,El Collao,Ilave,210501,-16.0833,-69.6389,3850,50239,34163,68.0,True,papa,3.5,44,-1.7,-7.7,0.0,0,14.7,6,22,heladas_invernales,-3.2,6,alto
2024-06-06,2024-06-06T23:00,Puno,El Collao,Ilave,210501,-16.0833,-69.6389,3850,50239,34163,68.0,True,papa,1.3,51,-3.6,-7.7,0.0,0,12.9,6,23,heladas_invernales,-3.2,6,alto
2024-06-07,2024-06-07T00:00,Puno,El Collao,Ilave,210501,-16.0833,-69.6389,3850,50239,34163,68.0,True,papa,0.6,54,-4.2,-7.8,0.0,0,11.3,6,0,heladas_invernales,-2.1,5,alto
2024-06-07,2024-06-07T01:00,Puno,El Collao,Ilave,210501,-16.0833,-69.6389,3850,50239,34163,68.0,True,papa,0.3,53,-4.5,-8.1,0.0,0,11.8,6,1,heladas_invernales,-2.1,5,alto
2024-06-07,2024-06-07T02:00,Puno,El Collao,Ilave,210501,-16.0833,-69.6389,3850,50239,34163,68.0,True,papa,-0.2,53,-5.2,-8.6,0.0,0,12.8,6,2,heladas_invernales,-2.1,5,alto
2024-06-07,2024-06-07T03:00,Puno,El Collao,Ilave,210501,-16.0833,-69.6389,3850,50239,34163,68.0,True,papa,-0.9,51,-6.0,-9.7,0.0,0,13.3,6,3,heladas_invernales,-2.1,5,alto
2024-06-07,2024-06-07T04:00,Puno,El Collao,Ilave,210501,-16.0833,-69.6389,3850,50239,34163,68.0,True,papa,-1.4,49,-6.5,-10.6,0.0,0,12.8,6,4,heladas_invernales,-2.1,5,alto
2024-06-07,2024-06-07T05:00,Puno,El Collao,Ilave,210501,-16.0833,-69.6389,3850,50239,34163,68.0,True,papa,-1.6,48,-6.9,-11.3,0.0,0,13.1,6,5,heladas_invernales,-2.1,5,alto
2024-06-07,2024-06-07T06:00,Puno,El Collao,Ilave,210501,-16.0833,-69.6389,3850,50239,34163,68.0,True,papa,-2.1,49,-7.3,-11.4,0.0,0,12.9,6,6,heladas_invernales,-2.1,5,alto
2024-06-07,2024-06-07T07:00,Puno,El Collao,Ilave,210501,-16.0833,-69.6389,3850,50239,34163,68.0,True,papa,0.0,44,-5.0,-10.9,0.0,0,11.3,6,7,heladas_invernales,-2.1,5,alto
2024-06-07,2024-06-07T08:00,Puno,El Collao,Ilave,210501,-16.0833,-69.6389,3850,50239,34163,68.0,True,papa,6.0,28,1.3,-11.1,0.0,0,9.6,6,8,heladas_invernales,-2.1,5,alto
2024-06-07,2024-06-07T09:00,Puno,El Collao,Ilave,210501,-16.0833,-69.6389,3850,50239,34163,68.0,True,papa,9.9,21,5.5,-11.4,0.0,0,6.8,6,9,heladas_invernales,-2.1,5,alto
2024-06-07,2024-06-07T10:00,Puno,El Collao,Ilave,210501,-16.0833,-69.6389,3850,50239,34163,68.0,True,papa,11.8,25,9.7,-7.5,0.0,0,0.8,6,10,heladas_invernales,-2.1,5,alto
2024-06-07,2024-06-07T11:00,Puno,El Collao,Ilave,210501,-16.0833,-69.6389,3850,50239,34163,68.0,True,papa,13.7,25,11.4,-5.8,0.0,0,7.1,6,11,heladas_invernales,-2.1,5,alto
2024-06-07,2024-06-07T12:00,Puno,El Collao,Ilave,210501,-16.0833,-69.6389,3850,50239,34163,68.0,True,papa,15.4,18,11.6,-9.1,0.0,0,15.6,6,12,heladas_invernales,-2.1,5,alto
2024-06-07,2024-06-07T13:00,Puno,El Collao,Ilave,210501,-16.0833,-69.6389,3850,50239,34163,68.0,True,papa,15.9,12,11.0,-13.4,0.0,0,19.6,6,13,heladas_invernales,-2.1,5,alto
2024-06-07,2024-06-07T14:00,Puno,El Collao,Ilave,210501,-16.0833,-69.6389,3850,50239,34163,68.0,True,papa,16.0,11,10.4,-14.2,0.0,0,20.8,6,14,heladas_invernales,-2.1,5,alto
2024-06-07,2024-06-07T15:00,Puno,El Collao,Ilave,210501,-16.0833,-69.6389,3850,50239,34163,68.0,True,papa,15.6,12,9.0,-13.5,0.0,0,22.4,6,15,heladas_invernales,-2.1,5,alto
2024-06-07,2024-06-07T16:00,Puno,El Collao,Ilave,210501,-16.0833,-69.6389,3850,50239,34163,68.0,True,papa,14.6,13,8.2,-13.5,0.0,0,20.5,6,16,heladas_invernales,-2.1,5,alto
2024-06-07,2024-06-07T17:00,Puno,El Collao,Ilave,210501,-16.0833,-69.6389,3850,50239,34163,68.0,True,papa,12.4,18,7.0,-11.1,0.0,0,14.2,6,17,heladas_invernales,-2.1,5,alto
2024-06-07,2024-06-07T18:00,Puno,El Collao,Ilave,210501,-16.0833,-69.6389,3850,50239,34163,68.0,True,papa,9.9,30,5.3,-7.1,0.0,0,11.2,6,18,heladas_invernales,-2.1,5,alto
2024-06-07,2024-06-07T19:00,Puno,El Collao,Ilave,210501,-16.0833,-69.6389,3850,50239,34163,68.0,True,papa,8.5,41,4.2,-4.0,0.0,0,11.2,6,19,heladas_invernales,-2.1,5,alto
2024-06-07,2024-06-07T20:00,Puno,El Collao,Ilave,210501,-16.0833,-69.6389,3850,50239,34163,68.0,True,papa,6.3,53,2.6,-2.7,0.0,0,8.5,6,20,heladas_invernales,-2.1,5,alto
2024-06-07,2024-06-07T21:00,Puno,El Collao,Ilave,210501,-16.0833,-69.6389,3850,50239,34163,68.0,True,papa,8.9,36,5.3,-5.3,0.0,0,5.0,6,21,heladas_invernales,-2.1,5,alto
2024-06-07,2024-06-07T22:00,Puno,El Collao,Ilave,210501,-16.0833,-69.6389,3850,50239,34163,68.0,True,papa,5.3,48,1.6,-4.9,0.0,0,6.8,6,22,heladas_invernales,-2.1,5,alto
2024-06-07,2024-06-07T23:00,Puno,El Collao,Ilave,210501,-16.0833,-69.6389,3850,50239,34163,68.0,True,papa,3.0,47,-2.5,-7.3,0.0,0,16.6,6,23,heladas_invernales,-2.1,5,alto
2024-06-08,2024-06-08T00:00,Puno,El Collao,Ilave,210501,-16.0833,-69.6389,3850,50239,34163,68.0,True,papa,0.0,52,-5.3,-8.7,0.0,0,14.7,6,0,heladas_invernales,-3.0,7,alto
2024-06-08,2024-06-08T01:00,Puno,El Collao,Ilave,210501,-16.0833,-69.6389,3850,50239,34163,68.0,True,papa,-0.2,54,-5.0,-8.4,0.0,0,11.5,6,1,heladas_invernales,-3.0,7,alto
2024-06-08,2024-06-08T02:00,Puno,El Collao,Ilave,210501,-16.0833,-69.6389,3850,50239,34163,68.0,True,papa,-0.4,57,-5.3,-7.9,0.0,0,12.3,6,2,heladas_invernales,-3.0,7,alto
2024-06-08,2024-06-08T03:00,Puno,El Collao,Ilave,210501,-16.0833,-69.6389,3850,50239,34163,68.0,True,papa,-1.2,58,-6.3,-8.4,0.0,0,13.3,6,3,heladas_invernales,-3.0,7,alto
2024-06-08,2024-06-08T04:00,Puno,El Collao,Ilave,210501,-16.0833,-69.6389,3850,50239,34163,68.0,True,papa,-1.8,56,-6.9,-9.4,0.0,0,13.2,6,4,heladas_invernales,-3.0,7,alto
2024-06-08,2024-06-08T05:00,Puno,El Collao,Ilave,210501,-16.0833,-69.6389,3850,50239,34163,68.0,True,papa,-2.3,54,-7.4,-10.3,0.0,0,12.7,6,5,heladas_invernales,-3.0,7,alto
2024-06-08,2024-06-08T06:00,Puno,El Collao,Ilave,210501,-16.0833,-69.6389,3850,50239,34163,68.0,True,papa,-3.0,55,-8.3,-10.9,0.0,1,13.0,6,6,heladas_invernales,-3.0,7,alto
2024-06-08,2024-06-08T07:00,Puno,El Collao,Ilave,210501,-16.0833,-69.6389,3850,50239,34163,68.0,True,papa,-1.2,49,-6.2,-10.6,0.0,2,11.5,6,7,heladas_invernales,-3.0,7,alto
2024-06-08,2024-06-08T08:00,Puno,El Collao,Ilave,210501,-16.0833,-69.6389,3850,50239,34163,68.0,True,papa,5.4,33,0.8,-9.8,0.0,0,9.2,6,8,heladas_invernales,-3.0,7,alto
2024-06-08,2024-06-08T09:00,Puno,El Collao,Ilave,210501,-16.0833,-69.6389,3850,50239,34163,68.0,True,papa,9.4,25,5.2,-9.8,0.0,0,7.1,6,9,heladas_invernales,-3.0,7,alto
2024-06-08,2024-06-08T10:00,Puno,El Collao,Ilave,210501,-16.0833,-69.6389,3850,50239,34163,68.0,True,papa,11.6,22,9.3,-9.4,0.0,0,1.5,6,10,heladas_invernales,-3.0,7,alto
2024-06-08,2024-06-08T11:00,Puno,El Collao,Ilave,210501,-16.0833,-69.6389,3850,50239,34163,68.0,True,papa,13.3,16,10.5,-12.2,0.0,0,7.2,6,11,heladas_invernales,-3.0,7,alto
2024-06-08,2024-06-08T12:00,Puno,El Collao,Ilave,210501,-16.0833,-69.6389,3850,50239,34163,68.0,True,papa,14.3,15,11.0,-11.6,0.0,100,11.8,6,12,heladas_invernales,-3.0,7,alto
2024-06-08,2024-06-08T13:00,Puno,El Collao,Ilave,210501,-16.0833,-69.6389,3850,50239,34163,68.0,True,papa,14.8,16,11.3,-11.1,0.0,90,12.5,6,13,heladas_invernales,-3.0,7,alto
2024-06-08,2024-06-08T14:00,Puno,El Collao,Ilave,210501,-16.0833,-69.6389,3850,50239,34163,68.0,True,papa,14.9,13,10.8,-13.3,0.0,98,11.9,6,14,heladas_invernales,-3.0,7,alto
2024-06-08,2024-06-08T15:00,Puno,El Collao,Ilave,210501,-16.0833,-69.6389,3850,50239,34163,68.0,True,papa,14.9,10,9.9,-17.0,0.0,95,10.9,6,15,heladas_invernales,-3.0,7,alto
2024-06-08,2024-06-08T16:00,Puno,El Collao,Ilave,210501,-16.0833,-69.6389,3850,50239,34163,68.0,True,papa,14.5,9,9.3,-18.5,0.0,99,10.2,6,16,heladas_invernales,-3.0,7,alto
2024-06-08,2024-06-08T17:00,Puno,El Collao,Ilave,210501,-16.0833,-69.6389,3850,50239,34163,68.0,True,papa,12.3,13,6.7,-15.6,0.0,99,13.3,6,17,heladas_invernales,-3.0,7,alto
2024-06-08,2024-06-08T18:00,Puno,El Collao,Ilave,210501,-16.0833,-69.6389,3850,50239,34163,68.0,True,papa,9.6,20,4.6,-12.5,0.0,3,11.3,6,18,heladas_invernales,-3.0,7,alto
2024-06-08,2024-06-08T19:00,Puno,El Collao,Ilave,210501,-16.0833,-69.6389,3850,50239,34163,68.0,True,papa,7.8,32,3.1,-7.8,0.0,0,10.9,6,19,heladas_invernales,-3.0,7,alto
2024-06-08,2024-06-08T20:00,Puno,El Collao,Ilave,210501,-16.0833,-69.6389,3850,50239,34163,68.0,True,papa,5.3,42,1.1,-6.7,0.0,23,8.3,6,20,heladas_invernales,-3.0,7,alto
2024-06-08,2024-06-08T21:00,Puno,El Collao,Ilave,210501,-16.0833,-69.6389,3850,50239,34163,68.0,True,papa,4.2,42,-0.9,-7.6,0.0,26,14.3,6,21,heladas_invernales,-3.0,7,alto
2024-06-08,2024-06-08T22:00,Puno,El Collao,Ilave,210501,-16.0833,-69.6389,3850,50239,34163,68.0,True,papa,3.1,42,-1.7,-8.6,0.0,18,11.2,6,22,heladas_invernales,-3.0,7,alto
2024-06-08,2024-06-08T23:00,Puno,El Collao,Ilave,210501,-16.0833,-69.6389,3850,50239,34163,68.0,True,papa,2.2,44,-2.8,-8.8,0.0,6,13.0,6,23,heladas_invernales,-3.0,7,alto
2024-06-09,2024-06-09T00:00,Puno,El Collao,Ilave,210501,-16.0833,-69.6389,3850,50239,34163,68.0,True,papa,0.4,51,-4.9,-8.6,0.0,1,14.8,6,0,heladas_invernales,-4.2,7,alto
2024-06-09,2024-06-09T01:00,Puno,El Collao,Ilave,210501,-16.0833,-69.6389,3850,50239,34163,68.0,True,papa,-0.6,56,-6.1,-8.3,0.0,0,16.1,6,1,heladas_invernales,-4.2,7,alto
2024-06-09,2024-06-09T02:00,Puno,El Collao,Ilave,210501,-16.0833,-69.6389,3850,50239,34163,68.0,True,papa,-1.8,62,-7.2,-8.0,0.0,58,16.0,6,2,heladas_invernales,-4.2,7,alto
2024-06-09,2024-06-09T03:00,Puno,El Collao,Ilave,210501,-16.0833,-69.6389,3850,50239,34163,68.0,True,papa,-2.8,67,-8.1,-8.1,0.0,54,15.6,6,3,heladas_invernales,-4.2,7,alto
2024-06-09,2024-06-09T04:00,Puno,El Collao,Ilave,210501,-16.0833,-69.6389,3850,50239,34163,68.0,True,papa,-3.5,70,-8.9,-8.2,0.0,99,15.3,6,4,heladas_invernales,-4.2,7,alto
2024-06-09,2024-06-09T05:00,Puno,El Collao,Ilave,210501,-16.0833,-69.6389,3850,50239,34163,68.0,True,papa,-4.1,71,-9.4,-8.6,0.0,100,15.4,6,5,heladas_invernales,-4.2,7,alto
2024-06-09,2024-06-09T06:00,Puno,El Collao,Ilave,210501,-16.0833,-69.6389,3850,50239,34163,68.0,True,papa,-4.2,69,-9.7,-9.0,0.0,94,15.3,6,6,heladas_invernales,-4.2,7,alto
2024-06-09,2024-06-09T07:00,Puno,El Collao,Ilave,210501,-16.0833,-69.6389,3850,50239,34163,68.0,True,papa,-1.9,57,-7.0,-9.4,0.0,86,12.9,6,7,heladas_invernales,-4.2,7,alto
2024-06-09,2024-06-09T08:00,Puno,El Collao,Ilave,210501,-16.0833,-69.6389,3850,50239,34163,68.0,True,papa,4.1,38,-0.5,-8.9,0.0,88,9.7,6,8,heladas_invernales,-4.2,7,alto
2024-06-09,2024-06-09T09:00,Puno,El Collao,Ilave,210501,-16.0833,-69.6389,3850,50239,34163,68.0,True,papa,8.1,27,4.0,-9.6,0.0,96,6.3,6,9,heladas_invernales,-4.2,7,alto
2024-06-09,2024-06-09T10:00,Puno,El Collao,Ilave,210501,-16.0833,-69.6389,3850,50239,34163,68.0,True,papa,10.2,24,8.0,-9.4,0.0,92,0.8,6,10,heladas_invernales,-4.2,7,alto
2024-06-09,2024-06-09T11:00,Puno,El Collao,Ilave,210501,-16.0833,-69.6389,3850,50239,34163,68.0,True,papa,11.9,23,10.0,-8.3,0.0,89,3.9,6,11,heladas_invernales,-4.2,7,alto
2024-06-09,2024-06-09T12:00,Puno,El Collao,Ilave,210501,-16.0833,-69.6389,3850,50239,34163,68.0,True,papa,13.2,21,11.2,-8.7,0.0,98,5.5,6,12,heladas_invernales,-4.2,7,alto
2024-06-09,2024-06-09T13:00,Puno,El Collao,Ilave,210501,-16.0833,-69.6389,3850,50239,34163,68.0,True,papa,13.9,21,11.1,-8.1,0.0,89,9.3,6,13,heladas_invernales,-4.2,7,alto
2024-06-09,2024-06-09T14:00,Puno,El Collao,Ilave,210501,-16.0833,-69.6389,3850,50239,34163,68.0,True,papa,14.1,21,10.3,-8.1,0.0,95,11.9,6,14,heladas_invernales,-4.2,7,alto
2024-06-09,2024-06-09T15:00,Puno,El Collao,Ilave,210501,-16.0833,-69.6389,3850,50239,34163,68.0,True,papa,14.2,17,9.6,-10.6,0.0,96,10.5,6,15,heladas_invernales,-4.2,7,alto
2024-06-09,2024-06-09T16:00,Puno,El Collao,Ilave,210501,-16.0833,-69.6389,3850,50239,34163,68.0,True,papa,13.8,17,8.8,-11.2,0.0,99,10.8,6,16,heladas_invernales,-4.2,7,alto
2024-06-09,2024-06-09T17:00,Puno,El Collao,Ilave,210501,-16.0833,-69.6389,3850,50239,34163,68.0,True,papa,11.3,25,6.0,-8.1,0.0,99,15.2,6,17,heladas_invernales,-4.2,7,alto
2024-06-09,2024-06-09T18:00,Puno,El Collao,Ilave,210501,-16.0833,-69.6389,3850,50239,34163,68.0,True,papa,9.3,29,4.6,-7.7,0.0,96,11.5,6,18,heladas_invernales,-4.2,7,alto
2024-06-09,2024-06-09T19:00,Puno,El Collao,Ilave,210501,-16.0833,-69.6389,3850,50239,34163,68.0,True,papa,7.7,47,4.0,-3.0,0.0,100,8.2,6,19,heladas_invernales,-4.2,7,alto
2024-06-09,2024-06-09T20:00,Puno,El Collao,Ilave,210501,-16.0833,-69.6389,3850,50239,34163,68.0,True,papa,5.2,41,0.8,-6.9,0.0,19,9.4,6,20,heladas_invernales,-4.2,7,alto
2024-06-09,2024-06-09T21:00,Puno,El Collao,Ilave,210501,-16.0833,-69.6389,3850,50239,34163,68.0,True,papa,4.0,45,-0.7,-7.0,0.0,9,11.4,6,21,heladas_invernales,-4.2,7,alto
2024-06-09,2024-06-09T22:00,Puno,El Collao,Ilave,210501,-16.0833,-69.6389,3850,50239,34163,68.0,True,papa,3.0,53,-1.4,-5.8,0.0,12,10.5,6,22,heladas_invernales,-4.2,7,alto
2024-06-09,2024-06-09T23:00,Puno,El Collao,Ilave,210501,-16.0833,-69.6389,3850,50239,34163,68.0,True,papa,2.2,54,-2.4,-6.2,0.0,33,11.6,6,23,heladas_invernales,-4.2,7,alto
2024-06-10,2024-06-10T00:00,Puno,El Collao,Ilave,210501,-16.0833,-69.6389,3850,50239,34163,68.0,True,papa,1.1,55,-3.6,-6.9,0.0,2,12.1,6,0,heladas_invernales,-3.0,6,alto
2024-06-10,2024-06-10T01:00,Puno,El Collao,Ilave,210501,-16.0833,-69.6389,3850,50239,34163,68.0,True,papa,0.5,54,-4.5,-7.7,0.0,12,13.1,6,1,heladas_invernales,-3.0,6,alto
2024-06-10,2024-06-10T02:00,Puno,El Collao,Ilave,210501,-16.0833,-69.6389,3850,50239,34163,68.0,True,papa,-1.2,58,-6.3,-8.5,0.0,4,13.8,6,2,heladas_invernales,-3.0,6,alto
2024-06-10,2024-06-10T03:00,Puno,El Collao,Ilave,210501,-16.0833,-69.6389,3850,50239,34163,68.0,True,papa,-2.0,58,-7.2,-9.2,0.0,0,13.6,6,3,heladas_invernales,-3.0,6,alto
2024-06-10,2024-06-10T04:00,Puno,El Collao,Ilave,210501,-16.0833,-69.6389,3850,50239,34163,68.0,True,papa,-2.6,58,-7.8,-9.7,0.0,0,13.4,6,4,heladas_invernales,-3.0,6,alto
2024-06-10,2024-06-10T05:00,Puno,El Collao,Ilave,210501,-16.0833,-69.6389,3850,50239,34163,68.0,True,papa,-3.0,59,-8.3,-9.8,0.0,43,14.2,6,5,heladas_invernales,-3.0,6,alto
2024-06-10,2024-06-10T06:00,Puno,El Collao,Ilave,210501,-16.0833,-69.6389,3850,50239,34163,68.0,True,papa,-2.9,58,-8.2,-10.0,0.0,99,13.9,6,6,heladas_invernales,-3.0,6,alto
2024-06-10,2024-06-10T07:00,Puno,El Collao,Ilave,210501,-16.0833,-69.6389,3850,50239,34163,68.0,True,papa,-0.9,51,-5.8,-9.9,0.0,31,11.5,6,7,heladas_invernales,-3.0,6,alto
2024-06-10,2024-06-10T08:00,Puno,El Collao,Ilave,210501,-16.0833,-69.6389,3850,50239,34163,68.0,True,papa,4.8,35,0.3,-9.4,0.0,100,8.7,6,8,heladas_invernales,-3.0,6,alto
2024-06-10,2024-06-10T09:00,Puno,El Collao,Ilave,210501,-16.0833,-69.6389,3850,50239,34163,68.0,True,papa,8.6,25,4.3,-10.5,0.0,64,7.1,6,9,heladas_invernales,-3.0,6,alto
2024-06-10,2024-06-10T10:00,Puno,El Collao,Ilave,210501,-16.0833,-69.6389,3850,50239,34163,68.0,True,papa,10.8,24,8.1,-9.1,0.0,73,2.9,6,10,heladas_invernales,-3.0,6,alto
2024-06-10,2024-06-10T11:00,Puno,El Collao,Ilave,210501,-16.0833,-69.6389,3850,50239,34163,68.0,True,papa,12.2,22,10.7,-8.9,0.0,13,1.3,6,11,heladas_invernales,-3.0,6,alto
2024-06-10,2024-06-10T12:00,Puno,El Collao,Ilave,210501,-16.0833,-69.6389,3850,50239,34163,68.0,True,papa,13.5,21,11.6,-8.4,0.0,23,5.1,6,12,heladas_invernales,-3.0,6,alto
2024-06-10,2024-06-10T13:00,Puno,El Collao,Ilave,210501,-16.0833,-69.6389,3850,50239,34163,68.0,True,papa,14.2,22,11.5,-7.2,0.0,37,9.4,6,13,heladas_invernales,-3.0,6,alto
2024-06-10,2024-06-10T14:00,Puno,El Collao,Ilave,210501,-16.0833,-69.6389,3850,50239,34163,68.0,True,papa,14.1,26,10.2,-5.2,0.0,69,14.5,6,14,heladas_invernales,-3.0,6,alto
2024-06-10,2024-06-10T15:00,Puno,El Collao,Ilave,210501,-16.0833,-69.6389,3850,50239,34163,68.0,True,papa,13.9,22,8.7,-7.5,0.0,76,16.2,6,15,heladas_invernales,-3.0,6,alto
2024-06-10,2024-06-10T16:00,Puno,El Collao,Ilave,210501,-16.0833,-69.6389,3850,50239,34163,68.0,True,papa,13.4,16,8.1,-11.6,0.0,43,13.0,6,16,heladas_invernales,-3.0,6,alto
2024-06-10,2024-06-10T17:00,Puno,El Collao,Ilave,210501,-16.0833,-69.6389,3850,50239,34163,68.0,True,papa,11.6,19,6.5,-11.4,0.0,67,11.8,6,17,heladas_invernales,-3.0,6,alto
2024-06-10,2024-06-10T18:00,Puno,El Collao,Ilave,210501,-16.0833,-69.6389,3850,50239,34163,68.0,True,papa,9.0,29,4.6,-8.1,0.0,72,9.1,6,18,heladas_invernales,-3.0,6,alto
2024-06-10,2024-06-10T19:00,Puno,El Collao,Ilave,210501,-16.0833,-69.6389,3850,50239,34163,68.0,True,papa,7.1,49,3.6,-3.0,0.0,85,6.0,6,19,heladas_invernales,-3.0,6,alto
2024-06-10,2024-06-10T20:00,Puno,El Collao,Ilave,210501,-16.0833,-69.6389,3850,50239,34163,68.0,True,papa,5.7,41,1.0,-6.4,0.0,84,12.4,6,20,heladas_invernales,-3.0,6,alto
2024-06-10,2024-06-10T21:00,Puno,El Collao,Ilave,210501,-16.0833,-69.6389,3850,50239,34163,68.0,True,papa,4.3,43,-0.4,-7.1,0.0,76,11.8,6,21,heladas_invernales,-3.0,6,alto
2024-06-10,2024-06-10T22:00,Puno,El Collao,Ilave,210501,-16.0833,-69.6389,3850,50239,34163,68.0,True,papa,3.7,46,-1.0,-6.9,0.0,94,11.6,6,22,heladas_invernales,-3.0,6,alto
2024-06-10,2024-06-10T23:00,Puno,El Collao,Ilave,210501,-16.0833,-69.6389,3850,50239,34163,68.0,True,papa,2.4,51,-2.3,-6.8,0.0,96,12.1,6,23,heladas_invernales,-3.0,6,alto
2024-06-11,2024-06-11T00:00,Puno,El Collao,Ilave,210501,-16.0833,-69.6389,3850,50239,34163,68.0,True,papa,1.1,55,-3.8,-7.1,0.0,97,13.0,6,0,heladas_invernales,-2.5,7,alto
2024-06-11,2024-06-11T01:00,Puno,El Collao,Ilave,210501,-16.0833,-69.6389,3850,50239,34163,68.0,True,papa,-0.2,59,-5.3,-7.3,0.0,93,14.3,6,1,heladas_invernales,-2.5,7,alto
2024-06-11,2024-06-11T02:00,Puno,El Collao,Ilave,210501,-16.0833,-69.6389,3850,50239,34163,68.0,True,papa,-0.9,62,-6.1,-7.4,0.0,100,14.9,6,2,heladas_invernales,-2.5,7,alto
2024-06-11,2024-06-11T03:00,Puno,El Collao,Ilave,210501,-16.0833,-69.6389,3850,50239,34163,68.0,True,papa,-1.3,62,-6.6,-7.7,0.0,100,15.4,6,3,heladas_invernales,-2.5,7,alto
2024-06-11,2024-06-11T04:00,Puno,El Collao,Ilave,210501,-16.0833,-69.6389,3850,50239,34163,68.0,True,papa,-1.8,61,-7.1,-8.2,0.0,81,15.6,6,4,heladas_invernales,-2.5,7,alto
2024-06-11,2024-06-11T05:00,Puno,El Collao,Ilave,210501,-16.0833,-69.6389,3850,50239,34163,68.0,True,papa,-2.3,61,-7.5,-8.9,0.0,0,14.3,6,5,heladas_invernales,-2.5,7,alto
2024-06-11,2024-06-11T06:00,Puno,El Collao,Ilave,210501,-16.0833,-69.6389,3850,50239,34163,68.0,True,papa,-2.5,60,-7.7,-9.1,0.0,3,13.8,6,6,heladas_invernales,-2.5,7,alto
2024-06-11,2024-06-11T07:00,Puno,El Collao,Ilave,210501,-16.0833,-69.6389,3850,50239,34163,68.0,True,papa,-0.5,52,-5.5,-9.1,0.0,11,12.3,6,7,heladas_invernales,-2.5,7,alto
2024-06-11,2024-06-11T08:00,Puno,El Collao,Ilave,210501,-16.0833,-69.6389,3850,50239,34163,68.0,True,papa,5.6,36,0.9,-8.2,0.0,13,10.5,6,8,heladas_invernales,-2.5,7,alto
2024-06-11,2024-06-11T09:00,Puno,El Collao,Ilave,210501,-16.0833,-69.6389,3850,50239,34163,68.0,True,papa,9.6,26,4.9,-9.2,0.0,1,9.7,6,9,heladas_invernales,-2.5,7,alto
2024-06-11,2024-06-11T10:00,Puno,El Collao,Ilave,210501,-16.0833,-69.6389,3850,50239,34163,68.0,True,papa,11.4,30,9.1,-5.3,0.0,1,3.3,6,10,heladas_invernales,-2.5,7,alto
2024-06-11,2024-06-11T11:00,Puno,El Collao,Ilave,210501,-16.0833,-69.6389,3850,50239,34163,68.0,True,papa,13.0,30,11.2,-4.1,0.0,0,4.9,6,11,heladas_invernales,-2.5,7,alto
2024-06-11,2024-06-11T12:00,Puno,El Collao,Ilave,210501,-16.0833,-69.6389,3850,50239,34163,68.0,True,papa,14.2,29,11.6,-3.6,0.0,8,11.5,6,12,heladas_invernales,-2.5,7,alto
2024-06-11,2024-06-11T13:00,Puno,El Collao,Ilave,210501,-16.0833,-69.6389,3850,50239,34163,68.0,True,papa,14.6,29,11.1,-3.3,0.0,41,15.8,6,13,heladas_invernales,-2.5,7,alto
2024-06-11,2024-06-11T14:00,Puno,El Collao,Ilave,210501,-16.0833,-69.6389,3850,50239,34163,68.0,True,papa,14.6,25,10.6,-5.0,0.0,90,14.9,6,14,heladas_invernales,-2.5,7,alto
2024-06-11,2024-06-11T15:00,Puno,El Collao,Ilave,210501,-16.0833,-69.6389,3850,50239,34163,68.0,True,papa,14.4,23,9.4,-6.3,0.0,94,14.8,6,15,heladas_invernales,-2.5,7,alto
2024-06-11,2024-06-11T16:00,Puno,El Collao,Ilave,210501,-16.0833,-69.6389,3850,50239,34163,68.0,True,papa,13.6,23,8.7,-6.9,0.0,52,13.7,6,16,heladas_invernales,-2.5,7,alto
2024-06-11,2024-06-11T17:00,Puno,El Collao,Ilave,210501,-16.0833,-69.6389,3850,50239,34163,68.0,True,papa,12.1,26,7.4,-6.7,0.0,4,11.7,6,17,heladas_invernales,-2.5,7,alto
2024-06-11,2024-06-11T18:00,Puno,El Collao,Ilave,210501,-16.0833,-69.6389,3850,50239,34163,68.0,True,papa,9.9,38,6.0,-3.7,0.0,20,8.0,6,18,heladas_invernales,-2.5,7,alto
2024-06-11,2024-06-11T19:00,Puno,El Collao,Ilave,210501,-16.0833,-69.6389,3850,50239,34163,68.0,True,papa,8.2,56,5.2,-0.2,0.0,25,5.8,6,19,heladas_invernales,-2.5,7,alto
2024-06-11,2024-06-11T20:00,Puno,El Collao,Ilave,210501,-16.0833,-69.6389,3850,50239,34163,68.0,True,papa,6.7,48,2.6,-3.6,0.0,75,10.2,6,20,heladas_invernales,-2.5,7,alto
2024-06-11,2024-06-11T21:00,Puno,El Collao,Ilave,210501,-16.0833,-69.6389,3850,50239,34163,68.0,True,papa,4.9,54,0.6,-3.6,0.0,21,11.6,6,21,heladas_invernales,-2.5,7,alto
2024-06-11,2024-06-11T22:00,Puno,El Collao,Ilave,210501,-16.0833,-69.6389,3850,50239,34163,68.0,True,papa,3.9,59,-0.3,-3.3,0.0,17,10.8,6,22,heladas_invernales,-2.5,7,alto
2024-06-11,2024-06-11T23:00,Puno,El Collao,Ilave,210501,-16.0833,-69.6389,3850,50239,34163,68.0,True,papa,3.2,62,-1.1,-3.4,0.0,15,11.8,6,23,heladas_invernales,-2.5,7,alto
2024-06-12,2024-06-12T00:00,Puno,El Collao,Ilave,210501,-16.0833,-69.6389,3850,50239,34163,68.0,True,papa,2.2,64,-2.5,-4.0,0.0,32,13.3,6,0,heladas_invernales,-1.9,4,alto
2024-06-12,2024-06-12T01:00,Puno,El Collao,Ilave,210501,-16.0833,-69.6389,3850,50239,34163,68.0,True,papa,1.3,66,-3.4,-4.4,0.0,67,13.3,6,1,heladas_invernales,-1.9,4,alto
2024-06-12,2024-06-12T02:00,Puno,El Collao,Ilave,210501,-16.0833,-69.6389,3850,50239,34163,68.0,True,papa,0.4,69,-4.3,-4.6,0.0,97,13.8,6,2,heladas_invernales,-1.9,4,alto
2024-06-12,2024-06-12T03:00,Puno,El Collao,Ilave,210501,-16.0833,-69.6389,3850,50239,34163,68.0,True,papa,-0.1,72,-4.9,-4.5,0.0,98,14.2,6,3,heladas_invernales,-1.9,4,alto
2024-06-12,2024-06-12T04:00,Puno,El Collao,Ilave,210501,-16.0833,-69.6389,3850,50239,34163,68.0,True,papa,-0.7,75,-5.5,-4.6,0.0,96,14.2,6,4,heladas_invernales,-1.9,4,alto
2024-06-12,2024-06-12T05:00,Puno,El Collao,Ilave,210501,-16.0833,-69.6389,3850,50239,34163,68.0,True,papa,-1.4,78,-6.3,-4.8,0.0,66,14.8,6,5,heladas_invernales,-1.9,4,alto
2024-06-12,2024-06-12T06:00,Puno,El Collao,Ilave,210501,-16.0833,-69.6389,3850,50239,34163,68.0,True,papa,-1.9,78,-6.8,-5.1,0.0,0,15.1,6,6,heladas_invernales,-1.9,4,alto
2024-06-12,2024-06-12T07:00,Puno,El Collao,Ilave,210501,-16.0833,-69.6389,3850,50239,34163,68.0,True,papa,0.2,67,-4.6,-5.3,0.0,3,13.9,6,7,heladas_invernales,-1.9,4,alto
2024-06-12,2024-06-12T08:00,Puno,El Collao,Ilave,210501,-16.0833,-69.6389,3850,50239,34163,68.0,True,papa,5.9,45,1.8,-5.1,0.0,10,9.2,6,8,heladas_invernales,-1.9,4,alto
2024-06-12,2024-06-12T09:00,Puno,El Collao,Ilave,210501,-16.0833,-69.6389,3850,50239,34163,68.0,True,papa,9.8,33,6.1,-5.6,0.0,13,5.9,6,9,heladas_invernales,-1.9,4,alto
2024-06-12,2024-06-12T10:00,Puno,El Collao,Ilave,210501,-16.0833,-69.6389,3850,50239,34163,68.0,True,papa,11.8,30,9.4,-5.4,0.0,23,2.9,6,10,heladas_invernales,-1.9,4,alto
2024-06-12,2024-06-12T11:00,Puno,El Collao,Ilave,210501,-16.0833,-69.6389,3850,50239,34163,68.0,True,papa,13.2,28,11.4,-5.0,0.0,77,4.4,6,11,heladas_invernales,-1.9,4,alto
2024-06-12,2024-06-12T12:00,Puno,El Collao,Ilave,210501,-16.0833,-69.6389,3850,50239,34163,68.0,True,papa,14.2,28,12.4,-4.2,0.0,68,6.8,6,12,heladas_invernales,-1.9,4,alto
2024-06-12,2024-06-12T13:00,Puno,El Collao,Ilave,210501,-16.0833,-69.6389,3850,50239,34163,68.0,True,papa,15.1,26,13.0,-4.3,0.0,62,7.4,6,13,heladas_invernales,-1.9,4,alto
2024-06-12,2024-06-12T14:00,Puno,El Collao,Ilave,210501,-16.0833,-69.6389,3850,50239,34163,68.0,True,papa,15.5,26,12.1,-3.7,0.0,93,12.1,6,14,heladas_invernales,-1.9,4,alto
2024-06-12,2024-06-12T15:00,Puno,El Collao,Ilave,210501,-16.0833,-69.6389,3850,50239,34163,68.0,True,papa,14.8,27,9.9,-3.8,0.0,97,15.8,6,15,heladas_invernales,-1.9,4,alto
2024-06-12,2024-06-12T16:00,Puno,El Collao,Ilave,210501,-16.0833,-69.6389,3850,50239,34163,68.0,True,papa,14.0,25,8.9,-5.8,0.0,52,15.6,6,16,heladas_invernales,-1.9,4,alto
2024-06-12,2024-06-12T17:00,Puno,El Collao,Ilave,210501,-16.0833,-69.6389,3850,50239,34163,68.0,True,papa,12.9,27,7.9,-5.8,0.0,0,14.3,6,17,heladas_invernales,-1.9,4,alto
2024-06-12,2024-06-12T18:00,Puno,El Collao,Ilave,210501,-16.0833,-69.6389,3850,50239,34163,68.0,True,papa,10.8,40,6.7,-2.2,0.0,0,11.2,6,18,heladas_invernales,-1.9,4,alto
2024-06-12,2024-06-12T19:00,Puno,El Collao,Ilave,210501,-16.0833,-69.6389,3850,50239,34163,68.0,True,papa,9.1,51,5.7,-0.6,0.0,0,8.2,6,19,heladas_invernales,-1.9,4,alto
2024-06-12,2024-06-12T20:00,Puno,El Collao,Ilave,210501,-16.0833,-69.6389,3850,50239,34163,68.0,True,papa,6.8,50,2.4,-3.0,0.0,20,12.3,6,20,heladas_invernales,-1.9,4,alto
2024-06-12,2024-06-12T21:00,Puno,El Collao,Ilave,210501,-16.0833,-69.6389,3850,50239,34163,68.0,True,papa,6.0,53,2.0,-2.8,0.0,0,10.3,6,21,heladas_invernales,-1.9,4,alto
2024-06-12,2024-06-12T22:00,Puno,El Collao,Ilave,210501,-16.0833,-69.6389,3850,50239,34163,68.0,True,papa,5.0,58,0.7,-2.5,0.0,0,12.4,6,22,heladas_invernales,-1.9,4,alto
2024-06-12,2024-06-12T23:00,Puno,El Collao,Ilave,210501,-16.0833,-69.6389,3850,50239,34163,68.0,True,papa,3.8,63,-0.3,-2.7,0.0,0,11.5,6,23,heladas_invernales,-1.9,4,alto
2024-06-13,2024-06-13T00:00,Puno,El Collao,Ilave,210501,-16.0833,-69.6389,3850,50239,34163,68.0,True,papa,2.8,66,-1.3,-2.8,0.0,3,11.5,6,0,heladas_invernales,-1.2,2,alto
2024-06-13,2024-06-13T01:00,Puno,El Collao,Ilave,210501,-16.0833,-69.6389,3850,50239,34163,68.0,True,papa,1.7,72,-2.7,-2.9,0.0,7,12.8,6,1,heladas_invernales,-1.2,2,alto
2024-06-13,2024-06-13T02:00,Puno,El Collao,Ilave,210501,-16.0833,-69.6389,3850,50239,34163,68.0,True,papa,0.9,75,-3.7,-3.0,0.0,0,13.6,6,2,heladas_invernales,-1.2,2,alto
2024-06-13,2024-06-13T03:00,Puno,El Collao,Ilave,210501,-16.0833,-69.6389,3850,50239,34163,68.0,True,papa,0.6,74,-4.1,-3.6,0.0,21,13.8,6,3,heladas_invernales,-1.2,2,alto
2024-06-13,2024-06-13T04:00,Puno,El Collao,Ilave,210501,-16.0833,-69.6389,3850,50239,34163,68.0,True,papa,0.2,71,-4.6,-4.5,0.0,20,13.8,6,4,heladas_invernales,-1.2,2,alto
2024-06-13,2024-06-13T05:00,Puno,El Collao,Ilave,210501,-16.0833,-69.6389,3850,50239,34163,68.0,True,papa,-0.5,68,-5.5,-5.6,0.0,86,14.8,6,5,heladas_invernales,-1.2,2,alto
2024-06-13,2024-06-13T06:00,Puno,El Collao,Ilave,210501,-16.0833,-69.6389,3850,50239,34163,68.0,True,papa,-1.2,67,-6.3,-6.6,0.0,98,14.6,6,6,heladas_invernales,-1.2,2,alto
2024-06-13,2024-06-13T07:00,Puno,El Collao,Ilave,210501,-16.0833,-69.6389,3850,50239,34163,68.0,True,papa,0.4,58,-4.6,-6.9,0.0,97,13.6,6,7,heladas_invernales,-1.2,2,alto
2024-06-13,2024-06-13T08:00,Puno,El Collao,Ilave,210501,-16.0833,-69.6389,3850,50239,34163,68.0,True,papa,5.9,42,1.3,-6.1,0.0,100,11.4,6,8,heladas_invernales,-1.2,2,alto
2024-06-13,2024-06-13T09:00,Puno,El Collao,Ilave,210501,-16.0833,-69.6389,3850,50239,34163,68.0,True,papa,9.8,31,5.3,-6.5,0.0,99,10.7,6,9,heladas_invernales,-1.2,2,alto
2024-06-13,2024-06-13T10:00,Puno,El Collao,Ilave,210501,-16.0833,-69.6389,3850,50239,34163,68.0,True,papa,12.3,26,9.2,-6.6,0.0,95,6.5,6,10,heladas_invernales,-1.2,2,alto
2024-06-13,2024-06-13T11:00,Puno,El Collao,Ilave,210501,-16.0833,-69.6389,3850,50239,34163,68.0,True,papa,13.9,23,12.2,-7.2,0.0,93,2.5,6,11,heladas_invernales,-1.2,2,alto
2024-06-13,2024-06-13T12:00,Puno,El Collao,Ilave,210501,-16.0833,-69.6389,3850,50239,34163,68.0,True,papa,15.0,21,13.5,-7.3,0.0,97,2.8,6,12,heladas_invernales,-1.2,2,alto
2024-06-13,2024-06-13T13:00,Puno,El Collao,Ilave,210501,-16.0833,-69.6389,3850,50239,34163,68.0,True,papa,15.4,22,12.9,-6.2,0.0,98,7.7,6,13,heladas_invernales,-1.2,2,alto
2024-06-13,2024-06-13T14:00,Puno,El Collao,Ilave,210501,-16.0833,-69.6389,3850,50239,34163,68.0,True,papa,15.1,24,11.8,-5.3,0.0,96,10.0,6,14,heladas_invernales,-1.2,2,alto
2024-06-13,2024-06-13T15:00,Puno,El Collao,Ilave,210501,-16.0833,-69.6389,3850,50239,34163,68.0,True,papa,14.7,25,10.0,-4.9,0.0,93,13.3,6,15,heladas_invernales,-1.2,2,alto
2024-06-13,2024-06-13T16:00,Puno,El Collao,Ilave,210501,-16.0833,-69.6389,3850,50239,34163,68.0,True,papa,13.6,30,8.6,-3.5,0.0,97,15.9,6,16,heladas_invernales,-1.2,2,alto
2024-06-13,2024-06-13T17:00,Puno,El Collao,Ilave,210501,-16.0833,-69.6389,3850,50239,34163,68.0,True,papa,12.8,34,9.1,-2.5,0.0,70,8.6,6,17,heladas_invernales,-1.2,2,alto
2024-06-13,2024-06-13T18:00,Puno,El Collao,Ilave,210501,-16.0833,-69.6389,3850,50239,34163,68.0,True,papa,10.7,49,7.6,0.5,0.0,92,7.2,6,18,heladas_invernales,-1.2,2,alto
2024-06-13,2024-06-13T19:00,Puno,El Collao,Ilave,210501,-16.0833,-69.6389,3850,50239,34163,68.0,True,papa,8.9,57,5.7,0.8,0.0,11,7.9,6,19,heladas_invernales,-1.2,2,alto
2024-06-13,2024-06-13T20:00,Puno,El Collao,Ilave,210501,-16.0833,-69.6389,3850,50239,34163,68.0,True,papa,7.3,56,3.6,-0.9,0.0,44,9.7,6,20,heladas_invernales,-1.2,2,alto
2024-06-13,2024-06-13T21:00,Puno,El Collao,Ilave,210501,-16.0833,-69.6389,3850,50239,34163,68.0,True,papa,6.2,56,2.1,-2.0,0.0,23,11.8,6,21,heladas_invernales,-1.2,2,alto
2024-06-13,2024-06-13T22:00,Puno,El Collao,Ilave,210501,-16.0833,-69.6389,3850,50239,34163,68.0,True,papa,5.2,53,0.7,-3.7,0.0,9,12.4,6,22,heladas_invernales,-1.2,2,alto
2024-06-13,2024-06-13T23:00,Puno,El Collao,Ilave,210501,-16.0833,-69.6389,3850,50239,34163,68.0,True,papa,3.8,53,-0.9,-4.9,0.0,16,13.3,6,23,heladas_invernales,-1.2,2,alto
2024-06-14,2024-06-14T00:00,Puno,El Collao,Ilave,210501,-16.0833,-69.6389,3850,50239,34163,68.0,True,papa,2.5,54,-2.3,-5.8,0.0,24,12.9,6,0,heladas_invernales,-3.7,6,alto
2024-06-14,2024-06-14T01:00,Puno,El Collao,Ilave,210501,-16.0833,-69.6389,3850,50239,34163,68.0,True,papa,1.0,59,-3.5,-6.2,0.0,8,11.0,6,1,heladas_invernales,-3.7,6,alto
2024-06-14,2024-06-14T02:00,Puno,El Collao,Ilave,210501,-16.0833,-69.6389,3850,50239,34163,68.0,True,papa,-0.3,65,-4.7,-6.2,0.0,11,9.7,6,2,heladas_invernales,-3.7,6,alto
2024-06-14,2024-06-14T03:00,Puno,El Collao,Ilave,210501,-16.0833,-69.6389,3850,50239,34163,68.0,True,papa,-1.2,68,-5.6,-6.3,0.0,12,10.3,6,3,heladas_invernales,-3.7,6,alto
2024-06-14,2024-06-14T04:00,Puno,El Collao,Ilave,210501,-16.0833,-69.6389,3850,50239,34163,68.0,True,papa,-2.1,72,-6.8,-6.5,0.0,9,12.3,6,4,heladas_invernales,-3.7,6,alto
2024-06-14,2024-06-14T05:00,Puno,El Collao,Ilave,210501,-16.0833,-69.6389,3850,50239,34163,68.0,True,papa,-3.1,77,-8.0,-6.6,0.0,4,13.2,6,5,heladas_invernales,-3.7,6,alto
2024-06-14,2024-06-14T06:00,Puno,El Collao,Ilave,210501,-16.0833,-69.6389,3850,50239,34163,68.0,True,papa,-3.7,79,-8.6,-6.8,0.0,6,13.0,6,6,heladas_invernales,-3.7,6,alto
2024-06-14,2024-06-14T07:00,Puno,El Collao,Ilave,210501,-16.0833,-69.6389,3850,50239,34163,68.0,True,papa,-1.5,67,-6.3,-6.8,0.0,0,12.3,6,7,heladas_invernales,-3.7,6,alto
2024-06-14,2024-06-14T08:00,Puno,El Collao,Ilave,210501,-16.0833,-69.6389,3850,50239,34163,68.0,True,papa,3.7,52,-0.7,-5.3,0.0,0,10.4,6,8,heladas_invernales,-3.7,6,alto
2024-06-14,2024-06-14T09:00,Puno,El Collao,Ilave,210501,-16.0833,-69.6389,3850,50239,34163,68.0,True,papa,7.7,36,3.3,-6.3,0.0,0,10.1,6,9,heladas_invernales,-3.7,6,alto
2024-06-14,2024-06-14T10:00,Puno,El Collao,Ilave,210501,-16.0833,-69.6389,3850,50239,34163,68.0,True,papa,10.1,29,7.5,-6.9,0.0,0,4.2,6,10,heladas_invernales,-3.7,6,alto
2024-06-14,2024-06-14T11:00,Puno,El Collao,Ilave,210501,-16.0833,-69.6389,3850,50239,34163,68.0,True,papa,11.8,26,9.7,-7.0,0.0,0,4.7,6,11,heladas_invernales,-3.7,6,alto
2024-06-14,2024-06-14T12:00,Puno,El Collao,Ilave,210501,-16.0833,-69.6389,3850,50239,34163,68.0,True,papa,12.6,28,10.0,-5.5,0.0,0,10.8,6,12,heladas_invernales,-3.7,6,alto
2024-06-14,2024-06-14T13:00,Puno,El Collao,Ilave,210501,-16.0833,-69.6389,3850,50239,34163,68.0,True,papa,13.1,29,10.0,-4.6,0.0,0,13.2,6,13,heladas_invernales,-3.7,6,alto
2024-06-14,2024-06-14T14:00,Puno,El Collao,Ilave,210501,-16.0833,-69.6389,3850,50239,34163,68.0,True,papa,13.4,27,9.7,-5.1,0.0,0,13.0,6,14,heladas_invernales,-3.7,6,alto
2024-06-14,2024-06-14T15:00,Puno,El Collao,Ilave,210501,-16.0833,-69.6389,3850,50239,34163,68.0,True,papa,13.2,27,8.7,-5.2,0.0,0,12.0,6,15,heladas_invernales,-3.7,6,alto
2024-06-14,2024-06-14T16:00,Puno,El Collao,Ilave,210501,-16.0833,-69.6389,3850,50239,34163,68.0,True,papa,13.0,28,8.6,-5.1,0.0,0,10.9,6,16,heladas_invernales,-3.7,6,alto
2024-06-14,2024-06-14T17:00,Puno,El Collao,Ilave,210501,-16.0833,-69.6389,3850,50239,34163,68.0,True,papa,12.3,32,8.2,-3.8,0.0,0,10.2,6,17,heladas_invernales,-3.7,6,alto
2024-06-14,2024-06-14T18:00,Puno,El Collao,Ilave,210501,-16.0833,-69.6389,3850,50239,34163,68.0,True,papa,9.6,53,6.5,0.4,0.0,0,6.5,6,18,heladas_invernales,-3.7,6,alto
2024-06-14,2024-06-14T19:00,Puno,El Collao,Ilave,210501,-16.0833,-69.6389,3850,50239,34163,68.0,True,papa,7.9,54,4.4,-0.9,0.0,0,8.3,6,19,heladas_invernales,-3.7,6,alto
2024-06-14,2024-06-14T20:00,Puno,El Collao,Ilave,210501,-16.0833,-69.6389,3850,50239,34163,68.0,True,papa,6.3,53,2.2,-2.5,0.0,0,11.7,6,20,heladas_invernales,-3.7,6,alto
2024-06-14,2024-06-14T21:00,Puno,El Collao,Ilave,210501,-16.0833,-69.6389,3850,50239,34163,68.0,True,papa,5.1,57,0.8,-2.8,0.0,0,12.1,6,21,heladas_invernales,-3.7,6,alto
2024-06-14,2024-06-14T22:00,Puno,El Collao,Ilave,210501,-16.0833,-69.6389,3850,50239,34163,68.0,True,papa,4.2,59,-0.1,-3.0,0.0,0,12.4,6,22,heladas_invernales,-3.7,6,alto
2024-06-14,2024-06-14T23:00,Puno,El Collao,Ilave,210501,-16.0833,-69.6389,3850,50239,34163,68.0,True,papa,3.2,57,-1.5,-4.4,0.0,0,13.8,6,23,heladas_invernales,-3.7,6,alto
2024-06-01,2024-06-01T00:00,Puno,Huancane,Huancane,210601,-15.2036,-69.7597,3841,23579,13440,57.0,True,papa,3.7,49,-0.2,-6.1,0.0,0,7.0,6,0,heladas_invernales,-0.2,1,alto
2024-06-01,2024-06-01T01:00,Puno,Huancane,Huancane,210601,-15.2036,-69.7597,3841,23579,13440,57.0,True,papa,6.8,36,3.3,-7.1,0.0,0,3.3,6,1,heladas_invernales,-0.2,1,alto
2024-06-01,2024-06-01T02:00,Puno,Huancane,Huancane,210601,-15.2036,-69.7597,3841,23579,13440,57.0,True,papa,5.1,43,1.3,-6.3,0.0,0,5.8,6,2,heladas_invernales,-0.2,1,alto
2024-06-01,2024-06-01T03:00,Puno,Huancane,Huancane,210601,-15.2036,-69.7597,3841,23579,13440,57.0,True,papa,2.3,57,-1.7,-5.3,0.0,0,8.3,6,3,heladas_invernales,-0.2,1,alto
2024-06-01,2024-06-01T04:00,Puno,Huancane,Huancane,210601,-15.2036,-69.7597,3841,23579,13440,57.0,True,papa,1.5,60,-2.6,-5.4,0.0,0,8.3,6,4,heladas_invernales,-0.2,1,alto
2024-06-01,2024-06-01T05:00,Puno,Huancane,Huancane,210601,-15.2036,-69.7597,3841,23579,13440,57.0,True,papa,0.8,60,-3.4,-6.2,0.0,0,8.3,6,5,heladas_invernales,-0.2,1,alto
2024-06-01,2024-06-01T06:00,Puno,Huancane,Huancane,210601,-15.2036,-69.7597,3841,23579,13440,57.0,True,papa,-0.2,59,-4.5,-7.2,0.0,0,9.3,6,6,heladas_invernales,-0.2,1,alto
2024-06-01,2024-06-01T07:00,Puno,Huancane,Huancane,210601,-15.2036,-69.7597,3841,23579,13440,57.0,True,papa,2.5,46,-1.7,-7.9,0.0,0,8.1,6,7,heladas_invernales,-0.2,1,alto
2024-06-01,2024-06-01T08:00,Puno,Huancane,Huancane,210601,-15.2036,-69.7597,3841,23579,13440,57.0,True,papa,6.3,38,2.6,-6.9,0.0,0,5.1,6,8,heladas_invernales,-0.2,1,alto
2024-06-01,2024-06-01T09:00,Puno,Huancane,Huancane,210601,-15.2036,-69.7597,3841,23579,13440,57.0,True,papa,9.4,28,6.1,-8.1,0.0,0,1.1,6,9,heladas_invernales,-0.2,1,alto
2024-06-01,2024-06-01T10:00,Puno,Huancane,Huancane,210601,-15.2036,-69.7597,3841,23579,13440,57.0,True,papa,11.2,22,8.5,-9.9,0.0,0,4.4,6,10,heladas_invernales,-0.2,1,alto
2024-06-01,2024-06-01T11:00,Puno,Huancane,Huancane,210601,-15.2036,-69.7597,3841,23579,13440,57.0,True,papa,12.6,22,10.3,-8.8,0.0,0,7.0,6,11,heladas_invernales,-0.2,1,alto
2024-06-01,2024-06-01T12:00,Puno,Huancane,Huancane,210601,-15.2036,-69.7597,3841,23579,13440,57.0,True,papa,13.9,19,11.3,-9.4,0.0,0,9.2,6,12,heladas_invernales,-0.2,1,alto
2024-06-01,2024-06-01T13:00,Puno,Huancane,Huancane,210601,-15.2036,-69.7597,3841,23579,13440,57.0,True,papa,14.6,18,11.4,-9.1,0.0,0,12.3,6,13,heladas_invernales,-0.2,1,alto
2024-06-01,2024-06-01T14:00,Puno,Huancane,Huancane,210601,-15.2036,-69.7597,3841,23579,13440,57.0,True,papa,14.9,18,10.8,-9.4,0.0,0,14.2,6,14,heladas_invernales,-0.2,1,alto
2024-06-01,2024-06-01T15:00,Puno,Huancane,Huancane,210601,-15.2036,-69.7597,3841,23579,13440,57.0,True,papa,14.6,17,9.4,-10.5,0.0,0,15.2,6,15,heladas_invernales,-0.2,1,alto
2024-06-01,2024-06-01T16:00,Puno,Huancane,Huancane,210601,-15.2036,-69.7597,3841,23579,13440,57.0,True,papa,13.8,16,8.2,-11.6,0.0,0,15.4,6,16,heladas_invernales,-0.2,1,alto
2024-06-01,2024-06-01T17:00,Puno,Huancane,Huancane,210601,-15.2036,-69.7597,3841,23579,13440,57.0,True,papa,12.1,21,7.2,-9.4,0.0,0,11.9,6,17,heladas_invernales,-0.2,1,alto
2024-06-01,2024-06-01T18:00,Puno,Huancane,Huancane,210601,-15.2036,-69.7597,3841,23579,13440,57.0,True,papa,10.1,38,6.2,-3.5,0.0,0,8.6,6,18,heladas_invernales,-0.2,1,alto
2024-06-01,2024-06-01T19:00,Puno,Huancane,Huancane,210601,-15.2036,-69.7597,3841,23579,13440,57.0,True,papa,8.6,41,4.5,-3.8,0.0,8,10.1,6,19,heladas_invernales,-0.2,1,alto
2024-06-01,2024-06-01T20:00,Puno,Huancane,Huancane,210601,-15.2036,-69.7597,3841,23579,13440,57.0,True,papa,6.3,40,2.2,-6.3,0.0,0,8.7,6,20,heladas_invernales,-0.2,1,alto
2024-06-01,2024-06-01T21:00,Puno,Huancane,Huancane,210601,-15.2036,-69.7597,3841,23579,13440,57.0,True,papa,4.8,44,0.6,-6.6,0.0,0,8.0,6,21,heladas_invernales,-0.2,1,alto
2024-06-01,2024-06-01T22:00,Puno,Huancane,Huancane,210601,-15.2036,-69.7597,3841,23579,13440,57.0,True,papa,3.7,44,-0.7,-7.5,0.0,0,9.5,6,22,heladas_invernales,-0.2,1,alto
2024-06-01,2024-06-01T23:00,Puno,Huancane,Huancane,210601,-15.2036,-69.7597,3841,23579,13440,57.0,True,papa,2.8,46,-1.9,-7.6,0.0,0,10.8,6,23,heladas_invernales,-0.2,1,alto
2024-06-02,2024-06-02T00:00,Puno,Huancane,Huancane,210601,-15.2036,-69.7597,3841,23579,13440,57.0,True,papa,2.2,49,-2.3,-7.4,0.0,0,10.3,6,0,heladas_invernales,0.0,0,alto
2024-06-02,2024-06-02T01:00,Puno,Huancane,Huancane,210601,-15.2036,-69.7597,3841,23579,13440,57.0,True,papa,1.7,49,-2.8,-7.8,0.0,0,10.1,6,1,heladas_invernales,0.0,0,alto
2024-06-02,2024-06-02T02:00,Puno,Huancane,Huancane,210601,-15.2036,-69.7597,3841,23579,13440,57.0,True,papa,0.9,52,-3.6,-7.9,0.0,0,9.7,6,2,heladas_invernales,0.0,0,alto
2024-06-02,2024-06-02T03:00,Puno,Huancane,Huancane,210601,-15.2036,-69.7597,3841,23579,13440,57.0,True,papa,0.0,54,-4.5,-8.1,0.0,0,9.4,6,3,heladas_invernales,0.0,0,alto
2024-06-02,2024-06-02T04:00,Puno,Huancane,Huancane,210601,-15.2036,-69.7597,3841,23579,13440,57.0,True,papa,0.1,56,-4.4,-7.6,0.0,1,9.8,6,4,heladas_invernales,0.0,0,alto
2024-06-02,2024-06-02T05:00,Puno,Huancane,Huancane,210601,-15.2036,-69.7597,3841,23579,13440,57.0,True,papa,0.2,58,-4.2,-7.1,0.0,2,9.7,6,5,heladas_invernales,0.0,0,alto
2024-06-02,2024-06-02T06:00,Puno,Huancane,Huancane,210601,-15.2036,-69.7597,3841,23579,13440,57.0,True,papa,0.2,61,-4.2,-6.4,0.0,0,9.4,6,6,heladas_invernales,0.0,0,alto
2024-06-02,2024-06-02T07:00,Puno,Huancane,Huancane,210601,-15.2036,-69.7597,3841,23579,13440,57.0,True,papa,2.2,53,-1.9,-6.4,0.0,0,7.6,6,7,heladas_invernales,0.0,0,alto
2024-06-02,2024-06-02T08:00,Puno,Huancane,Huancane,210601,-15.2036,-69.7597,3841,23579,13440,57.0,True,papa,4.4,53,1.0,-4.4,0.0,11,5.4,6,8,heladas_invernales,0.0,0,alto
2024-06-02,2024-06-02T09:00,Puno,Huancane,Huancane,210601,-15.2036,-69.7597,3841,23579,13440,57.0,True,papa,8.8,37,5.4,-5.3,0.0,0,3.9,6,9,heladas_invernales,0.0,0,alto
2024-06-02,2024-06-02T10:00,Puno,Huancane,Huancane,210601,-15.2036,-69.7597,3841,23579,13440,57.0,True,papa,11.4,27,9.2,-7.2,0.0,0,2.5,6,10,heladas_invernales,0.0,0,alto
2024-06-02,2024-06-02T11:00,Puno,Huancane,Huancane,210601,-15.2036,-69.7597,3841,23579,13440,57.0,True,papa,13.2,23,10.8,-7.3,0.0,15,7.9,6,11,heladas_invernales,0.0,0,alto
2024-06-02,2024-06-02T12:00,Puno,Huancane,Huancane,210601,-15.2036,-69.7597,3841,23579,13440,57.0,True,papa,14.4,20,11.6,-8.0,0.0,49,11.3,6,12,heladas_invernales,0.0,0,alto
2024-06-02,2024-06-02T13:00,Puno,Huancane,Huancane,210601,-15.2036,-69.7597,3841,23579,13440,57.0,True,papa,15.1,18,11.8,-9.2,0.0,52,13.0,6,13,heladas_invernales,0.0,0,alto
2024-06-02,2024-06-02T14:00,Puno,Huancane,Huancane,210601,-15.2036,-69.7597,3841,23579,13440,57.0,True,papa,15.3,16,10.9,-10.8,0.0,57,15.4,6,14,heladas_invernales,0.0,0,alto
2024-06-02,2024-06-02T15:00,Puno,Huancane,Huancane,210601,-15.2036,-69.7597,3841,23579,13440,57.0,True,papa,14.9,13,9.0,-13.1,0.0,73,17.7,6,15,heladas_invernales,0.0,0,alto
2024-06-02,2024-06-02T16:00,Puno,Huancane,Huancane,210601,-15.2036,-69.7597,3841,23579,13440,57.0,True,papa,13.8,14,7.8,-13.6,0.0,11,16.9,6,16,heladas_invernales,0.0,0,alto
2024-06-02,2024-06-02T17:00,Puno,Huancane,Huancane,210601,-15.2036,-69.7597,3841,23579,13440,57.0,True,papa,12.1,21,7.3,-9.4,0.0,13,11.6,6,17,heladas_invernales,0.0,0,alto
2024-06-02,2024-06-02T18:00,Puno,Huancane,Huancane,210601,-15.2036,-69.7597,3841,23579,13440,57.0,True,papa,10.1,41,6.6,-2.7,0.0,4,6.6,6,18,heladas_invernales,0.0,0,alto
2024-06-02,2024-06-02T19:00,Puno,Huancane,Huancane,210601,-15.2036,-69.7597,3841,23579,13440,57.0,True,papa,8.7,47,5.1,-2.1,0.0,2,7.9,6,19,heladas_invernales,0.0,0,alto
2024-06-02,2024-06-02T20:00,Puno,Huancane,Huancane,210601,-15.2036,-69.7597,3841,23579,13440,57.0,True,papa,6.8,39,2.7,-6.2,0.0,4,7.9,6,20,heladas_invernales,0.0,0,alto
2024-06-02,2024-06-02T21:00,Puno,Huancane,Huancane,210601,-15.2036,-69.7597,3841,23579,13440,57.0,True,papa,5.3,37,1.0,-8.2,0.0,0,8.5,6,21,heladas_invernales,0.0,0,alto
2024-06-02,2024-06-02T22:00,Puno,Huancane,Huancane,210601,-15.2036,-69.7597,3841,23579,13440,57.0,True,papa,3.9,35,-0.6,-10.4,0.0,0,8.7,6,22,heladas_invernales,0.0,0,alto
2024-06-02,2024-06-02T23:00,Puno,Huancane,Huancane,210601,-15.2036,-69.7597,3841,23579,13440,57.0,True,papa,2.8,35,-1.8,-10.9,0.0,0,8.9,6,23,heladas_invernales,0.0,0,alto
2024-06-03,2024-06-03T00:00,Puno,Huancane,Huancane,210601,-15.2036,-69.7597,3841,23579,13440,57.0,True,papa,2.2,36,-2.5,-11.2,0.0,0,9.9,6,0,heladas_invernales,-0.9,2,alto
2024-06-03,2024-06-03T01:00,Puno,Huancane,Huancane,210601,-15.2036,-69.7597,3841,23579,13440,57.0,True,papa,1.8,36,-3.2,-11.7,0.0,0,10.5,6,1,heladas_invernales,-0.9,2,alto
2024-06-03,2024-06-03T02:00,Puno,Huancane,Huancane,210601,-15.2036,-69.7597,3841,23579,13440,57.0,True,papa,1.3,37,-3.6,-11.6,0.0,0,10.5,6,2,heladas_invernales,-0.9,2,alto
2024-06-03,2024-06-03T03:00,Puno,Huancane,Huancane,210601,-15.2036,-69.7597,3841,23579,13440,57.0,True,papa,1.0,38,-4.1,-11.9,0.0,0,11.5,6,3,heladas_invernales,-0.9,2,alto
2024-06-03,2024-06-03T04:00,Puno,Huancane,Huancane,210601,-15.2036,-69.7597,3841,23579,13440,57.0,True,papa,0.2,40,-5.0,-11.9,0.0,0,12.1,6,4,heladas_invernales,-0.9,2,alto
2024-06-03,2024-06-03T05:00,Puno,Huancane,Huancane,210601,-15.2036,-69.7597,3841,23579,13440,57.0,True,papa,-0.9,44,-6.0,-11.6,0.0,0,11.2,6,5,heladas_invernales,-0.9,2,alto
2024-06-03,2024-06-03T06:00,Puno,Huancane,Huancane,210601,-15.2036,-69.7597,3841,23579,13440,57.0,True,papa,-0.9,46,-5.7,-11.1,0.0,0,10.1,6,6,heladas_invernales,-0.9,2,alto
2024-06-03,2024-06-03T07:00,Puno,Huancane,Huancane,210601,-15.2036,-69.7597,3841,23579,13440,57.0,True,papa,1.4,41,-3.2,-10.5,0.0,1,8.7,6,7,heladas_invernales,-0.9,2,alto
2024-06-03,2024-06-03T08:00,Puno,Huancane,Huancane,210601,-15.2036,-69.7597,3841,23579,13440,57.0,True,papa,5.6,27,1.2,-11.8,0.0,2,6.9,6,8,heladas_invernales,-0.9,2,alto
2024-06-03,2024-06-03T09:00,Puno,Huancane,Huancane,210601,-15.2036,-69.7597,3841,23579,13440,57.0,True,papa,9.4,22,5.2,-11.1,0.0,2,5.7,6,9,heladas_invernales,-0.9,2,alto
2024-06-03,2024-06-03T10:00,Puno,Huancane,Huancane,210601,-15.2036,-69.7597,3841,23579,13440,57.0,True,papa,11.9,21,9.3,-9.8,0.0,1,3.8,6,10,heladas_invernales,-0.9,2,alto
2024-06-03,2024-06-03T11:00,Puno,Huancane,Huancane,210601,-15.2036,-69.7597,3841,23579,13440,57.0,True,papa,13.5,18,12.0,-10.1,0.0,1,1.1,6,11,heladas_invernales,-0.9,2,alto
2024-06-03,2024-06-03T12:00,Puno,Huancane,Huancane,210601,-15.2036,-69.7597,3841,23579,13440,57.0,True,papa,14.6,17,13.5,-10.1,0.0,0,0.7,6,12,heladas_invernales,-0.9,2,alto
2024-06-03,2024-06-03T13:00,Puno,Huancane,Huancane,210601,-15.2036,-69.7597,3841,23579,13440,57.0,True,papa,15.7,16,13.8,-9.9,0.0,43,4.0,6,13,heladas_invernales,-0.9,2,alto
2024-06-03,2024-06-03T14:00,Puno,Huancane,Huancane,210601,-15.2036,-69.7597,3841,23579,13440,57.0,True,papa,16.0,19,12.1,-7.7,0.0,16,13.5,6,14,heladas_invernales,-0.9,2,alto
2024-06-03,2024-06-03T15:00,Puno,Huancane,Huancane,210601,-15.2036,-69.7597,3841,23579,13440,57.0,True,papa,14.4,26,8.5,-4.7,0.0,6,22.9,6,15,heladas_invernales,-0.9,2,alto
2024-06-03,2024-06-03T16:00,Puno,Huancane,Huancane,210601,-15.2036,-69.7597,3841,23579,13440,57.0,True,papa,13.1,39,8.0,-0.4,0.0,20,19.8,6,16,heladas_invernales,-0.9,2,alto
2024-06-03,2024-06-03T17:00,Puno,Huancane,Huancane,210601,-15.2036,-69.7597,3841,23579,13440,57.0,True,papa,11.8,49,7.7,1.5,0.0,12,14.7,6,17,heladas_invernales,-0.9,2,alto
2024-06-03,2024-06-03T18:00,Puno,Huancane,Huancane,210601,-15.2036,-69.7597,3841,23579,13440,57.0,True,papa,11.4,50,8.3,1.4,0.0,24,7.9,6,18,heladas_invernales,-0.9,2,alto
2024-06-03,2024-06-03T19:00,Puno,Huancane,Huancane,210601,-15.2036,-69.7597,3841,23579,13440,57.0,True,papa,10.0,54,6.7,1.0,0.0,9,9.2,6,19,heladas_invernales,-0.9,2,alto
2024-06-03,2024-06-03T20:00,Puno,Huancane,Huancane,210601,-15.2036,-69.7597,3841,23579,13440,57.0,True,papa,7.9,60,4.6,0.5,0.0,0,8.9,6,20,heladas_invernales,-0.9,2,alto
2024-06-03,2024-06-03T21:00,Puno,Huancane,Huancane,210601,-15.2036,-69.7597,3841,23579,13440,57.0,True,papa,5.9,60,2.3,-1.2,0.0,0,8.9,6,21,heladas_invernales,-0.9,2,alto
2024-06-03,2024-06-03T22:00,Puno,Huancane,Huancane,210601,-15.2036,-69.7597,3841,23579,13440,57.0,True,papa,4.0,51,-0.3,-5.2,0.0,0,10.0,6,22,heladas_invernales,-0.9,2,alto
2024-06-03,2024-06-03T23:00,Puno,Huancane,Huancane,210601,-15.2036,-69.7597,3841,23579,13440,57.0,True,papa,2.8,47,-1.8,-7.6,0.0,0,10.7,6,23,heladas_invernales,-0.9,2,alto
2024-06-04,2024-06-04T00:00,Puno,Huancane,Huancane,210601,-15.2036,-69.7597,3841,23579,13440,57.0,True,papa,2.1,45,-2.4,-8.7,0.0,0,9.4,6,0,heladas_invernales,0.4,0,medio
2024-06-04,2024-06-04T01:00,Puno,Huancane,Huancane,210601,-15.2036,-69.7597,3841,23579,13440,57.0,True,papa,1.5,43,-3.2,-9.8,0.0,0,10.1,6,1,heladas_invernales,0.4,0,medio
2024-06-04,2024-06-04T02:00,Puno,Huancane,Huancane,210601,-15.2036,-69.7597,3841,23579,13440,57.0,True,papa,0.9,43,-3.8,-10.2,0.0,0,9.7,6,2,heladas_invernales,0.4,0,medio
2024-06-04,2024-06-04T03:00,Puno,Huancane,Huancane,210601,-15.2036,-69.7597,3841,23579,13440,57.0,True,papa,0.6,49,-3.7,-8.8,0.0,3,8.3,6,3,heladas_invernales,0.4,0,medio
2024-06-04,2024-06-04T04:00,Puno,Huancane,Huancane,210601,-15.2036,-69.7597,3841,23579,13440,57.0,True,papa,0.6,63,-3.3,-5.6,0.0,37,7.2,6,4,heladas_invernales,0.4,0,medio
2024-06-04,2024-06-04T05:00,Puno,Huancane,Huancane,210601,-15.2036,-69.7597,3841,23579,13440,57.0,True,papa,0.4,90,-2.9,-0.9,0.0,100,7.1,6,5,heladas_invernales,0.4,0,medio
2024-06-04,2024-06-04T06:00,Puno,Huancane,Huancane,210601,-15.2036,-69.7597,3841,23579,13440,57.0,True,papa,0.4,95,-2.8,-0.2,0.0,100,7.7,6,6,heladas_invernales,0.4,0,medio
2024-06-04,2024-06-04T07:00,Puno,Huancane,Huancane,210601,-15.2036,-69.7597,3841,23579,13440,57.0,True,papa,1.8,94,-1.3,0.9,0.0,100,7.9,6,7,heladas_invernales,0.4,0,medio
2024-06-04,2024-06-04T08:00,Puno,Huancane,Huancane,210601,-15.2036,-69.7597,3841,23579,13440,57.0,True,papa,4.1,90,1.4,2.7,0.0,41,6.8,6,8,heladas_invernales,0.4,0,medio
2024-06-04,2024-06-04T09:00,Puno,Huancane,Huancane,210601,-15.2036,-69.7597,3841,23579,13440,57.0,True,papa,7.7,71,5.3,2.8,0.0,11,5.2,6,9,heladas_invernales,0.4,0,medio
2024-06-04,2024-06-04T10:00,Puno,Huancane,Huancane,210601,-15.2036,-69.7597,3841,23579,13440,57.0,True,papa,10.5,52,9.0,1.1,0.0,0,4.0,6,10,heladas_invernales,0.4,0,medio
2024-06-04,2024-06-04T11:00,Puno,Huancane,Huancane,210601,-15.2036,-69.7597,3841,23579,13440,57.0,True,papa,12.8,38,11.5,-1.0,0.0,0,4.8,6,11,heladas_invernales,0.4,0,medio
2024-06-04,2024-06-04T12:00,Puno,Huancane,Huancane,210601,-15.2036,-69.7597,3841,23579,13440,57.0,True,papa,14.2,31,12.5,-2.5,0.0,0,8.0,6,12,heladas_invernales,0.4,0,medio
2024-06-04,2024-06-04T13:00,Puno,Huancane,Huancane,210601,-15.2036,-69.7597,3841,23579,13440,57.0,True,papa,14.9,32,12.4,-1.6,0.0,0,12.3,6,13,heladas_invernales,0.4,0,medio
2024-06-04,2024-06-04T14:00,Puno,Huancane,Huancane,210601,-15.2036,-69.7597,3841,23579,13440,57.0,True,papa,14.9,29,11.1,-3.1,0.0,1,15.8,6,14,heladas_invernales,0.4,0,medio
2024-06-04,2024-06-04T15:00,Puno,Huancane,Huancane,210601,-15.2036,-69.7597,3841,23579,13440,57.0,True,papa,14.6,20,9.3,-8.2,0.0,0,16.3,6,15,heladas_invernales,0.4,0,medio
2024-06-04,2024-06-04T16:00,Puno,Huancane,Huancane,210601,-15.2036,-69.7597,3841,23579,13440,57.0,True,papa,13.8,16,8.3,-11.8,0.0,0,14.5,6,16,heladas_invernales,0.4,0,medio
2024-06-04,2024-06-04T17:00,Puno,Huancane,Huancane,210601,-15.2036,-69.7597,3841,23579,13440,57.0,True,papa,12.4,23,7.4,-8.4,0.0,0,12.3,6,17,heladas_invernales,0.4,0,medio
2024-06-04,2024-06-04T18:00,Puno,Huancane,Huancane,210601,-15.2036,-69.7597,3841,23579,13440,57.0,True,papa,10.8,38,6.9,-2.9,0.0,0,9.4,6,18,heladas_invernales,0.4,0,medio
2024-06-04,2024-06-04T19:00,Puno,Huancane,Huancane,210601,-15.2036,-69.7597,3841,23579,13440,57.0,True,papa,9.6,43,5.8,-2.4,0.0,0,9.0,6,19,heladas_invernales,0.4,0,medio
2024-06-04,2024-06-04T20:00,Puno,Huancane,Huancane,210601,-15.2036,-69.7597,3841,23579,13440,57.0,True,papa,7.7,45,4.0,-3.7,0.0,0,6.9,6,20,heladas_invernales,0.4,0,medio
2024-06-04,2024-06-04T21:00,Puno,Huancane,Huancane,210601,-15.2036,-69.7597,3841,23579,13440,57.0,True,papa,6.2,40,2.0,-6.5,0.0,0,8.8,6,21,heladas_invernales,0.4,0,medio
2024-06-04,2024-06-04T22:00,Puno,Huancane,Huancane,210601,-15.2036,-69.7597,3841,23579,13440,57.0,True,papa,4.7,34,-0.0,-10.1,0.0,0,9.8,6,22,heladas_invernales,0.4,0,medio
2024-06-04,2024-06-04T23:00,Puno,Huancane,Huancane,210601,-15.2036,-69.7597,3841,23579,13440,57.0,True,papa,3.2,38,-1.3,-9.9,0.0,0,8.4,6,23,heladas_invernales,0.4,0,medio
2024-06-05,2024-06-05T00:00,Puno,Huancane,Huancane,210601,-15.2036,-69.7597,3841,23579,13440,57.0,True,papa,2.5,40,-1.9,-9.9,0.0,0,7.9,6,0,heladas_invernales,0.1,0,medio
2024-06-05,2024-06-05T01:00,Puno,Huancane,Huancane,210601,-15.2036,-69.7597,3841,23579,13440,57.0,True,papa,2.3,38,-1.9,-10.6,0.0,0,6.8,6,1,heladas_invernales,0.1,0,medio
2024-06-05,2024-06-05T02:00,Puno,Huancane,Huancane,210601,-15.2036,-69.7597,3841,23579,13440,57.0,True,papa,1.6,39,-3.1,-10.8,0.0,0,9.2,6,2,heladas_invernales,0.1,0,medio
2024-06-05,2024-06-05T03:00,Puno,Huancane,Huancane,210601,-15.2036,-69.7597,3841,23579,13440,57.0,True,papa,1.0,42,-3.7,-10.4,0.0,0,9.8,6,3,heladas_invernales,0.1,0,medio
2024-06-05,2024-06-05T04:00,Puno,Huancane,Huancane,210601,-15.2036,-69.7597,3841,23579,13440,57.0,True,papa,0.1,45,-4.6,-10.5,0.0,0,9.1,6,4,heladas_invernales,0.1,0,medio
2024-06-05,2024-06-05T05:00,Puno,Huancane,Huancane,210601,-15.2036,-69.7597,3841,23579,13440,57.0,True,papa,0.2,45,-4.4,-10.3,0.0,0,9.4,6,5,heladas_invernales,0.1,0,medio
2024-06-05,2024-06-05T06:00,Puno,Huancane,Huancane,210601,-15.2036,-69.7597,3841,23579,13440,57.0,True,papa,0.3,46,-4.3,-9.9,0.0,0,9.4,6,6,heladas_invernales,0.1,0,medio
2024-06-05,2024-06-05T07:00,Puno,Huancane,Huancane,210601,-15.2036,-69.7597,3841,23579,13440,57.0,True,papa,2.3,41,-1.9,-9.7,0.0,0,7.2,6,7,heladas_invernales,0.1,0,medio
2024-06-05,2024-06-05T08:00,Puno,Huancane,Huancane,210601,-15.2036,-69.7597,3841,23579,13440,57.0,True,papa,4.5,46,1.0,-6.2,0.0,12,4.2,6,8,heladas_invernales,0.1,0,medio
2024-06-05,2024-06-05T09:00,Puno,Huancane,Huancane,210601,-15.2036,-69.7597,3841,23579,13440,57.0,True,papa,8.2,42,5.1,-3.9,0.0,6,3.1,6,9,heladas_invernales,0.1,0,medio
2024-06-05,2024-06-05T10:00,Puno,Huancane,Huancane,210601,-15.2036,-69.7597,3841,23579,13440,57.0,True,papa,10.9,37,8.7,-3.1,0.0,0,4.7,6,10,heladas_invernales,0.1,0,medio
2024-06-05,2024-06-05T11:00,Puno,Huancane,Huancane,210601,-15.2036,-69.7597,3841,23579,13440,57.0,True,papa,12.8,33,10.3,-3.2,0.0,0,10.5,6,11,heladas_invernales,0.1,0,medio
2024-06-05,2024-06-05T12:00,Puno,Huancane,Huancane,210601,-15.2036,-69.7597,3841,23579,13440,57.0,True,papa,13.8,31,10.8,-2.9,0.0,0,15.1,6,12,heladas_invernales,0.1,0,medio
2024-06-05,2024-06-05T13:00,Puno,Huancane,Huancane,210601,-15.2036,-69.7597,3841,23579,13440,57.0,True,papa,14.0,32,10.6,-2.3,0.0,0,17.3,6,13,heladas_invernales,0.1,0,medio
2024-06-05,2024-06-05T14:00,Puno,Huancane,Huancane,210601,-15.2036,-69.7597,3841,23579,13440,57.0,True,papa,14.1,32,10.2,-2.5,0.0,0,17.0,6,14,heladas_invernales,0.1,0,medio
2024-06-05,2024-06-05T15:00,Puno,Huancane,Huancane,210601,-15.2036,-69.7597,3841,23579,13440,57.0,True,papa,13.9,34,8.9,-1.7,0.0,0,18.3,6,15,heladas_invernales,0.1,0,medio
2024-06-05,2024-06-05T16:00,Puno,Huancane,Huancane,210601,-15.2036,-69.7597,3841,23579,13440,57.0,True,papa,12.9,42,8.0,0.2,0.0,0,19.0,6,16,heladas_invernales,0.1,0,medio
2024-06-05,2024-06-05T17:00,Puno,Huancane,Huancane,210601,-15.2036,-69.7597,3841,23579,13440,57.0,True,papa,11.8,51,7.9,2.0,0.0,1,14.3,6,17,heladas_invernales,0.1,0,medio
2024-06-05,2024-06-05T18:00,Puno,Huancane,Huancane,210601,-15.2036,-69.7597,3841,23579,13440,57.0,True,papa,10.9,60,7.9,3.4,0.0,2,10.7,6,18,heladas_invernales,0.1,0,medio
2024-06-05,2024-06-05T19:00,Puno,Huancane,Huancane,210601,-15.2036,-69.7597,3841,23579,13440,57.0,True,papa,10.1,63,7.1,3.4,0.0,0,9.9,6,19,heladas_invernales,0.1,0,medio
2024-06-05,2024-06-05T20:00,Puno,Huancane,Huancane,210601,-15.2036,-69.7597,3841,23579,13440,57.0,True,papa,8.6,69,6.0,3.2,0.0,0,6.9,6,20,heladas_invernales,0.1,0,medio
2024-06-05,2024-06-05T21:00,Puno,Huancane,Huancane,210601,-15.2036,-69.7597,3841,23579,13440,57.0,True,papa,7.3,75,4.9,3.2,0.0,0,5.6,6,21,heladas_invernales,0.1,0,medio
2024-06-05,2024-06-05T22:00,Puno,Huancane,Huancane,210601,-15.2036,-69.7597,3841,23579,13440,57.0,True,papa,5.5,81,2.4,2.5,0.0,0,9.5,6,22,heladas_invernales,0.1,0,medio
2024-06-05,2024-06-05T23:00,Puno,Huancane,Huancane,210601,-15.2036,-69.7597,3841,23579,13440,57.0,True,papa,3.7,87,0.4,1.7,0.0,0,9.5,6,23,heladas_invernales,0.1,0,medio
2024-06-06,2024-06-06T00:00,Puno,Huancane,Huancane,210601,-15.2036,-69.7597,3841,23579,13440,57.0,True,papa,2.5,89,-0.8,0.9,0.0,0,9.5,6,0,heladas_invernales,0.4,0,medio
2024-06-06,2024-06-06T01:00,Puno,Huancane,Huancane,210601,-15.2036,-69.7597,3841,23579,13440,57.0,True,papa,1.9,88,-1.5,0.1,0.0,3,8.7,6,1,heladas_invernales,0.4,0,medio
2024-06-06,2024-06-06T02:00,Puno,Huancane,Huancane,210601,-15.2036,-69.7597,3841,23579,13440,57.0,True,papa,1.5,88,-2.0,-0.3,0.0,6,9.0,6,2,heladas_invernales,0.4,0,medio
2024-06-06,2024-06-06T03:00,Puno,Huancane,Huancane,210601,-15.2036,-69.7597,3841,23579,13440,57.0,True,papa,1.2,90,-2.3,-0.2,0.0,0,9.4,6,3,heladas_invernales,0.4,0,medio
2024-06-06,2024-06-06T04:00,Puno,Huancane,Huancane,210601,-15.2036,-69.7597,3841,23579,13440,57.0,True,papa,1.2,89,-2.3,-0.3,0.0,2,9.7,6,4,heladas_invernales,0.4,0,medio
2024-06-06,2024-06-06T05:00,Puno,Huancane,Huancane,210601,-15.2036,-69.7597,3841,23579,13440,57.0,True,papa,1.0,89,-2.6,-0.6,0.0,1,9.4,6,5,heladas_invernales,0.4,0,medio
2024-06-06,2024-06-06T06:00,Puno,Huancane,Huancane,210601,-15.2036,-69.7597,3841,23579,13440,57.0,True,papa,0.4,91,-2.9,-0.9,0.0,8,7.6,6,6,heladas_invernales,0.4,0,medio
2024-06-06,2024-06-06T07:00,Puno,Huancane,Huancane,210601,-15.2036,-69.7597,3841,23579,13440,57.0,True,papa,2.3,84,-0.7,-0.1,0.0,3,6.6,6,7,heladas_invernales,0.4,0,medio
2024-06-06,2024-06-06T08:00,Puno,Huancane,Huancane,210601,-15.2036,-69.7597,3841,23579,13440,57.0,True,papa,4.4,81,1.7,1.5,0.0,42,5.5,6,8,heladas_invernales,0.4,0,medio
2024-06-06,2024-06-06T09:00,Puno,Huancane,Huancane,210601,-15.2036,-69.7597,3841,23579,13440,57.0,True,papa,8.1,58,5.5,0.4,0.0,0,3.4,6,9,heladas_invernales,0.4,0,medio
2024-06-06,2024-06-06T10:00,Puno,Huancane,Huancane,210601,-15.2036,-69.7597,3841,23579,13440,57.0,True,papa,10.8,36,8.8,-3.6,0.0,0,3.4,6,10,heladas_invernales,0.4,0,medio
2024-06-06,2024-06-06T11:00,Puno,Huancane,Huancane,210601,-15.2036,-69.7597,3841,23579,13440,57.0,True,papa,12.9,27,10.4,-5.7,0.0,0,8.7,6,11,heladas_invernales,0.4,0,medio
2024-06-06,2024-06-06T12:00,Puno,Huancane,Huancane,210601,-15.2036,-69.7597,3841,23579,13440,57.0,True,papa,13.8,25,10.9,-6.1,0.0,0,12.3,6,12,heladas_invernales,0.4,0,medio
2024-06-06,2024-06-06T13:00,Puno,Huancane,Huancane,210601,-15.2036,-69.7597,3841,23579,13440,57.0,True,papa,14.1,27,10.8,-4.4,0.0,0,15.0,6,13,heladas_invernales,0.4,0,medio
2024-06-06,2024-06-06T14:00,Puno,Huancane,Huancane,210601,-15.2036,-69.7597,3841,23579,13440,57.0,True,papa,13.9,36,10.0,-0.9,0.0,0,18.2,6,14,heladas_invernales,0.4,0,medio
2024-06-06,2024-06-06T15:00,Puno,Huancane,Huancane,210601,-15.2036,-69.7597,3841,23579,13440,57.0,True,papa,13.7,41,9.1,0.6,0.0,2,18.5,6,15,heladas_invernales,0.4,0,medio
2024-06-06,2024-06-06T16:00,Puno,Huancane,Huancane,210601,-15.2036,-69.7597,3841,23579,13440,57.0,True,papa,12.9,48,8.4,2.1,0.0,1,18.4,6,16,heladas_invernales,0.4,0,medio
2024-06-06,2024-06-06T17:00,Puno,Huancane,Huancane,210601,-15.2036,-69.7597,3841,23579,13440,57.0,True,papa,11.6,52,7.3,2.2,0.0,0,17.6,6,17,heladas_invernales,0.4,0,medio
2024-06-06,2024-06-06T18:00,Puno,Huancane,Huancane,210601,-15.2036,-69.7597,3841,23579,13440,57.0,True,papa,11.3,53,7.4,2.1,0.0,0,14.4,6,18,heladas_invernales,0.4,0,medio
2024-06-06,2024-06-06T19:00,Puno,Huancane,Huancane,210601,-15.2036,-69.7597,3841,23579,13440,57.0,True,papa,10.9,48,7.3,0.2,0.0,0,10.9,6,19,heladas_invernales,0.4,0,medio
2024-06-06,2024-06-06T20:00,Puno,Huancane,Huancane,210601,-15.2036,-69.7597,3841,23579,13440,57.0,True,papa,8.1,56,4.8,-0.2,0.0,0,8.3,6,20,heladas_invernales,0.4,0,medio
2024-06-06,2024-06-06T21:00,Puno,Huancane,Huancane,210601,-15.2036,-69.7597,3841,23579,13440,57.0,True,papa,5.8,71,2.2,0.9,0.0,0,10.9,6,21,heladas_invernales,0.4,0,medio
2024-06-06,2024-06-06T22:00,Puno,Huancane,Huancane,210601,-15.2036,-69.7597,3841,23579,13440,57.0,True,papa,4.3,75,0.7,0.3,0.0,0,10.5,6,22,heladas_invernales,0.4,0,medio
2024-06-06,2024-06-06T23:00,Puno,Huancane,Huancane,210601,-15.2036,-69.7597,3841,23579,13440,57.0,True,papa,3.7,72,-0.2,-0.9,0.0,0,11.3,6,23,heladas_invernales,0.4,0,medio
2024-06-07,2024-06-07T00:00,Puno,Huancane,Huancane,210601,-15.2036,-69.7597,3841,23579,13440,57.0,True,papa,2.9,76,-1.0,-0.9,0.0,0,11.1,6,0,heladas_invernales,-0.3,1,alto
2024-06-07,2024-06-07T01:00,Puno,Huancane,Huancane,210601,-15.2036,-69.7597,3841,23579,13440,57.0,True,papa,2.0,80,-1.7,-1.0,0.0,0,10.2,6,1,heladas_invernales,-0.3,1,alto
2024-06-07,2024-06-07T02:00,Puno,Huancane,Huancane,210601,-15.2036,-69.7597,3841,23579,13440,57.0,True,papa,1.2,83,-2.5,-1.3,0.0,0,9.7,6,2,heladas_invernales,-0.3,1,alto
2024-06-07,2024-06-07T03:00,Puno,Huancane,Huancane,210601,-15.2036,-69.7597,3841,23579,13440,57.0,True,papa,1.3,83,-2.4,-1.2,0.0,2,9.4,6,3,heladas_invernales,-0.3,1,alto
2024-06-07,2024-06-07T04:00,Puno,Huancane,Huancane,210601,-15.2036,-69.7597,3841,23579,13440,57.0,True,papa,0.8,85,-3.0,-1.5,0.0,1,9.4,6,4,heladas_invernales,-0.3,1,alto
2024-06-07,2024-06-07T05:00,Puno,Huancane,Huancane,210601,-15.2036,-69.7597,3841,23579,13440,57.0,True,papa,0.3,81,-3.6,-2.6,0.0,0,9.8,6,5,heladas_invernales,-0.3,1,alto
2024-06-07,2024-06-07T06:00,Puno,Huancane,Huancane,210601,-15.2036,-69.7597,3841,23579,13440,57.0,True,papa,-0.3,81,-4.3,-3.1,0.0,0,10.1,6,6,heladas_invernales,-0.3,1,alto
2024-06-07,2024-06-07T07:00,Puno,Huancane,Huancane,210601,-15.2036,-69.7597,3841,23579,13440,57.0,True,papa,0.9,75,-2.8,-3.0,0.0,0,8.3,6,7,heladas_invernales,-0.3,1,alto
2024-06-07,2024-06-07T08:00,Puno,Huancane,Huancane,210601,-15.2036,-69.7597,3841,23579,13440,57.0,True,papa,4.7,66,1.8,-1.2,0.0,8,4.3,6,8,heladas_invernales,-0.3,1,alto
2024-06-07,2024-06-07T09:00,Puno,Huancane,Huancane,210601,-15.2036,-69.7597,3841,23579,13440,57.0,True,papa,8.1,52,5.3,-1.1,0.0,0,3.7,6,9,heladas_invernales,-0.3,1,alto
2024-06-07,2024-06-07T10:00,Puno,Huancane,Huancane,210601,-15.2036,-69.7597,3841,23579,13440,57.0,True,papa,10.8,37,8.3,-3.5,0.0,0,6.4,6,10,heladas_invernales,-0.3,1,alto
2024-06-07,2024-06-07T11:00,Puno,Huancane,Huancane,210601,-15.2036,-69.7597,3841,23579,13440,57.0,True,papa,12.9,28,10.6,-5.0,0.0,0,8.3,6,11,heladas_invernales,-0.3,1,alto
2024-06-07,2024-06-07T12:00,Puno,Huancane,Huancane,210601,-15.2036,-69.7597,3841,23579,13440,57.0,True,papa,13.8,25,11.1,-5.8,0.0,0,11.5,6,12,heladas_invernales,-0.3,1,alto
2024-06-07,2024-06-07T13:00,Puno,Huancane,Huancane,210601,-15.2036,-69.7597,3841,23579,13440,57.0,True,papa,14.2,22,10.9,-7.3,0.0,0,13.3,6,13,heladas_invernales,-0.3,1,alto
2024-06-07,2024-06-07T14:00,Puno,Huancane,Huancane,210601,-15.2036,-69.7597,3841,23579,13440,57.0,True,papa,14.2,21,9.7,-8.0,0.0,0,16.9,6,14,heladas_invernales,-0.3,1,alto
2024-06-07,2024-06-07T15:00,Puno,Huancane,Huancane,210601,-15.2036,-69.7597,3841,23579,13440,57.0,True,papa,13.9,22,8.1,-7.5,0.0,0,20.2,6,15,heladas_invernales,-0.3,1,alto
2024-06-07,2024-06-07T16:00,Puno,Huancane,Huancane,210601,-15.2036,-69.7597,3841,23579,13440,57.0,True,papa,13.2,29,7.6,-4.4,0.0,0,19.7,6,16,heladas_invernales,-0.3,1,alto
2024-06-07,2024-06-07T17:00,Puno,Huancane,Huancane,210601,-15.2036,-69.7597,3841,23579,13440,57.0,True,papa,11.4,50,6.8,1.4,0.0,0,18.1,6,17,heladas_invernales,-0.3,1,alto
2024-06-07,2024-06-07T18:00,Puno,Huancane,Huancane,210601,-15.2036,-69.7597,3841,23579,13440,57.0,True,papa,10.4,65,7.2,4.0,0.0,0,12.0,6,18,heladas_invernales,-0.3,1,alto
2024-06-07,2024-06-07T19:00,Puno,Huancane,Huancane,210601,-15.2036,-69.7597,3841,23579,13440,57.0,True,papa,8.9,73,6.8,4.3,0.0,0,5.7,6,19,heladas_invernales,-0.3,1,alto
2024-06-07,2024-06-07T20:00,Puno,Huancane,Huancane,210601,-15.2036,-69.7597,3841,23579,13440,57.0,True,papa,7.1,72,4.1,2.3,0.0,0,8.0,6,20,heladas_invernales,-0.3,1,alto
2024-06-07,2024-06-07T21:00,Puno,Huancane,Huancane,210601,-15.2036,-69.7597,3841,23579,13440,57.0,True,papa,5.6,52,1.4,-3.5,0.0,0,10.3,6,21,heladas_invernales,-0.3,1,alto
2024-06-07,2024-06-07T22:00,Puno,Huancane,Huancane,210601,-15.2036,-69.7597,3841,23579,13440,57.0,True,papa,4.1,33,-1.1,-10.6,0.0,0,12.9,6,22,heladas_invernales,-0.3,1,alto
2024-06-07,2024-06-07T23:00,Puno,Huancane,Huancane,210601,-15.2036,-69.7597,3841,23579,13440,57.0,True,papa,2.3,37,-2.7,-10.8,0.0,0,12.1,6,23,heladas_invernales,-0.3,1,alto
2024-06-08,2024-06-08T00:00,Puno,Huancane,Huancane,210601,-15.2036,-69.7597,3841,23579,13440,57.0,True,papa,0.9,41,-3.9,-10.9,0.0,0,10.4,6,0,heladas_invernales,-1.1,5,alto
2024-06-08,2024-06-08T01:00,Puno,Huancane,Huancane,210601,-15.2036,-69.7597,3841,23579,13440,57.0,True,papa,0.2,39,-4.8,-12.1,0.0,0,10.5,6,1,heladas_invernales,-1.1,5,alto
2024-06-08,2024-06-08T02:00,Puno,Huancane,Huancane,210601,-15.2036,-69.7597,3841,23579,13440,57.0,True,papa,-0.1,37,-5.1,-13.1,0.0,0,10.5,6,2,heladas_invernales,-1.1,5,alto
2024-06-08,2024-06-08T03:00,Puno,Huancane,Huancane,210601,-15.2036,-69.7597,3841,23579,13440,57.0,True,papa,-0.1,36,-5.2,-13.4,0.0,0,11.7,6,3,heladas_invernales,-1.1,5,alto
2024-06-08,2024-06-08T04:00,Puno,Huancane,Huancane,210601,-15.2036,-69.7597,3841,23579,13440,57.0,True,papa,-0.2,34,-5.4,-14.3,0.0,0,11.6,6,4,heladas_invernales,-1.1,5,alto
2024-06-08,2024-06-08T05:00,Puno,Huancane,Huancane,210601,-15.2036,-69.7597,3841,23579,13440,57.0,True,papa,-0.6,31,-5.9,-15.6,0.0,0,11.2,6,5,heladas_invernales,-1.1,5,alto
2024-06-08,2024-06-08T06:00,Puno,Huancane,Huancane,210601,-15.2036,-69.7597,3841,23579,13440,57.0,True,papa,-1.1,32,-6.2,-15.7,0.0,0,10.4,6,6,heladas_invernales,-1.1,5,alto
2024-06-08,2024-06-08T07:00,Puno,Huancane,Huancane,210601,-15.2036,-69.7597,3841,23579,13440,57.0,True,papa,1.0,27,-3.8,-15.9,0.0,0,8.0,6,7,heladas_invernales,-1.1,5,alto
2024-06-08,2024-06-08T08:00,Puno,Huancane,Huancane,210601,-15.2036,-69.7597,3841,23579,13440,57.0,True,papa,3.3,44,-0.5,-7.7,0.0,7,5.5,6,8,heladas_invernales,-1.1,5,alto
2024-06-08,2024-06-08T09:00,Puno,Huancane,Huancane,210601,-15.2036,-69.7597,3841,23579,13440,57.0,True,papa,7.4,36,4.0,-6.8,0.0,4,3.4,6,9,heladas_invernales,-1.1,5,alto
2024-06-08,2024-06-08T10:00,Puno,Huancane,Huancane,210601,-15.2036,-69.7597,3841,23579,13440,57.0,True,papa,10.3,27,7.6,-7.8,0.0,0,4.8,6,10,heladas_invernales,-1.1,5,alto
2024-06-08,2024-06-08T11:00,Puno,Huancane,Huancane,210601,-15.2036,-69.7597,3841,23579,13440,57.0,True,papa,12.3,19,9.4,-10.4,0.0,0,9.0,6,11,heladas_invernales,-1.1,5,alto
2024-06-08,2024-06-08T12:00,Puno,Huancane,Huancane,210601,-15.2036,-69.7597,3841,23579,13440,57.0,True,papa,13.6,18,10.6,-10.5,0.0,95,11.2,6,12,heladas_invernales,-1.1,5,alto
2024-06-08,2024-06-08T13:00,Puno,Huancane,Huancane,210601,-15.2036,-69.7597,3841,23579,13440,57.0,True,papa,14.3,18,10.7,-9.9,0.0,77,13.8,6,13,heladas_invernales,-1.1,5,alto
2024-06-08,2024-06-08T14:00,Puno,Huancane,Huancane,210601,-15.2036,-69.7597,3841,23579,13440,57.0,True,papa,14.9,14,10.4,-12.1,0.0,77,14.6,6,14,heladas_invernales,-1.1,5,alto
2024-06-08,2024-06-08T15:00,Puno,Huancane,Huancane,210601,-15.2036,-69.7597,3841,23579,13440,57.0,True,papa,14.6,14,8.9,-12.9,0.0,92,16.3,6,15,heladas_invernales,-1.1,5,alto
2024-06-08,2024-06-08T16:00,Puno,Huancane,Huancane,210601,-15.2036,-69.7597,3841,23579,13440,57.0,True,papa,13.1,20,6.9,-9.3,0.0,99,20.0,6,16,heladas_invernales,-1.1,5,alto
2024-06-08,2024-06-08T17:00,Puno,Huancane,Huancane,210601,-15.2036,-69.7597,3841,23579,13440,57.0,True,papa,11.8,25,6.3,-7.5,0.0,100,16.9,6,17,heladas_invernales,-1.1,5,alto
2024-06-08,2024-06-08T18:00,Puno,Huancane,Huancane,210601,-15.2036,-69.7597,3841,23579,13440,57.0,True,papa,10.4,35,5.7,-4.2,0.0,100,13.9,6,18,heladas_invernales,-1.1,5,alto
2024-06-08,2024-06-08T19:00,Puno,Huancane,Huancane,210601,-15.2036,-69.7597,3841,23579,13440,57.0,True,papa,9.1,38,4.7,-4.3,0.0,0,11.5,6,19,heladas_invernales,-1.1,5,alto
2024-06-08,2024-06-08T20:00,Puno,Huancane,Huancane,210601,-15.2036,-69.7597,3841,23579,13440,57.0,True,papa,7.2,47,3.3,-3.5,0.0,1,8.5,6,20,heladas_invernales,-1.1,5,alto
2024-06-08,2024-06-08T21:00,Puno,Huancane,Huancane,210601,-15.2036,-69.7597,3841,23579,13440,57.0,True,papa,6.1,41,1.4,-6.1,0.0,24,12.3,6,21,heladas_invernales,-1.1,5,alto
2024-06-08,2024-06-08T22:00,Puno,Huancane,Huancane,210601,-15.2036,-69.7597,3841,23579,13440,57.0,True,papa,4.3,43,-0.2,-7.1,0.0,32,10.5,6,22,heladas_invernales,-1.1,5,alto
2024-06-08,2024-06-08T23:00,Puno,Huancane,Huancane,210601,-15.2036,-69.7597,3841,23579,13440,57.0,True,papa,2.5,51,-1.5,-6.5,0.0,38,7.9,6,23,heladas_invernales,-1.1,5,alto
2024-06-09,2024-06-09T00:00,Puno,Huancane,Huancane,210601,-15.2036,-69.7597,3841,23579,13440,57.0,True,papa,3.2,50,-0.3,-6.2,0.0,28,4.2,6,0,heladas_invernales,-1.4,3,alto
2024-06-09,2024-06-09T01:00,Puno,Huancane,Huancane,210601,-15.2036,-69.7597,3841,23579,13440,57.0,True,papa,1.8,56,-2.2,-6.2,0.0,0,6.9,6,1,heladas_invernales,-1.4,3,alto
2024-06-09,2024-06-09T02:00,Puno,Huancane,Huancane,210601,-15.2036,-69.7597,3841,23579,13440,57.0,True,papa,0.9,52,-3.6,-7.8,0.0,60,10.0,6,2,heladas_invernales,-1.4,3,alto
2024-06-09,2024-06-09T03:00,Puno,Huancane,Huancane,210601,-15.2036,-69.7597,3841,23579,13440,57.0,True,papa,0.2,54,-4.6,-8.1,0.0,56,11.3,6,3,heladas_invernales,-1.4,3,alto
2024-06-09,2024-06-09T04:00,Puno,Huancane,Huancane,210601,-15.2036,-69.7597,3841,23579,13440,57.0,True,papa,-0.6,57,-5.3,-8.1,0.0,98,11.3,6,4,heladas_invernales,-1.4,3,alto
2024-06-09,2024-06-09T05:00,Puno,Huancane,Huancane,210601,-15.2036,-69.7597,3841,23579,13440,57.0,True,papa,-1.0,58,-5.9,-8.2,0.0,94,12.3,6,5,heladas_invernales,-1.4,3,alto
2024-06-09,2024-06-09T06:00,Puno,Huancane,Huancane,210601,-15.2036,-69.7597,3841,23579,13440,57.0,True,papa,-1.4,59,-6.3,-8.3,0.0,93,12.5,6,6,heladas_invernales,-1.4,3,alto
2024-06-09,2024-06-09T07:00,Puno,Huancane,Huancane,210601,-15.2036,-69.7597,3841,23579,13440,57.0,True,papa,0.5,53,-3.9,-7.9,0.0,92,9.3,6,7,heladas_invernales,-1.4,3,alto
2024-06-09,2024-06-09T08:00,Puno,Huancane,Huancane,210601,-15.2036,-69.7597,3841,23579,13440,57.0,True,papa,5.2,39,1.6,-7.7,0.0,78,3.3,6,8,heladas_invernales,-1.4,3,alto
2024-06-09,2024-06-09T09:00,Puno,Huancane,Huancane,210601,-15.2036,-69.7597,3841,23579,13440,57.0,True,papa,8.1,32,4.6,-7.6,0.0,78,3.0,6,9,heladas_invernales,-1.4,3,alto
2024-06-09,2024-06-09T10:00,Puno,Huancane,Huancane,210601,-15.2036,-69.7597,3841,23579,13440,57.0,True,papa,10.1,26,7.3,-8.6,0.0,62,4.7,6,10,heladas_invernales,-1.4,3,alto
2024-06-09,2024-06-09T11:00,Puno,Huancane,Huancane,210601,-15.2036,-69.7597,3841,23579,13440,57.0,True,papa,11.6,22,9.2,-9.5,0.0,92,6.8,6,11,heladas_invernales,-1.4,3,alto
2024-06-09,2024-06-09T12:00,Puno,Huancane,Huancane,210601,-15.2036,-69.7597,3841,23579,13440,57.0,True,papa,13.0,21,10.1,-9.1,0.0,80,11.2,6,12,heladas_invernales,-1.4,3,alto
2024-06-09,2024-06-09T13:00,Puno,Huancane,Huancane,210601,-15.2036,-69.7597,3841,23579,13440,57.0,True,papa,13.6,22,10.0,-7.4,0.0,85,15.2,6,13,heladas_invernales,-1.4,3,alto
2024-06-09,2024-06-09T14:00,Puno,Huancane,Huancane,210601,-15.2036,-69.7597,3841,23579,13440,57.0,True,papa,13.8,20,8.9,-9.0,0.0,89,18.2,6,14,heladas_invernales,-1.4,3,alto
2024-06-09,2024-06-09T15:00,Puno,Huancane,Huancane,210601,-15.2036,-69.7597,3841,23579,13440,57.0,True,papa,13.2,19,7.6,-9.8,0.0,100,17.4,6,15,heladas_invernales,-1.4,3,alto
2024-06-09,2024-06-09T16:00,Puno,Huancane,Huancane,210601,-15.2036,-69.7597,3841,23579,13440,57.0,True,papa,12.6,25,7.5,-7.1,0.0,99,14.7,6,16,heladas_invernales,-1.4,3,alto
2024-06-09,2024-06-09T17:00,Puno,Huancane,Huancane,210601,-15.2036,-69.7597,3841,23579,13440,57.0,True,papa,11.4,29,6.2,-6.0,0.0,96,16.3,6,17,heladas_invernales,-1.4,3,alto
2024-06-09,2024-06-09T18:00,Puno,Huancane,Huancane,210601,-15.2036,-69.7597,3841,23579,13440,57.0,True,papa,10.4,35,5.4,-4.6,0.0,94,15.9,6,18,heladas_invernales,-1.4,3,alto
2024-06-09,2024-06-09T19:00,Puno,Huancane,Huancane,210601,-15.2036,-69.7597,3841,23579,13440,57.0,True,papa,9.3,40,4.6,-3.7,0.0,89,14.1,6,19,heladas_invernales,-1.4,3,alto
2024-06-09,2024-06-09T20:00,Puno,Huancane,Huancane,210601,-15.2036,-69.7597,3841,23579,13440,57.0,True,papa,7.3,46,3.2,-3.7,0.0,26,10.2,6,20,heladas_invernales,-1.4,3,alto
2024-06-09,2024-06-09T21:00,Puno,Huancane,Huancane,210601,-15.2036,-69.7597,3841,23579,13440,57.0,True,papa,5.6,50,1.5,-4.1,0.0,60,9.5,6,21,heladas_invernales,-1.4,3,alto
2024-06-09,2024-06-09T22:00,Puno,Huancane,Huancane,210601,-15.2036,-69.7597,3841,23579,13440,57.0,True,papa,4.1,53,0.0,-4.7,0.0,18,9.0,6,22,heladas_invernales,-1.4,3,alto
2024-06-09,2024-06-09T23:00,Puno,Huancane,Huancane,210601,-15.2036,-69.7597,3841,23579,13440,57.0,True,papa,2.8,56,-1.2,-5.1,0.0,40,8.4,6,23,heladas_invernales,-1.4,3,alto
2024-06-10,2024-06-10T00:00,Puno,Huancane,Huancane,210601,-15.2036,-69.7597,3841,23579,13440,57.0,True,papa,2.0,57,-2.4,-5.7,0.0,38,10.5,6,0,heladas_invernales,-0.8,3,alto
2024-06-10,2024-06-10T01:00,Puno,Huancane,Huancane,210601,-15.2036,-69.7597,3841,23579,13440,57.0,True,papa,1.6,55,-2.9,-6.4,0.0,46,10.5,6,1,heladas_invernales,-0.8,3,alto
2024-06-10,2024-06-10T02:00,Puno,Huancane,Huancane,210601,-15.2036,-69.7597,3841,23579,13440,57.0,True,papa,1.1,55,-3.4,-6.8,0.0,6,11.0,6,2,heladas_invernales,-0.8,3,alto
2024-06-10,2024-06-10T03:00,Puno,Huancane,Huancane,210601,-15.2036,-69.7597,3841,23579,13440,57.0,True,papa,0.4,55,-4.4,-7.5,0.0,0,12.0,6,3,heladas_invernales,-0.8,3,alto
2024-06-10,2024-06-10T04:00,Puno,Huancane,Huancane,210601,-15.2036,-69.7597,3841,23579,13440,57.0,True,papa,-0.4,58,-4.8,-7.7,0.0,0,9.4,6,4,heladas_invernales,-0.8,3,alto
2024-06-10,2024-06-10T05:00,Puno,Huancane,Huancane,210601,-15.2036,-69.7597,3841,23579,13440,57.0,True,papa,-0.8,62,-4.8,-7.2,0.0,3,6.9,6,5,heladas_invernales,-0.8,3,alto
2024-06-10,2024-06-10T06:00,Puno,Huancane,Huancane,210601,-15.2036,-69.7597,3841,23579,13440,57.0,True,papa,-0.6,61,-4.8,-7.3,0.0,39,8.0,6,6,heladas_invernales,-0.8,3,alto
2024-06-10,2024-06-10T07:00,Puno,Huancane,Huancane,210601,-15.2036,-69.7597,3841,23579,13440,57.0,True,papa,1.6,51,-2.6,-7.5,0.0,93,7.6,6,7,heladas_invernales,-0.8,3,alto
2024-06-10,2024-06-10T08:00,Puno,Huancane,Huancane,210601,-15.2036,-69.7597,3841,23579,13440,57.0,True,papa,4.3,41,0.5,-7.9,0.0,99,5.4,6,8,heladas_invernales,-0.8,3,alto
2024-06-10,2024-06-10T09:00,Puno,Huancane,Huancane,210601,-15.2036,-69.7597,3841,23579,13440,57.0,True,papa,7.9,36,4.7,-6.4,0.0,91,1.6,6,9,heladas_invernales,-0.8,3,alto
2024-06-10,2024-06-10T10:00,Puno,Huancane,Huancane,210601,-15.2036,-69.7597,3841,23579,13440,57.0,True,papa,10.3,31,7.4,-6.1,0.0,22,6.6,6,10,heladas_invernales,-0.8,3,alto
2024-06-10,2024-06-10T11:00,Puno,Huancane,Huancane,210601,-15.2036,-69.7597,3841,23579,13440,57.0,True,papa,12.1,26,9.4,-7.1,0.0,37,8.7,6,11,heladas_invernales,-0.8,3,alto
2024-06-10,2024-06-10T12:00,Puno,Huancane,Huancane,210601,-15.2036,-69.7597,3841,23579,13440,57.0,True,papa,13.2,24,10.2,-7.1,0.0,61,12.3,6,12,heladas_invernales,-0.8,3,alto
2024-06-10,2024-06-10T13:00,Puno,Huancane,Huancane,210601,-15.2036,-69.7597,3841,23579,13440,57.0,True,papa,13.7,23,10.2,-6.8,0.0,66,14.6,6,13,heladas_invernales,-0.8,3,alto
2024-06-10,2024-06-10T14:00,Puno,Huancane,Huancane,210601,-15.2036,-69.7597,3841,23579,13440,57.0,True,papa,13.8,21,9.3,-8.2,0.0,36,16.6,6,14,heladas_invernales,-0.8,3,alto
2024-06-10,2024-06-10T15:00,Puno,Huancane,Huancane,210601,-15.2036,-69.7597,3841,23579,13440,57.0,True,papa,13.3,19,7.7,-9.9,0.0,23,17.7,6,15,heladas_invernales,-0.8,3,alto
2024-06-10,2024-06-10T16:00,Puno,Huancane,Huancane,210601,-15.2036,-69.7597,3841,23579,13440,57.0,True,papa,12.7,21,7.3,-8.9,0.0,1,15.5,6,16,heladas_invernales,-0.8,3,alto
2024-06-10,2024-06-10T17:00,Puno,Huancane,Huancane,210601,-15.2036,-69.7597,3841,23579,13440,57.0,True,papa,11.5,29,6.8,-5.9,0.0,4,12.5,6,17,heladas_invernales,-0.8,3,alto
2024-06-10,2024-06-10T18:00,Puno,Huancane,Huancane,210601,-15.2036,-69.7597,3841,23579,13440,57.0,True,papa,10.0,39,5.8,-3.5,0.0,0,11.3,6,18,heladas_invernales,-0.8,3,alto
2024-06-10,2024-06-10T19:00,Puno,Huancane,Huancane,210601,-15.2036,-69.7597,3841,23579,13440,57.0,True,papa,8.8,39,4.8,-4.6,0.0,8,9.0,6,19,heladas_invernales,-0.8,3,alto
2024-06-10,2024-06-10T20:00,Puno,Huancane,Huancane,210601,-15.2036,-69.7597,3841,23579,13440,57.0,True,papa,6.9,48,3.5,-3.3,0.0,30,5.8,6,20,heladas_invernales,-0.8,3,alto
2024-06-10,2024-06-10T21:00,Puno,Huancane,Huancane,210601,-15.2036,-69.7597,3841,23579,13440,57.0,True,papa,6.0,50,2.6,-3.8,0.0,76,5.4,6,21,heladas_invernales,-0.8,3,alto
2024-06-10,2024-06-10T22:00,Puno,Huancane,Huancane,210601,-15.2036,-69.7597,3841,23579,13440,57.0,True,papa,4.7,48,0.7,-5.4,0.0,100,8.0,6,22,heladas_invernales,-0.8,3,alto
2024-06-10,2024-06-10T23:00,Puno,Huancane,Huancane,210601,-15.2036,-69.7597,3841,23579,13440,57.0,True,papa,3.8,49,-0.6,-6.0,0.0,100,10.0,6,23,heladas_invernales,-0.8,3,alto
2024-06-11,2024-06-11T00:00,Puno,Huancane,Huancane,210601,-15.2036,-69.7597,3841,23579,13440,57.0,True,papa,2.8,53,-1.4,-5.8,0.0,97,9.1,6,0,heladas_invernales,-0.7,2,alto
2024-06-11,2024-06-11T01:00,Puno,Huancane,Huancane,210601,-15.2036,-69.7597,3841,23579,13440,57.0,True,papa,2.0,57,-1.9,-5.6,0.0,99,7.4,6,1,heladas_invernales,-0.7,2,alto
2024-06-11,2024-06-11T02:00,Puno,Huancane,Huancane,210601,-15.2036,-69.7597,3841,23579,13440,57.0,True,papa,1.6,58,-2.3,-5.8,0.0,100,7.6,6,2,heladas_invernales,-0.7,2,alto
2024-06-11,2024-06-11T03:00,Puno,Huancane,Huancane,210601,-15.2036,-69.7597,3841,23579,13440,57.0,True,papa,1.2,58,-2.9,-6.1,0.0,100,8.8,6,3,heladas_invernales,-0.7,2,alto
2024-06-11,2024-06-11T04:00,Puno,Huancane,Huancane,210601,-15.2036,-69.7597,3841,23579,13440,57.0,True,papa,0.8,59,-3.8,-6.3,0.0,99,11.3,6,4,heladas_invernales,-0.7,2,alto
2024-06-11,2024-06-11T05:00,Puno,Huancane,Huancane,210601,-15.2036,-69.7597,3841,23579,13440,57.0,True,papa,-0.2,61,-4.7,-6.8,0.0,99,11.0,6,5,heladas_invernales,-0.7,2,alto
2024-06-11,2024-06-11T06:00,Puno,Huancane,Huancane,210601,-15.2036,-69.7597,3841,23579,13440,57.0,True,papa,-0.7,63,-5.1,-6.9,0.0,69,9.7,6,6,heladas_invernales,-0.7,2,alto
2024-06-11,2024-06-11T07:00,Puno,Huancane,Huancane,210601,-15.2036,-69.7597,3841,23579,13440,57.0,True,papa,1.4,58,-2.6,-6.1,0.0,78,7.2,6,7,heladas_invernales,-0.7,2,alto
2024-06-11,2024-06-11T08:00,Puno,Huancane,Huancane,210601,-15.2036,-69.7597,3841,23579,13440,57.0,True,papa,4.8,53,1.4,-4.0,0.0,100,4.9,6,8,heladas_invernales,-0.7,2,alto
2024-06-11,2024-06-11T09:00,Puno,Huancane,Huancane,210601,-15.2036,-69.7597,3841,23579,13440,57.0,True,papa,8.1,49,4.8,-2.0,0.0,99,6.3,6,9,heladas_invernales,-0.7,2,alto
2024-06-11,2024-06-11T10:00,Puno,Huancane,Huancane,210601,-15.2036,-69.7597,3841,23579,13440,57.0,True,papa,10.4,37,7.4,-3.8,0.0,99,7.8,6,10,heladas_invernales,-0.7,2,alto
2024-06-11,2024-06-11T11:00,Puno,Huancane,Huancane,210601,-15.2036,-69.7597,3841,23579,13440,57.0,True,papa,12.0,33,9.5,-3.8,0.0,92,9.4,6,11,heladas_invernales,-0.7,2,alto
2024-06-11,2024-06-11T12:00,Puno,Huancane,Huancane,210601,-15.2036,-69.7597,3841,23579,13440,57.0,True,papa,12.9,33,10.4,-3.2,0.0,80,11.1,6,12,heladas_invernales,-0.7,2,alto
2024-06-11,2024-06-11T13:00,Puno,Huancane,Huancane,210601,-15.2036,-69.7597,3841,23579,13440,57.0,True,papa,13.6,34,10.9,-2.1,0.0,2,12.5,6,13,heladas_invernales,-0.7,2,alto
2024-06-11,2024-06-11T14:00,Puno,Huancane,Huancane,210601,-15.2036,-69.7597,3841,23579,13440,57.0,True,papa,13.9,34,10.4,-1.9,0.0,1,14.0,6,14,heladas_invernales,-0.7,2,alto
2024-06-11,2024-06-11T15:00,Puno,Huancane,Huancane,210601,-15.2036,-69.7597,3841,23579,13440,57.0,True,papa,13.9,32,9.2,-2.7,0.0,9,15.6,6,15,heladas_invernales,-0.7,2,alto
2024-06-11,2024-06-11T16:00,Puno,Huancane,Huancane,210601,-15.2036,-69.7597,3841,23579,13440,57.0,True,papa,13.4,34,8.6,-2.2,0.0,4,15.9,6,16,heladas_invernales,-0.7,2,alto
2024-06-11,2024-06-11T17:00,Puno,Huancane,Huancane,210601,-15.2036,-69.7597,3841,23579,13440,57.0,True,papa,12.2,40,8.0,-1.0,0.0,11,13.7,6,17,heladas_invernales,-0.7,2,alto
2024-06-11,2024-06-11T18:00,Puno,Huancane,Huancane,210601,-15.2036,-69.7597,3841,23579,13440,57.0,True,papa,11.1,48,7.4,0.3,0.0,31,10.7,6,18,heladas_invernales,-0.7,2,alto
2024-06-11,2024-06-11T19:00,Puno,Huancane,Huancane,210601,-15.2036,-69.7597,3841,23579,13440,57.0,True,papa,10.2,55,6.6,1.7,0.0,18,12.4,6,19,heladas_invernales,-0.7,2,alto
2024-06-11,2024-06-11T20:00,Puno,Huancane,Huancane,210601,-15.2036,-69.7597,3841,23579,13440,57.0,True,papa,8.4,68,6.1,2.8,0.0,50,4.7,6,20,heladas_invernales,-0.7,2,alto
2024-06-11,2024-06-11T21:00,Puno,Huancane,Huancane,210601,-15.2036,-69.7597,3841,23579,13440,57.0,True,papa,7.0,71,4.3,2.1,0.0,50,6.2,6,21,heladas_invernales,-0.7,2,alto
2024-06-11,2024-06-11T22:00,Puno,Huancane,Huancane,210601,-15.2036,-69.7597,3841,23579,13440,57.0,True,papa,5.9,68,2.5,0.4,0.0,89,9.1,6,22,heladas_invernales,-0.7,2,alto
2024-06-11,2024-06-11T23:00,Puno,Huancane,Huancane,210601,-15.2036,-69.7597,3841,23579,13440,57.0,True,papa,4.9,67,1.3,-0.8,0.0,99,9.4,6,23,heladas_invernales,-0.7,2,alto
2024-06-12,2024-06-12T00:00,Puno,Huancane,Huancane,210601,-15.2036,-69.7597,3841,23579,13440,57.0,True,papa,3.8,68,0.2,-1.5,0.0,94,8.7,6,0,heladas_invernales,0.9,0,medio
2024-06-12,2024-06-12T01:00,Puno,Huancane,Huancane,210601,-15.2036,-69.7597,3841,23579,13440,57.0,True,papa,2.7,74,-0.7,-1.5,0.0,37,7.1,6,1,heladas_invernales,0.9,0,medio
2024-06-12,2024-06-12T02:00,Puno,Huancane,Huancane,210601,-15.2036,-69.7597,3841,23579,13440,57.0,True,papa,2.2,77,-1.1,-1.4,0.0,12,6.8,6,2,heladas_invernales,0.9,0,medio
2024-06-12,2024-06-12T03:00,Puno,Huancane,Huancane,210601,-15.2036,-69.7597,3841,23579,13440,57.0,True,papa,2.2,73,-1.5,-2.0,0.0,84,9.3,6,3,heladas_invernales,0.9,0,medio
2024-06-12,2024-06-12T04:00,Puno,Huancane,Huancane,210601,-15.2036,-69.7597,3841,23579,13440,57.0,True,papa,0.9,81,-2.9,-1.9,0.0,68,9.7,6,4,heladas_invernales,0.9,0,medio
2024-06-12,2024-06-12T05:00,Puno,Huancane,Huancane,210601,-15.2036,-69.7597,3841,23579,13440,57.0,True,papa,1.0,80,-3.1,-2.1,0.0,24,11.5,6,5,heladas_invernales,0.9,0,medio
2024-06-12,2024-06-12T06:00,Puno,Huancane,Huancane,210601,-15.2036,-69.7597,3841,23579,13440,57.0,True,papa,1.2,77,-2.7,-2.3,0.0,15,10.1,6,6,heladas_invernales,0.9,0,medio
2024-06-12,2024-06-12T07:00,Puno,Huancane,Huancane,210601,-15.2036,-69.7597,3841,23579,13440,57.0,True,papa,2.8,71,-0.6,-2.0,0.0,1,7.4,6,7,heladas_invernales,0.9,0,medio
2024-06-12,2024-06-12T08:00,Puno,Huancane,Huancane,210601,-15.2036,-69.7597,3841,23579,13440,57.0,True,papa,5.7,62,2.5,-1.1,0.0,53,6.0,6,8,heladas_invernales,0.9,0,medio
2024-06-12,2024-06-12T09:00,Puno,Huancane,Huancane,210601,-15.2036,-69.7597,3841,23579,13440,57.0,True,papa,8.9,54,6.3,0.1,0.0,17,3.6,6,9,heladas_invernales,0.9,0,medio
2024-06-12,2024-06-12T10:00,Puno,Huancane,Huancane,210601,-15.2036,-69.7597,3841,23579,13440,57.0,True,papa,11.2,46,9.2,0.0,0.0,20,5.0,6,10,heladas_invernales,0.9,0,medio
2024-06-12,2024-06-12T11:00,Puno,Huancane,Huancane,210601,-15.2036,-69.7597,3841,23579,13440,57.0,True,papa,13.1,37,11.2,-1.5,0.0,0,7.8,6,11,heladas_invernales,0.9,0,medio
2024-06-12,2024-06-12T12:00,Puno,Huancane,Huancane,210601,-15.2036,-69.7597,3841,23579,13440,57.0,True,papa,14.2,32,12.1,-2.2,0.0,75,10.1,6,12,heladas_invernales,0.9,0,medio
2024-06-12,2024-06-12T13:00,Puno,Huancane,Huancane,210601,-15.2036,-69.7597,3841,23579,13440,57.0,True,papa,14.8,32,12.2,-1.8,0.0,0,12.4,6,13,heladas_invernales,0.9,0,medio
2024-06-12,2024-06-12T14:00,Puno,Huancane,Huancane,210601,-15.2036,-69.7597,3841,23579,13440,57.0,True,papa,15.1,29,11.4,-2.9,0.0,31,14.7,6,14,heladas_invernales,0.9,0,medio
2024-06-12,2024-06-12T15:00,Puno,Huancane,Huancane,210601,-15.2036,-69.7597,3841,23579,13440,57.0,True,papa,14.6,27,9.7,-4.2,0.0,85,15.8,6,15,heladas_invernales,0.9,0,medio
2024-06-12,2024-06-12T16:00,Puno,Huancane,Huancane,210601,-15.2036,-69.7597,3841,23579,13440,57.0,True,papa,13.9,28,8.8,-4.6,0.0,88,16.4,6,16,heladas_invernales,0.9,0,medio
2024-06-12,2024-06-12T17:00,Puno,Huancane,Huancane,210601,-15.2036,-69.7597,3841,23579,13440,57.0,True,papa,12.9,32,8.3,-3.7,0.0,47,13.0,6,17,heladas_invernales,0.9,0,medio
2024-06-12,2024-06-12T18:00,Puno,Huancane,Huancane,210601,-15.2036,-69.7597,3841,23579,13440,57.0,True,papa,11.8,42,8.2,-0.9,0.0,0,8.8,6,18,heladas_invernales,0.9,0,medio
2024-06-12,2024-06-12T19:00,Puno,Huancane,Huancane,210601,-15.2036,-69.7597,3841,23579,13440,57.0,True,papa,10.4,42,6.6,-2.0,0.0,2,9.6,6,19,heladas_invernales,0.9,0,medio
2024-06-12,2024-06-12T20:00,Puno,Huancane,Huancane,210601,-15.2036,-69.7597,3841,23579,13440,57.0,True,papa,8.0,60,5.2,0.7,0.0,9,5.4,6,20,heladas_invernales,0.9,0,medio
2024-06-12,2024-06-12T21:00,Puno,Huancane,Huancane,210601,-15.2036,-69.7597,3841,23579,13440,57.0,True,papa,6.6,63,3.7,0.1,0.0,1,5.7,6,21,heladas_invernales,0.9,0,medio
2024-06-12,2024-06-12T22:00,Puno,Huancane,Huancane,210601,-15.2036,-69.7597,3841,23579,13440,57.0,True,papa,5.4,62,2.1,-1.2,0.0,0,7.4,6,22,heladas_invernales,0.9,0,medio
2024-06-12,2024-06-12T23:00,Puno,Huancane,Huancane,210601,-15.2036,-69.7597,3841,23579,13440,57.0,True,papa,4.6,61,0.9,-2.2,0.0,5,8.6,6,23,heladas_invernales,0.9,0,medio
2024-06-13,2024-06-13T00:00,Puno,Huancane,Huancane,210601,-15.2036,-69.7597,3841,23579,13440,57.0,True,papa,4.0,63,0.2,-2.5,0.0,1,9.4,6,0,heladas_invernales,0.7,0,medio
2024-06-13,2024-06-13T01:00,Puno,Huancane,Huancane,210601,-15.2036,-69.7597,3841,23579,13440,57.0,True,papa,3.4,66,-0.5,-2.3,0.0,59,9.8,6,1,heladas_invernales,0.7,0,medio
2024-06-13,2024-06-13T02:00,Puno,Huancane,Huancane,210601,-15.2036,-69.7597,3841,23579,13440,57.0,True,papa,2.5,71,-1.3,-2.2,0.0,79,9.8,6,2,heladas_invernales,0.7,0,medio
2024-06-13,2024-06-13T03:00,Puno,Huancane,Huancane,210601,-15.2036,-69.7597,3841,23579,13440,57.0,True,papa,1.9,74,-2.1,-2.2,0.0,8,10.4,6,3,heladas_invernales,0.7,0,medio
2024-06-13,2024-06-13T04:00,Puno,Huancane,Huancane,210601,-15.2036,-69.7597,3841,23579,13440,57.0,True,papa,0.9,80,-2.7,-2.1,0.0,61,8.4,6,4,heladas_invernales,0.7,0,medio
2024-06-13,2024-06-13T05:00,Puno,Huancane,Huancane,210601,-15.2036,-69.7597,3841,23579,13440,57.0,True,papa,0.7,82,-2.8,-2.0,0.0,78,7.1,6,5,heladas_invernales,0.7,0,medio
2024-06-13,2024-06-13T06:00,Puno,Huancane,Huancane,210601,-15.2036,-69.7597,3841,23579,13440,57.0,True,papa,0.7,84,-2.6,-1.6,0.0,89,6.3,6,6,heladas_invernales,0.7,0,medio
2024-06-13,2024-06-13T07:00,Puno,Huancane,Huancane,210601,-15.2036,-69.7597,3841,23579,13440,57.0,True,papa,2.5,77,-0.8,-1.2,0.0,94,6.2,6,7,heladas_invernales,0.7,0,medio
2024-06-13,2024-06-13T08:00,Puno,Huancane,Huancane,210601,-15.2036,-69.7597,3841,23579,13440,57.0,True,papa,5.2,70,2.3,0.2,0.0,94,5.2,6,8,heladas_invernales,0.7,0,medio
2024-06-13,2024-06-13T09:00,Puno,Huancane,Huancane,210601,-15.2036,-69.7597,3841,23579,13440,57.0,True,papa,9.1,50,6.4,-0.8,0.0,92,3.7,6,9,heladas_invernales,0.7,0,medio
2024-06-13,2024-06-13T10:00,Puno,Huancane,Huancane,210601,-15.2036,-69.7597,3841,23579,13440,57.0,True,papa,11.9,35,9.0,-3.0,0.0,36,8.2,6,10,heladas_invernales,0.7,0,medio
2024-06-13,2024-06-13T11:00,Puno,Huancane,Huancane,210601,-15.2036,-69.7597,3841,23579,13440,57.0,True,papa,13.4,30,10.6,-4.0,0.0,57,11.2,6,11,heladas_invernales,0.7,0,medio
2024-06-13,2024-06-13T12:00,Puno,Huancane,Huancane,210601,-15.2036,-69.7597,3841,23579,13440,57.0,True,papa,14.4,26,11.3,-4.7,0.0,97,13.6,6,12,heladas_invernales,0.7,0,medio
2024-06-13,2024-06-13T13:00,Puno,Huancane,Huancane,210601,-15.2036,-69.7597,3841,23579,13440,57.0,True,papa,15.1,25,12.2,-4.9,0.0,100,11.7,6,13,heladas_invernales,0.7,0,medio
2024-06-13,2024-06-13T14:00,Puno,Huancane,Huancane,210601,-15.2036,-69.7597,3841,23579,13440,57.0,True,papa,15.6,23,12.1,-5.3,0.0,97,11.9,6,14,heladas_invernales,0.7,0,medio
2024-06-13,2024-06-13T15:00,Puno,Huancane,Huancane,210601,-15.2036,-69.7597,3841,23579,13440,57.0,True,papa,15.9,22,11.2,-5.8,0.0,99,13.0,6,15,heladas_invernales,0.7,0,medio
2024-06-13,2024-06-13T16:00,Puno,Huancane,Huancane,210601,-15.2036,-69.7597,3841,23579,13440,57.0,True,papa,15.4,24,10.6,-5.2,0.0,99,13.4,6,16,heladas_invernales,0.7,0,medio
2024-06-13,2024-06-13T17:00,Puno,Huancane,Huancane,210601,-15.2036,-69.7597,3841,23579,13440,57.0,True,papa,13.9,27,9.6,-4.6,0.0,100,11.2,6,17,heladas_invernales,0.7,0,medio
2024-06-13,2024-06-13T18:00,Puno,Huancane,Huancane,210601,-15.2036,-69.7597,3841,23579,13440,57.0,True,papa,12.0,42,9.0,-0.4,0.0,98,5.4,6,18,heladas_invernales,0.7,0,medio
2024-06-13,2024-06-13T19:00,Puno,Huancane,Huancane,210601,-15.2036,-69.7597,3841,23579,13440,57.0,True,papa,12.1,31,9.1,-4.7,0.0,96,1.8,6,19,heladas_invernales,0.7,0,medio
2024-06-13,2024-06-13T20:00,Puno,Huancane,Huancane,210601,-15.2036,-69.7597,3841,23579,13440,57.0,True,papa,9.6,51,6.3,-0.1,0.0,97,8.3,6,20,heladas_invernales,0.7,0,medio
2024-06-13,2024-06-13T21:00,Puno,Huancane,Huancane,210601,-15.2036,-69.7597,3841,23579,13440,57.0,True,papa,9.1,60,5.5,1.9,0.0,32,12.2,6,21,heladas_invernales,0.7,0,medio
2024-06-13,2024-06-13T22:00,Puno,Huancane,Huancane,210601,-15.2036,-69.7597,3841,23579,13440,57.0,True,papa,7.7,62,4.2,0.9,0.0,5,10.5,6,22,heladas_invernales,0.7,0,medio
2024-06-13,2024-06-13T23:00,Puno,Huancane,Huancane,210601,-15.2036,-69.7597,3841,23579,13440,57.0,True,papa,6.2,54,2.4,-2.4,0.0,47,9.6,6,23,heladas_invernales,0.7,0,medio
2024-06-14,2024-06-14T00:00,Puno,Huancane,Huancane,210601,-15.2036,-69.7597,3841,23579,13440,57.0,True,papa,5.6,46,1.2,-5.2,0.0,84,10.8,6,0,heladas_invernales,-0.1,1,alto
2024-06-14,2024-06-14T01:00,Puno,Huancane,Huancane,210601,-15.2036,-69.7597,3841,23579,13440,57.0,True,papa,5.3,48,0.6,-4.9,0.0,73,13.3,6,1,heladas_invernales,-0.1,1,alto
2024-06-14,2024-06-14T02:00,Puno,Huancane,Huancane,210601,-15.2036,-69.7597,3841,23579,13440,57.0,True,papa,4.6,55,0.2,-3.8,0.0,95,11.7,6,2,heladas_invernales,-0.1,1,alto
2024-06-14,2024-06-14T03:00,Puno,Huancane,Huancane,210601,-15.2036,-69.7597,3841,23579,13440,57.0,True,papa,4.2,59,0.9,-3.0,0.0,98,5.7,6,3,heladas_invernales,-0.1,1,alto
2024-06-14,2024-06-14T04:00,Puno,Huancane,Huancane,210601,-15.2036,-69.7597,3841,23579,13440,57.0,True,papa,3.4,62,0.1,-3.2,0.0,97,5.2,6,4,heladas_invernales,-0.1,1,alto
2024-06-14,2024-06-14T05:00,Puno,Huancane,Huancane,210601,-15.2036,-69.7597,3841,23579,13440,57.0,True,papa,0.5,70,-3.5,-4.3,0.0,70,8.7,6,5,heladas_invernales,-0.1,1,alto
2024-06-14,2024-06-14T06:00,Puno,Huancane,Huancane,210601,-15.2036,-69.7597,3841,23579,13440,57.0,True,papa,-0.1,67,-4.4,-5.4,0.0,65,9.7,6,6,heladas_invernales,-0.1,1,alto
2024-06-14,2024-06-14T07:00,Puno,Huancane,Huancane,210601,-15.2036,-69.7597,3841,23579,13440,57.0,True,papa,2.2,57,-1.7,-5.3,0.0,10,8.0,6,7,heladas_invernales,-0.1,1,alto
2024-06-14,2024-06-14T08:00,Puno,Huancane,Huancane,210601,-15.2036,-69.7597,3841,23579,13440,57.0,True,papa,6.2,43,2.7,-5.5,0.0,6,4.8,6,8,heladas_invernales,-0.1,1,alto
2024-06-14,2024-06-14T09:00,Puno,Huancane,Huancane,210601,-15.2036,-69.7597,3841,23579,13440,57.0,True,papa,8.6,37,5.2,-5.5,0.0,0,3.2,6,9,heladas_invernales,-0.1,1,alto
2024-06-14,2024-06-14T10:00,Puno,Huancane,Huancane,210601,-15.2036,-69.7597,3841,23579,13440,57.0,True,papa,10.5,31,8.5,-5.9,0.0,0,0.8,6,10,heladas_invernales,-0.1,1,alto
2024-06-14,2024-06-14T11:00,Puno,Huancane,Huancane,210601,-15.2036,-69.7597,3841,23579,13440,57.0,True,papa,12.2,25,10.1,-7.3,0.0,0,5.0,6,11,heladas_invernales,-0.1,1,alto
2024-06-14,2024-06-14T12:00,Puno,Huancane,Huancane,210601,-15.2036,-69.7597,3841,23579,13440,57.0,True,papa,13.4,22,10.9,-7.7,0.0,0,8.9,6,12,heladas_invernales,-0.1,1,alto
2024-06-14,2024-06-14T13:00,Puno,Huancane,Huancane,210601,-15.2036,-69.7597,3841,23579,13440,57.0,True,papa,14.2,22,11.3,-7.2,0.0,0,10.5,6,13,heladas_invernales,-0.1,1,alto
2024-06-14,2024-06-14T14:00,Puno,Huancane,Huancane,210601,-15.2036,-69.7597,3841,23579,13440,57.0,True,papa,14.9,21,11.3,-7.1,0.0,0,11.6,6,14,heladas_invernales,-0.1,1,alto
2024-06-14,2024-06-14T15:00,Puno,Huancane,Huancane,210601,-15.2036,-69.7597,3841,23579,13440,57.0,True,papa,14.9,21,10.2,-7.3,0.0,0,12.9,6,15,heladas_invernales,-0.1,1,alto
2024-06-14,2024-06-14T16:00,Puno,Huancane,Huancane,210601,-15.2036,-69.7597,3841,23579,13440,57.0,True,papa,14.8,20,9.7,-7.8,0.0,0,13.7,6,16,heladas_invernales,-0.1,1,alto
2024-06-14,2024-06-14T17:00,Puno,Huancane,Huancane,210601,-15.2036,-69.7597,3841,23579,13440,57.0,True,papa,13.6,22,8.5,-7.5,0.0,0,14.2,6,17,heladas_invernales,-0.1,1,alto
2024-06-14,2024-06-14T18:00,Puno,Huancane,Huancane,210601,-15.2036,-69.7597,3841,23579,13440,57.0,True,papa,11.9,27,7.8,-6.4,0.0,0,8.3,6,18,heladas_invernales,-0.1,1,alto
2024-06-14,2024-06-14T19:00,Puno,Huancane,Huancane,210601,-15.2036,-69.7597,3841,23579,13440,57.0,True,papa,9.9,31,6.1,-6.3,0.0,0,6.1,6,19,heladas_invernales,-0.1,1,alto
2024-06-14,2024-06-14T20:00,Puno,Huancane,Huancane,210601,-15.2036,-69.7597,3841,23579,13440,57.0,True,papa,10.2,30,7.0,-6.4,0.0,0,1.5,6,20,heladas_invernales,-0.1,1,alto
2024-06-14,2024-06-14T21:00,Puno,Huancane,Huancane,210601,-15.2036,-69.7597,3841,23579,13440,57.0,True,papa,9.5,33,6.2,-6.1,0.0,0,2.5,6,21,heladas_invernales,-0.1,1,alto
2024-06-14,2024-06-14T22:00,Puno,Huancane,Huancane,210601,-15.2036,-69.7597,3841,23579,13440,57.0,True,papa,9.1,35,6.0,-5.7,0.0,0,1.0,6,22,heladas_invernales,-0.1,1,alto
2024-06-14,2024-06-14T23:00,Puno,Huancane,Huancane,210601,-15.2036,-69.7597,3841,23579,13440,57.0,True,papa,6.4,53,3.2,-2.5,0.0,0,5.2,6,23,heladas_invernales,-0.1,1,alto
2024-06-01,2024-06-01T00:00,Puno,Lampa,Lampa,210701,-15.3644,-70.3672,3892,11073,6422,58.0,True,papa,5.2,31,1.3,-10.7,0.0,0,4.3,6,0,heladas_invernales,-2.0,4,alto
2024-06-01,2024-06-01T01:00,Puno,Lampa,Lampa,210701,-15.3644,-70.3672,3892,11073,6422,58.0,True,papa,1.5,45,-2.7,-9.2,0.0,0,6.5,6,1,heladas_invernales,-2.0,4,alto
2024-06-01,2024-06-01T02:00,Puno,Lampa,Lampa,210701,-15.3644,-70.3672,3892,11073,6422,58.0,True,papa,0.1,46,-4.2,-10.2,0.0,0,7.0,6,2,heladas_invernales,-2.0,4,alto
2024-06-01,2024-06-01T03:00,Puno,Lampa,Lampa,210701,-15.3644,-70.3672,3892,11073,6422,58.0,True,papa,-0.9,46,-5.1,-11.0,0.0,0,6.4,6,3,heladas_invernales,-2.0,4,alto
2024-06-01,2024-06-01T04:00,Puno,Lampa,Lampa,210701,-15.3644,-70.3672,3892,11073,6422,58.0,True,papa,-1.6,47,-6.0,-11.6,0.0,0,6.5,6,4,heladas_invernales,-2.0,4,alto
2024-06-01,2024-06-01T05:00,Puno,Lampa,Lampa,210701,-15.3644,-70.3672,3892,11073,6422,58.0,True,papa,-2.0,46,-6.3,-12.2,0.0,0,6.0,6,5,heladas_invernales,-2.0,4,alto
2024-06-01,2024-06-01T06:00,Puno,Lampa,Lampa,210701,-15.3644,-70.3672,3892,11073,6422,58.0,True,papa,-1.9,42,-6.2,-13.1,0.0,0,6.0,6,6,heladas_invernales,-2.0,4,alto
2024-06-01,2024-06-01T07:00,Puno,Lampa,Lampa,210701,-15.3644,-70.3672,3892,11073,6422,58.0,True,papa,1.5,31,-2.8,-13.9,0.0,0,5.1,6,7,heladas_invernales,-2.0,4,alto
2024-06-01,2024-06-01T08:00,Puno,Lampa,Lampa,210701,-15.3644,-70.3672,3892,11073,6422,58.0,True,papa,5.1,23,1.2,-14.5,0.0,0,2.3,6,8,heladas_invernales,-2.0,4,alto
2024-06-01,2024-06-01T09:00,Puno,Lampa,Lampa,210701,-15.3644,-70.3672,3892,11073,6422,58.0,True,papa,8.6,18,4.9,-14.1,0.0,0,1.6,6,9,heladas_invernales,-2.0,4,alto
2024-06-01,2024-06-01T10:00,Puno,Lampa,Lampa,210701,-15.3644,-70.3672,3892,11073,6422,58.0,True,papa,11.1,16,8.5,-13.6,0.0,10,2.0,6,10,heladas_invernales,-2.0,4,alto
2024-06-01,2024-06-01T11:00,Puno,Lampa,Lampa,210701,-15.3644,-70.3672,3892,11073,6422,58.0,True,papa,13.0,14,10.8,-14.4,0.0,0,3.7,6,11,heladas_invernales,-2.0,4,alto
2024-06-01,2024-06-01T12:00,Puno,Lampa,Lampa,210701,-15.3644,-70.3672,3892,11073,6422,58.0,True,papa,14.4,13,12.5,-13.8,0.0,0,4.1,6,12,heladas_invernales,-2.0,4,alto
2024-06-01,2024-06-01T13:00,Puno,Lampa,Lampa,210701,-15.3644,-70.3672,3892,11073,6422,58.0,True,papa,15.5,12,13.4,-13.7,0.0,0,4.2,6,13,heladas_invernales,-2.0,4,alto
2024-06-01,2024-06-01T14:00,Puno,Lampa,Lampa,210701,-15.3644,-70.3672,3892,11073,6422,58.0,True,papa,16.2,11,13.5,-13.9,0.0,0,4.7,6,14,heladas_invernales,-2.0,4,alto
2024-06-01,2024-06-01T15:00,Puno,Lampa,Lampa,210701,-15.3644,-70.3672,3892,11073,6422,58.0,True,papa,16.6,11,12.3,-13.9,0.0,0,7.8,6,15,heladas_invernales,-2.0,4,alto
2024-06-01,2024-06-01T16:00,Puno,Lampa,Lampa,210701,-15.3644,-70.3672,3892,11073,6422,58.0,True,papa,16.2,11,11.3,-14.0,0.0,0,9.7,6,16,heladas_invernales,-2.0,4,alto
2024-06-01,2024-06-01T17:00,Puno,Lampa,Lampa,210701,-15.3644,-70.3672,3892,11073,6422,58.0,True,papa,15.2,12,10.4,-14.3,0.0,0,8.9,6,17,heladas_invernales,-2.0,4,alto
2024-06-01,2024-06-01T18:00,Puno,Lampa,Lampa,210701,-15.3644,-70.3672,3892,11073,6422,58.0,True,papa,12.6,24,8.6,-7.2,0.0,0,6.4,6,18,heladas_invernales,-2.0,4,alto
2024-06-01,2024-06-01T19:00,Puno,Lampa,Lampa,210701,-15.3644,-70.3672,3892,11073,6422,58.0,True,papa,11.6,27,8.1,-6.6,0.0,0,4.0,6,19,heladas_invernales,-2.0,4,alto
2024-06-01,2024-06-01T20:00,Puno,Lampa,Lampa,210701,-15.3644,-70.3672,3892,11073,6422,58.0,True,papa,9.3,37,5.9,-4.8,0.0,0,4.6,6,20,heladas_invernales,-2.0,4,alto
2024-06-01,2024-06-01T21:00,Puno,Lampa,Lampa,210701,-15.3644,-70.3672,3892,11073,6422,58.0,True,papa,9.2,33,5.8,-6.2,0.0,0,3.6,6,21,heladas_invernales,-2.0,4,alto
2024-06-01,2024-06-01T22:00,Puno,Lampa,Lampa,210701,-15.3644,-70.3672,3892,11073,6422,58.0,True,papa,8.4,36,5.2,-5.7,0.0,0,2.1,6,22,heladas_invernales,-2.0,4,alto
2024-06-01,2024-06-01T23:00,Puno,Lampa,Lampa,210701,-15.3644,-70.3672,3892,11073,6422,58.0,True,papa,7.8,37,4.7,-5.8,0.0,0,1.3,6,23,heladas_invernales,-2.0,4,alto
2024-06-02,2024-06-02T00:00,Puno,Lampa,Lampa,210701,-15.3644,-70.3672,3892,11073,6422,58.0,True,papa,7.3,35,3.9,-7.2,0.0,0,2.9,6,0,heladas_invernales,2.8,0,medio
2024-06-02,2024-06-02T01:00,Puno,Lampa,Lampa,210701,-15.3644,-70.3672,3892,11073,6422,58.0,True,papa,6.6,33,2.8,-8.8,0.0,0,4.0,6,1,heladas_invernales,2.8,0,medio
2024-06-02,2024-06-02T02:00,Puno,Lampa,Lampa,210701,-15.3644,-70.3672,3892,11073,6422,58.0,True,papa,5.8,30,1.9,-10.6,0.0,0,4.4,6,2,heladas_invernales,2.8,0,medio
2024-06-02,2024-06-02T03:00,Puno,Lampa,Lampa,210701,-15.3644,-70.3672,3892,11073,6422,58.0,True,papa,5.5,26,1.5,-12.4,0.0,0,4.0,6,3,heladas_invernales,2.8,0,medio
2024-06-02,2024-06-02T04:00,Puno,Lampa,Lampa,210701,-15.3644,-70.3672,3892,11073,6422,58.0,True,papa,4.9,25,0.9,-13.4,0.0,0,3.8,6,4,heladas_invernales,2.8,0,medio
2024-06-02,2024-06-02T05:00,Puno,Lampa,Lampa,210701,-15.3644,-70.3672,3892,11073,6422,58.0,True,papa,4.4,26,0.4,-13.6,0.0,0,3.4,6,5,heladas_invernales,2.8,0,medio
2024-06-02,2024-06-02T06:00,Puno,Lampa,Lampa,210701,-15.3644,-70.3672,3892,11073,6422,58.0,True,papa,3.8,27,-0.2,-13.3,0.0,0,3.6,6,6,heladas_invernales,2.8,0,medio
2024-06-02,2024-06-02T07:00,Puno,Lampa,Lampa,210701,-15.3644,-70.3672,3892,11073,6422,58.0,True,papa,2.8,45,-0.7,-7.8,0.0,0,3.4,6,7,heladas_invernales,2.8,0,medio
2024-06-02,2024-06-02T08:00,Puno,Lampa,Lampa,210701,-15.3644,-70.3672,3892,11073,6422,58.0,True,papa,6.2,28,2.4,-10.9,0.0,0,2.9,6,8,heladas_invernales,2.8,0,medio
2024-06-02,2024-06-02T09:00,Puno,Lampa,Lampa,210701,-15.3644,-70.3672,3892,11073,6422,58.0,True,papa,8.9,25,5.3,-10.3,0.0,0,2.5,6,9,heladas_invernales,2.8,0,medio
2024-06-02,2024-06-02T10:00,Puno,Lampa,Lampa,210701,-15.3644,-70.3672,3892,11073,6422,58.0,True,papa,11.2,21,8.9,-10.2,0.0,0,1.5,6,10,heladas_invernales,2.8,0,medio
2024-06-02,2024-06-02T11:00,Puno,Lampa,Lampa,210701,-15.3644,-70.3672,3892,11073,6422,58.0,True,papa,13.3,16,11.4,-11.8,0.0,22,3.3,6,11,heladas_invernales,2.8,0,medio
2024-06-02,2024-06-02T12:00,Puno,Lampa,Lampa,210701,-15.3644,-70.3672,3892,11073,6422,58.0,True,papa,14.9,13,12.8,-12.9,0.0,46,5.4,6,12,heladas_invernales,2.8,0,medio
2024-06-02,2024-06-02T13:00,Puno,Lampa,Lampa,210701,-15.3644,-70.3672,3892,11073,6422,58.0,True,papa,15.9,11,13.4,-14.1,0.0,74,6.6,6,13,heladas_invernales,2.8,0,medio
2024-06-02,2024-06-02T14:00,Puno,Lampa,Lampa,210701,-15.3644,-70.3672,3892,11073,6422,58.0,True,papa,16.5,10,13.2,-14.8,0.0,87,7.4,6,14,heladas_invernales,2.8,0,medio
2024-06-02,2024-06-02T15:00,Puno,Lampa,Lampa,210701,-15.3644,-70.3672,3892,11073,6422,58.0,True,papa,16.5,10,11.8,-15.4,0.0,82,10.2,6,15,heladas_invernales,2.8,0,medio
2024-06-02,2024-06-02T16:00,Puno,Lampa,Lampa,210701,-15.3644,-70.3672,3892,11073,6422,58.0,True,papa,16.0,9,10.6,-17.0,0.0,17,12.0,6,16,heladas_invernales,2.8,0,medio
2024-06-02,2024-06-02T17:00,Puno,Lampa,Lampa,210701,-15.3644,-70.3672,3892,11073,6422,58.0,True,papa,14.8,10,9.7,-16.5,0.0,10,9.2,6,17,heladas_invernales,2.8,0,medio
2024-06-02,2024-06-02T18:00,Puno,Lampa,Lampa,210701,-15.3644,-70.3672,3892,11073,6422,58.0,True,papa,12.0,26,7.8,-6.9,0.0,5,8.2,6,18,heladas_invernales,2.8,0,medio
2024-06-02,2024-06-02T19:00,Puno,Lampa,Lampa,210701,-15.3644,-70.3672,3892,11073,6422,58.0,True,papa,9.6,44,6.2,-2.2,0.0,13,6.4,6,19,heladas_invernales,2.8,0,medio
2024-06-02,2024-06-02T20:00,Puno,Lampa,Lampa,210701,-15.3644,-70.3672,3892,11073,6422,58.0,True,papa,9.3,41,6.1,-3.2,0.0,7,4.0,6,20,heladas_invernales,2.8,0,medio
2024-06-02,2024-06-02T21:00,Puno,Lampa,Lampa,210701,-15.3644,-70.3672,3892,11073,6422,58.0,True,papa,9.2,37,6.2,-4.8,0.0,2,2.3,6,21,heladas_invernales,2.8,0,medio
2024-06-02,2024-06-02T22:00,Puno,Lampa,Lampa,210701,-15.3644,-70.3672,3892,11073,6422,58.0,True,papa,8.4,36,5.2,-6.0,0.0,0,1.8,6,22,heladas_invernales,2.8,0,medio
2024-06-02,2024-06-02T23:00,Puno,Lampa,Lampa,210701,-15.3644,-70.3672,3892,11073,6422,58.0,True,papa,7.8,35,4.7,-6.6,0.0,0,1.1,6,23,heladas_invernales,2.8,0,medio
2024-06-03,2024-06-03T00:00,Puno,Lampa,Lampa,210701,-15.3644,-70.3672,3892,11073,6422,58.0,True,papa,7.2,34,3.8,-7.4,0.0,0,2.6,6,0,heladas_invernales,2.6,0,medio
2024-06-03,2024-06-03T01:00,Puno,Lampa,Lampa,210701,-15.3644,-70.3672,3892,11073,6422,58.0,True,papa,6.7,30,2.8,-9.8,0.0,2,4.4,6,1,heladas_invernales,2.6,0,medio
2024-06-03,2024-06-03T02:00,Puno,Lampa,Lampa,210701,-15.3644,-70.3672,3892,11073,6422,58.0,True,papa,4.8,32,0.7,-10.6,0.0,0,5.6,6,2,heladas_invernales,2.6,0,medio
2024-06-03,2024-06-03T03:00,Puno,Lampa,Lampa,210701,-15.3644,-70.3672,3892,11073,6422,58.0,True,papa,3.0,35,-1.2,-11.0,0.0,12,6.0,6,3,heladas_invernales,2.6,0,medio
2024-06-03,2024-06-03T04:00,Puno,Lampa,Lampa,210701,-15.3644,-70.3672,3892,11073,6422,58.0,True,papa,3.7,29,-0.5,-12.6,0.0,39,5.5,6,4,heladas_invernales,2.6,0,medio
2024-06-03,2024-06-03T05:00,Puno,Lampa,Lampa,210701,-15.3644,-70.3672,3892,11073,6422,58.0,True,papa,3.9,28,-0.3,-13.1,0.0,36,5.1,6,5,heladas_invernales,2.6,0,medio
2024-06-03,2024-06-03T06:00,Puno,Lampa,Lampa,210701,-15.3644,-70.3672,3892,11073,6422,58.0,True,papa,2.6,32,-1.7,-12.4,0.0,42,5.8,6,6,heladas_invernales,2.6,0,medio
2024-06-03,2024-06-03T07:00,Puno,Lampa,Lampa,210701,-15.3644,-70.3672,3892,11073,6422,58.0,True,papa,3.4,36,-0.8,-10.4,0.0,8,6.6,6,7,heladas_invernales,2.6,0,medio
2024-06-03,2024-06-03T08:00,Puno,Lampa,Lampa,210701,-15.3644,-70.3672,3892,11073,6422,58.0,True,papa,6.6,28,2.6,-10.8,0.0,21,4.4,6,8,heladas_invernales,2.6,0,medio
2024-06-03,2024-06-03T09:00,Puno,Lampa,Lampa,210701,-15.3644,-70.3672,3892,11073,6422,58.0,True,papa,9.9,22,6.1,-10.8,0.0,0,3.6,6,9,heladas_invernales,2.6,0,medio
2024-06-03,2024-06-03T10:00,Puno,Lampa,Lampa,210701,-15.3644,-70.3672,3892,11073,6422,58.0,True,papa,12.0,21,9.3,-9.4,0.0,0,4.0,6,10,heladas_invernales,2.6,0,medio
2024-06-03,2024-06-03T11:00,Puno,Lampa,Lampa,210701,-15.3644,-70.3672,3892,11073,6422,58.0,True,papa,14.1,19,11.9,-9.6,0.0,11,5.5,6,11,heladas_invernales,2.6,0,medio
2024-06-03,2024-06-03T12:00,Puno,Lampa,Lampa,210701,-15.3644,-70.3672,3892,11073,6422,58.0,True,papa,15.7,12,13.0,-13.3,0.0,4,8.7,6,12,heladas_invernales,2.6,0,medio
2024-06-03,2024-06-03T13:00,Puno,Lampa,Lampa,210701,-15.3644,-70.3672,3892,11073,6422,58.0,True,papa,16.6,12,13.3,-12.8,0.0,0,11.7,6,13,heladas_invernales,2.6,0,medio
2024-06-03,2024-06-03T14:00,Puno,Lampa,Lampa,210701,-15.3644,-70.3672,3892,11073,6422,58.0,True,papa,17.1,12,13.1,-12.1,0.0,1,12.7,6,14,heladas_invernales,2.6,0,medio
2024-06-03,2024-06-03T15:00,Puno,Lampa,Lampa,210701,-15.3644,-70.3672,3892,11073,6422,58.0,True,papa,17.5,11,12.6,-13.2,0.0,5,11.2,6,15,heladas_invernales,2.6,0,medio
2024-06-03,2024-06-03T16:00,Puno,Lampa,Lampa,210701,-15.3644,-70.3672,3892,11073,6422,58.0,True,papa,17.2,10,11.7,-14.6,0.0,9,13.3,6,16,heladas_invernales,2.6,0,medio
2024-06-03,2024-06-03T17:00,Puno,Lampa,Lampa,210701,-15.3644,-70.3672,3892,11073,6422,58.0,True,papa,15.4,14,10.3,-11.8,0.0,10,12.4,6,17,heladas_invernales,2.6,0,medio
2024-06-03,2024-06-03T18:00,Puno,Lampa,Lampa,210701,-15.3644,-70.3672,3892,11073,6422,58.0,True,papa,11.4,42,7.3,-0.9,0.0,9,12.3,6,18,heladas_invernales,2.6,0,medio
2024-06-03,2024-06-03T19:00,Puno,Lampa,Lampa,210701,-15.3644,-70.3672,3892,11073,6422,58.0,True,papa,9.4,64,6.9,2.9,0.0,13,6.4,6,19,heladas_invernales,2.6,0,medio
2024-06-03,2024-06-03T20:00,Puno,Lampa,Lampa,210701,-15.3644,-70.3672,3892,11073,6422,58.0,True,papa,7.9,64,4.8,1.5,0.0,6,8.8,6,20,heladas_invernales,2.6,0,medio
2024-06-03,2024-06-03T21:00,Puno,Lampa,Lampa,210701,-15.3644,-70.3672,3892,11073,6422,58.0,True,papa,6.8,70,4.3,1.8,0.0,0,4.8,6,21,heladas_invernales,2.6,0,medio
2024-06-03,2024-06-03T22:00,Puno,Lampa,Lampa,210701,-15.3644,-70.3672,3892,11073,6422,58.0,True,papa,7.3,64,4.8,1.0,0.0,0,3.8,6,22,heladas_invernales,2.6,0,medio
2024-06-03,2024-06-03T23:00,Puno,Lampa,Lampa,210701,-15.3644,-70.3672,3892,11073,6422,58.0,True,papa,7.1,64,4.7,0.7,0.0,0,2.6,6,23,heladas_invernales,2.6,0,medio
2024-06-04,2024-06-04T00:00,Puno,Lampa,Lampa,210701,-15.3644,-70.3672,3892,11073,6422,58.0,True,papa,6.7,64,4.3,0.4,0.0,0,1.8,6,0,heladas_invernales,1.9,0,medio
2024-06-04,2024-06-04T01:00,Puno,Lampa,Lampa,210701,-15.3644,-70.3672,3892,11073,6422,58.0,True,papa,6.2,64,3.6,-0.2,0.0,0,3.3,6,1,heladas_invernales,1.9,0,medio
2024-06-04,2024-06-04T02:00,Puno,Lampa,Lampa,210701,-15.3644,-70.3672,3892,11073,6422,58.0,True,papa,5.8,60,2.9,-1.3,0.0,0,4.2,6,2,heladas_invernales,1.9,0,medio
2024-06-04,2024-06-04T03:00,Puno,Lampa,Lampa,210701,-15.3644,-70.3672,3892,11073,6422,58.0,True,papa,4.8,59,1.6,-2.5,0.0,0,4.8,6,3,heladas_invernales,1.9,0,medio
2024-06-04,2024-06-04T04:00,Puno,Lampa,Lampa,210701,-15.3644,-70.3672,3892,11073,6422,58.0,True,papa,4.0,59,0.7,-3.3,0.0,0,4.8,6,4,heladas_invernales,1.9,0,medio
2024-06-04,2024-06-04T05:00,Puno,Lampa,Lampa,210701,-15.3644,-70.3672,3892,11073,6422,58.0,True,papa,2.8,63,-0.6,-3.7,0.0,0,4.9,6,5,heladas_invernales,1.9,0,medio
2024-06-04,2024-06-04T06:00,Puno,Lampa,Lampa,210701,-15.3644,-70.3672,3892,11073,6422,58.0,True,papa,1.9,64,-1.6,-4.2,0.0,0,5.2,6,6,heladas_invernales,1.9,0,medio
2024-06-04,2024-06-04T07:00,Puno,Lampa,Lampa,210701,-15.3644,-70.3672,3892,11073,6422,58.0,True,papa,3.0,60,-0.2,-3.9,0.0,0,4.3,6,7,heladas_invernales,1.9,0,medio
2024-06-04,2024-06-04T08:00,Puno,Lampa,Lampa,210701,-15.3644,-70.3672,3892,11073,6422,58.0,True,papa,6.2,45,3.0,-4.8,0.0,0,3.7,6,8,heladas_invernales,1.9,0,medio
2024-06-04,2024-06-04T09:00,Puno,Lampa,Lampa,210701,-15.3644,-70.3672,3892,11073,6422,58.0,True,papa,9.0,46,5.9,-2.1,0.0,0,4.5,6,9,heladas_invernales,1.9,0,medio
2024-06-04,2024-06-04T10:00,Puno,Lampa,Lampa,210701,-15.3644,-70.3672,3892,11073,6422,58.0,True,papa,10.9,42,8.9,-1.5,0.0,0,4.7,6,10,heladas_invernales,1.9,0,medio
2024-06-04,2024-06-04T11:00,Puno,Lampa,Lampa,210701,-15.3644,-70.3672,3892,11073,6422,58.0,True,papa,12.9,33,11.5,-2.9,0.0,0,4.5,6,11,heladas_invernales,1.9,0,medio
2024-06-04,2024-06-04T12:00,Puno,Lampa,Lampa,210701,-15.3644,-70.3672,3892,11073,6422,58.0,True,papa,14.7,26,13.5,-4.7,0.0,0,3.9,6,12,heladas_invernales,1.9,0,medio
2024-06-04,2024-06-04T13:00,Puno,Lampa,Lampa,210701,-15.3644,-70.3672,3892,11073,6422,58.0,True,papa,16.1,20,14.4,-7.2,0.0,2,4.4,6,13,heladas_invernales,1.9,0,medio
2024-06-04,2024-06-04T14:00,Puno,Lampa,Lampa,210701,-15.3644,-70.3672,3892,11073,6422,58.0,True,papa,16.8,16,14.0,-8.9,0.0,14,6.4,6,14,heladas_invernales,1.9,0,medio
2024-06-04,2024-06-04T15:00,Puno,Lampa,Lampa,210701,-15.3644,-70.3672,3892,11073,6422,58.0,True,papa,16.8,16,12.4,-9.3,0.0,11,9.5,6,15,heladas_invernales,1.9,0,medio
2024-06-04,2024-06-04T16:00,Puno,Lampa,Lampa,210701,-15.3644,-70.3672,3892,11073,6422,58.0,True,papa,16.3,15,11.3,-10.1,0.0,12,12.1,6,16,heladas_invernales,1.9,0,medio
2024-06-04,2024-06-04T17:00,Puno,Lampa,Lampa,210701,-15.3644,-70.3672,3892,11073,6422,58.0,True,papa,15.3,14,10.3,-11.8,0.0,0,11.2,6,17,heladas_invernales,1.9,0,medio
2024-06-04,2024-06-04T18:00,Puno,Lampa,Lampa,210701,-15.3644,-70.3672,3892,11073,6422,58.0,True,papa,12.6,28,8.4,-5.7,0.0,0,8.5,6,18,heladas_invernales,1.9,0,medio
2024-06-04,2024-06-04T19:00,Puno,Lampa,Lampa,210701,-15.3644,-70.3672,3892,11073,6422,58.0,True,papa,9.9,49,6.9,-0.3,0.0,0,5.2,6,19,heladas_invernales,1.9,0,medio
2024-06-04,2024-06-04T20:00,Puno,Lampa,Lampa,210701,-15.3644,-70.3672,3892,11073,6422,58.0,True,papa,9.2,39,5.9,-4.0,0.0,0,4.7,6,20,heladas_invernales,1.9,0,medio
2024-06-04,2024-06-04T21:00,Puno,Lampa,Lampa,210701,-15.3644,-70.3672,3892,11073,6422,58.0,True,papa,9.5,35,6.5,-5.3,0.0,0,1.1,6,21,heladas_invernales,1.9,0,medio
2024-06-04,2024-06-04T22:00,Puno,Lampa,Lampa,210701,-15.3644,-70.3672,3892,11073,6422,58.0,True,papa,8.6,35,5.2,-5.9,0.0,0,3.6,6,22,heladas_invernales,1.9,0,medio
2024-06-04,2024-06-04T23:00,Puno,Lampa,Lampa,210701,-15.3644,-70.3672,3892,11073,6422,58.0,True,papa,7.7,35,4.4,-7.0,0.0,0,2.2,6,23,heladas_invernales,1.9,0,medio
2024-06-05,2024-06-05T00:00,Puno,Lampa,Lampa,210701,-15.3644,-70.3672,3892,11073,6422,58.0,True,papa,7.1,34,3.8,-7.7,0.0,0,1.9,6,0,heladas_invernales,2.7,0,medio
2024-06-05,2024-06-05T01:00,Puno,Lampa,Lampa,210701,-15.3644,-70.3672,3892,11073,6422,58.0,True,papa,6.4,34,2.8,-8.4,0.0,0,3.9,6,1,heladas_invernales,2.7,0,medio
2024-06-05,2024-06-05T02:00,Puno,Lampa,Lampa,210701,-15.3644,-70.3672,3892,11073,6422,58.0,True,papa,5.7,33,1.8,-9.3,0.0,0,5.2,6,2,heladas_invernales,2.7,0,medio
2024-06-05,2024-06-05T03:00,Puno,Lampa,Lampa,210701,-15.3644,-70.3672,3892,11073,6422,58.0,True,papa,5.4,32,1.6,-10.1,0.0,0,3.4,6,3,heladas_invernales,2.7,0,medio
2024-06-05,2024-06-05T04:00,Puno,Lampa,Lampa,210701,-15.3644,-70.3672,3892,11073,6422,58.0,True,papa,5.1,32,1.3,-10.4,0.0,0,3.3,6,4,heladas_invernales,2.7,0,medio
2024-06-05,2024-06-05T05:00,Puno,Lampa,Lampa,210701,-15.3644,-70.3672,3892,11073,6422,58.0,True,papa,4.8,32,1.0,-10.6,0.0,0,3.3,6,5,heladas_invernales,2.7,0,medio
2024-06-05,2024-06-05T06:00,Puno,Lampa,Lampa,210701,-15.3644,-70.3672,3892,11073,6422,58.0,True,papa,4.2,33,0.3,-10.7,0.0,0,3.9,6,6,heladas_invernales,2.7,0,medio
2024-06-05,2024-06-05T07:00,Puno,Lampa,Lampa,210701,-15.3644,-70.3672,3892,11073,6422,58.0,True,papa,2.7,52,-0.8,-6.2,0.0,0,4.0,6,7,heladas_invernales,2.7,0,medio
2024-06-05,2024-06-05T08:00,Puno,Lampa,Lampa,210701,-15.3644,-70.3672,3892,11073,6422,58.0,True,papa,5.8,32,2.1,-9.8,0.0,0,3.4,6,8,heladas_invernales,2.7,0,medio
2024-06-05,2024-06-05T09:00,Puno,Lampa,Lampa,210701,-15.3644,-70.3672,3892,11073,6422,58.0,True,papa,9.1,23,5.5,-10.9,0.0,0,1.9,6,9,heladas_invernales,2.7,0,medio
2024-06-05,2024-06-05T10:00,Puno,Lampa,Lampa,210701,-15.3644,-70.3672,3892,11073,6422,58.0,True,papa,11.2,22,8.7,-9.8,0.0,0,3.1,6,10,heladas_invernales,2.7,0,medio
2024-06-05,2024-06-05T11:00,Puno,Lampa,Lampa,210701,-15.3644,-70.3672,3892,11073,6422,58.0,True,papa,13.1,20,10.6,-9.3,0.0,0,7.2,6,11,heladas_invernales,2.7,0,medio
2024-06-05,2024-06-05T12:00,Puno,Lampa,Lampa,210701,-15.3644,-70.3672,3892,11073,6422,58.0,True,papa,14.6,19,11.9,-9.0,0.0,0,10.0,6,12,heladas_invernales,2.7,0,medio
2024-06-05,2024-06-05T13:00,Puno,Lampa,Lampa,210701,-15.3644,-70.3672,3892,11073,6422,58.0,True,papa,15.4,17,12.4,-9.8,0.0,0,10.2,6,13,heladas_invernales,2.7,0,medio
2024-06-05,2024-06-05T14:00,Puno,Lampa,Lampa,210701,-15.3644,-70.3672,3892,11073,6422,58.0,True,papa,15.9,16,12.5,-10.2,0.0,0,9.5,6,14,heladas_invernales,2.7,0,medio
2024-06-05,2024-06-05T15:00,Puno,Lampa,Lampa,210701,-15.3644,-70.3672,3892,11073,6422,58.0,True,papa,16.0,15,11.6,-10.3,0.0,0,10.2,6,15,heladas_invernales,2.7,0,medio
2024-06-05,2024-06-05T16:00,Puno,Lampa,Lampa,210701,-15.3644,-70.3672,3892,11073,6422,58.0,True,papa,15.5,16,10.4,-10.4,0.0,0,12.5,6,16,heladas_invernales,2.7,0,medio
2024-06-05,2024-06-05T17:00,Puno,Lampa,Lampa,210701,-15.3644,-70.3672,3892,11073,6422,58.0,True,papa,14.1,19,9.4,-9.1,0.0,0,10.0,6,17,heladas_invernales,2.7,0,medio
2024-06-05,2024-06-05T18:00,Puno,Lampa,Lampa,210701,-15.3644,-70.3672,3892,11073,6422,58.0,True,papa,11.8,28,7.5,-6.1,0.0,0,9.6,6,18,heladas_invernales,2.7,0,medio
2024-06-05,2024-06-05T19:00,Puno,Lampa,Lampa,210701,-15.3644,-70.3672,3892,11073,6422,58.0,True,papa,9.9,34,5.8,-5.2,0.0,0,9.3,6,19,heladas_invernales,2.7,0,medio
2024-06-05,2024-06-05T20:00,Puno,Lampa,Lampa,210701,-15.3644,-70.3672,3892,11073,6422,58.0,True,papa,8.2,46,4.9,-2.7,0.0,0,5.4,6,20,heladas_invernales,2.7,0,medio
2024-06-05,2024-06-05T21:00,Puno,Lampa,Lampa,210701,-15.3644,-70.3672,3892,11073,6422,58.0,True,papa,9.6,30,6.1,-7.1,0.0,0,2.8,6,21,heladas_invernales,2.7,0,medio
2024-06-05,2024-06-05T22:00,Puno,Lampa,Lampa,210701,-15.3644,-70.3672,3892,11073,6422,58.0,True,papa,8.9,31,5.4,-7.6,0.0,0,2.5,6,22,heladas_invernales,2.7,0,medio
2024-06-05,2024-06-05T23:00,Puno,Lampa,Lampa,210701,-15.3644,-70.3672,3892,11073,6422,58.0,True,papa,8.2,30,4.5,-8.2,0.0,0,4.4,6,23,heladas_invernales,2.7,0,medio
2024-06-06,2024-06-06T00:00,Puno,Lampa,Lampa,210701,-15.3644,-70.3672,3892,11073,6422,58.0,True,papa,7.2,31,3.5,-8.9,0.0,0,4.3,6,0,heladas_invernales,2.6,0,medio
2024-06-06,2024-06-06T01:00,Puno,Lampa,Lampa,210701,-15.3644,-70.3672,3892,11073,6422,58.0,True,papa,6.3,32,2.6,-9.2,0.0,0,4.1,6,1,heladas_invernales,2.6,0,medio
2024-06-06,2024-06-06T02:00,Puno,Lampa,Lampa,210701,-15.3644,-70.3672,3892,11073,6422,58.0,True,papa,5.4,35,1.6,-8.9,0.0,0,4.5,6,2,heladas_invernales,2.6,0,medio
2024-06-06,2024-06-06T03:00,Puno,Lampa,Lampa,210701,-15.3644,-70.3672,3892,11073,6422,58.0,True,papa,4.6,38,0.8,-8.5,0.0,2,4.8,6,3,heladas_invernales,2.6,0,medio
2024-06-06,2024-06-06T04:00,Puno,Lampa,Lampa,210701,-15.3644,-70.3672,3892,11073,6422,58.0,True,papa,4.1,40,0.3,-8.2,0.0,0,4.5,6,4,heladas_invernales,2.6,0,medio
2024-06-06,2024-06-06T05:00,Puno,Lampa,Lampa,210701,-15.3644,-70.3672,3892,11073,6422,58.0,True,papa,3.7,42,-0.1,-8.1,0.0,1,4.7,6,5,heladas_invernales,2.6,0,medio
2024-06-06,2024-06-06T06:00,Puno,Lampa,Lampa,210701,-15.3644,-70.3672,3892,11073,6422,58.0,True,papa,3.5,43,-0.1,-7.9,0.0,0,3.9,6,6,heladas_invernales,2.6,0,medio
2024-06-06,2024-06-06T07:00,Puno,Lampa,Lampa,210701,-15.3644,-70.3672,3892,11073,6422,58.0,True,papa,2.6,62,-0.7,-4.0,0.0,0,4.0,6,7,heladas_invernales,2.6,0,medio
2024-06-06,2024-06-06T08:00,Puno,Lampa,Lampa,210701,-15.3644,-70.3672,3892,11073,6422,58.0,True,papa,6.2,40,2.8,-6.4,0.0,0,2.9,6,8,heladas_invernales,2.6,0,medio
2024-06-06,2024-06-06T09:00,Puno,Lampa,Lampa,210701,-15.3644,-70.3672,3892,11073,6422,58.0,True,papa,9.2,30,5.9,-7.2,0.0,0,2.6,6,9,heladas_invernales,2.6,0,medio
2024-06-06,2024-06-06T10:00,Puno,Lampa,Lampa,210701,-15.3644,-70.3672,3892,11073,6422,58.0,True,papa,11.3,27,9.0,-7.1,0.0,0,2.6,6,10,heladas_invernales,2.6,0,medio
2024-06-06,2024-06-06T11:00,Puno,Lampa,Lampa,210701,-15.3644,-70.3672,3892,11073,6422,58.0,True,papa,12.8,26,10.9,-6.2,0.0,0,5.6,6,11,heladas_invernales,2.6,0,medio
2024-06-06,2024-06-06T12:00,Puno,Lampa,Lampa,210701,-15.3644,-70.3672,3892,11073,6422,58.0,True,papa,13.9,21,11.7,-8.1,0.0,0,7.7,6,12,heladas_invernales,2.6,0,medio
2024-06-06,2024-06-06T13:00,Puno,Lampa,Lampa,210701,-15.3644,-70.3672,3892,11073,6422,58.0,True,papa,14.9,20,12.0,-7.9,0.0,0,11.4,6,13,heladas_invernales,2.6,0,medio
2024-06-06,2024-06-06T14:00,Puno,Lampa,Lampa,210701,-15.3644,-70.3672,3892,11073,6422,58.0,True,papa,15.6,19,11.4,-8.2,0.0,0,15.5,6,14,heladas_invernales,2.6,0,medio
2024-06-06,2024-06-06T15:00,Puno,Lampa,Lampa,210701,-15.3644,-70.3672,3892,11073,6422,58.0,True,papa,16.0,15,10.7,-10.4,0.0,0,15.7,6,15,heladas_invernales,2.6,0,medio
2024-06-06,2024-06-06T16:00,Puno,Lampa,Lampa,210701,-15.3644,-70.3672,3892,11073,6422,58.0,True,papa,15.9,13,10.2,-12.8,0.0,0,14.8,6,16,heladas_invernales,2.6,0,medio
2024-06-06,2024-06-06T17:00,Puno,Lampa,Lampa,210701,-15.3644,-70.3672,3892,11073,6422,58.0,True,papa,14.4,18,9.5,-9.5,0.0,0,12.1,6,17,heladas_invernales,2.6,0,medio
2024-06-06,2024-06-06T18:00,Puno,Lampa,Lampa,210701,-15.3644,-70.3672,3892,11073,6422,58.0,True,papa,11.7,32,7.5,-4.3,0.0,0,10.1,6,18,heladas_invernales,2.6,0,medio
2024-06-06,2024-06-06T19:00,Puno,Lampa,Lampa,210701,-15.3644,-70.3672,3892,11073,6422,58.0,True,papa,9.4,52,6.6,0.2,0.0,0,5.4,6,19,heladas_invernales,2.6,0,medio
2024-06-06,2024-06-06T20:00,Puno,Lampa,Lampa,210701,-15.3644,-70.3672,3892,11073,6422,58.0,True,papa,8.2,48,4.9,-2.0,0.0,0,6.4,6,20,heladas_invernales,2.6,0,medio
2024-06-06,2024-06-06T21:00,Puno,Lampa,Lampa,210701,-15.3644,-70.3672,3892,11073,6422,58.0,True,papa,10.2,30,6.7,-6.7,0.0,0,3.8,6,21,heladas_invernales,2.6,0,medio
2024-06-06,2024-06-06T22:00,Puno,Lampa,Lampa,210701,-15.3644,-70.3672,3892,11073,6422,58.0,True,papa,9.8,31,6.5,-6.8,0.0,0,2.2,6,22,heladas_invernales,2.6,0,medio
2024-06-06,2024-06-06T23:00,Puno,Lampa,Lampa,210701,-15.3644,-70.3672,3892,11073,6422,58.0,True,papa,8.9,32,5.5,-7.0,0.0,0,2.6,6,23,heladas_invernales,2.6,0,medio
2024-06-07,2024-06-07T00:00,Puno,Lampa,Lampa,210701,-15.3644,-70.3672,3892,11073,6422,58.0,True,papa,7.8,34,4.3,-7.1,0.0,0,2.9,6,0,heladas_invernales,2.5,0,medio
2024-06-07,2024-06-07T01:00,Puno,Lampa,Lampa,210701,-15.3644,-70.3672,3892,11073,6422,58.0,True,papa,6.9,37,3.5,-6.9,0.0,0,2.9,6,1,heladas_invernales,2.5,0,medio
2024-06-07,2024-06-07T02:00,Puno,Lampa,Lampa,210701,-15.3644,-70.3672,3892,11073,6422,58.0,True,papa,6.2,39,2.8,-6.8,0.0,0,3.1,6,2,heladas_invernales,2.5,0,medio
2024-06-07,2024-06-07T03:00,Puno,Lampa,Lampa,210701,-15.3644,-70.3672,3892,11073,6422,58.0,True,papa,5.2,42,1.8,-6.5,0.0,0,3.4,6,3,heladas_invernales,2.5,0,medio
2024-06-07,2024-06-07T04:00,Puno,Lampa,Lampa,210701,-15.3644,-70.3672,3892,11073,6422,58.0,True,papa,4.6,45,1.1,-6.4,0.0,0,3.7,6,4,heladas_invernales,2.5,0,medio
2024-06-07,2024-06-07T05:00,Puno,Lampa,Lampa,210701,-15.3644,-70.3672,3892,11073,6422,58.0,True,papa,4.0,47,0.5,-6.4,0.0,0,4.0,6,5,heladas_invernales,2.5,0,medio
2024-06-07,2024-06-07T06:00,Puno,Lampa,Lampa,210701,-15.3644,-70.3672,3892,11073,6422,58.0,True,papa,3.3,49,-0.3,-6.4,0.0,0,4.7,6,6,heladas_invernales,2.5,0,medio
2024-06-07,2024-06-07T07:00,Puno,Lampa,Lampa,210701,-15.3644,-70.3672,3892,11073,6422,58.0,True,papa,2.5,62,-0.9,-4.0,0.0,0,4.7,6,7,heladas_invernales,2.5,0,medio
2024-06-07,2024-06-07T08:00,Puno,Lampa,Lampa,210701,-15.3644,-70.3672,3892,11073,6422,58.0,True,papa,6.1,40,2.9,-6.3,0.0,0,1.8,6,8,heladas_invernales,2.5,0,medio
2024-06-07,2024-06-07T09:00,Puno,Lampa,Lampa,210701,-15.3644,-70.3672,3892,11073,6422,58.0,True,papa,8.7,32,5.4,-7.0,0.0,0,1.8,6,9,heladas_invernales,2.5,0,medio
2024-06-07,2024-06-07T10:00,Puno,Lampa,Lampa,210701,-15.3644,-70.3672,3892,11073,6422,58.0,True,papa,10.6,28,8.0,-7.0,0.0,0,4.5,6,10,heladas_invernales,2.5,0,medio
2024-06-07,2024-06-07T11:00,Puno,Lampa,Lampa,210701,-15.3644,-70.3672,3892,11073,6422,58.0,True,papa,12.5,24,10.5,-7.8,0.0,0,5.4,6,11,heladas_invernales,2.5,0,medio
2024-06-07,2024-06-07T12:00,Puno,Lampa,Lampa,210701,-15.3644,-70.3672,3892,11073,6422,58.0,True,papa,14.2,16,11.9,-11.1,0.0,0,6.9,6,12,heladas_invernales,2.5,0,medio
2024-06-07,2024-06-07T13:00,Puno,Lampa,Lampa,210701,-15.3644,-70.3672,3892,11073,6422,58.0,True,papa,15.6,15,12.7,-11.4,0.0,0,9.2,6,13,heladas_invernales,2.5,0,medio
2024-06-07,2024-06-07T14:00,Puno,Lampa,Lampa,210701,-15.3644,-70.3672,3892,11073,6422,58.0,True,papa,16.5,13,12.9,-11.9,0.0,0,9.2,6,14,heladas_invernales,2.5,0,medio
2024-06-07,2024-06-07T15:00,Puno,Lampa,Lampa,210701,-15.3644,-70.3672,3892,11073,6422,58.0,True,papa,16.8,11,12.5,-14.2,0.0,0,6.5,6,15,heladas_invernales,2.5,0,medio
2024-06-07,2024-06-07T16:00,Puno,Lampa,Lampa,210701,-15.3644,-70.3672,3892,11073,6422,58.0,True,papa,16.6,10,11.8,-15.1,0.0,0,8.4,6,16,heladas_invernales,2.5,0,medio
2024-06-07,2024-06-07T17:00,Puno,Lampa,Lampa,210701,-15.3644,-70.3672,3892,11073,6422,58.0,True,papa,15.1,15,10.6,-11.6,0.0,0,8.4,6,17,heladas_invernales,2.5,0,medio
2024-06-07,2024-06-07T18:00,Puno,Lampa,Lampa,210701,-15.3644,-70.3672,3892,11073,6422,58.0,True,papa,11.7,33,8.1,-4.2,0.0,0,6.5,6,18,heladas_invernales,2.5,0,medio
2024-06-07,2024-06-07T19:00,Puno,Lampa,Lampa,210701,-15.3644,-70.3672,3892,11073,6422,58.0,True,papa,11.4,29,8.3,-6.1,0.0,0,1.3,6,19,heladas_invernales,2.5,0,medio
2024-06-07,2024-06-07T20:00,Puno,Lampa,Lampa,210701,-15.3644,-70.3672,3892,11073,6422,58.0,True,papa,9.1,38,5.8,-4.3,0.0,0,4.7,6,20,heladas_invernales,2.5,0,medio
2024-06-07,2024-06-07T21:00,Puno,Lampa,Lampa,210701,-15.3644,-70.3672,3892,11073,6422,58.0,True,papa,9.5,30,5.9,-7.2,0.0,0,3.9,6,21,heladas_invernales,2.5,0,medio
2024-06-07,2024-06-07T22:00,Puno,Lampa,Lampa,210701,-15.3644,-70.3672,3892,11073,6422,58.0,True,papa,6.9,41,3.3,-5.5,0.0,0,5.5,6,22,heladas_invernales,2.5,0,medio
2024-06-07,2024-06-07T23:00,Puno,Lampa,Lampa,210701,-15.3644,-70.3672,3892,11073,6422,58.0,True,papa,7.4,32,3.7,-8.1,0.0,0,4.4,6,23,heladas_invernales,2.5,0,medio
2024-06-08,2024-06-08T00:00,Puno,Lampa,Lampa,210701,-15.3644,-70.3672,3892,11073,6422,58.0,True,papa,6.7,33,3.0,-8.4,0.0,0,3.9,6,0,heladas_invernales,1.0,0,medio
2024-06-08,2024-06-08T01:00,Puno,Lampa,Lampa,210701,-15.3644,-70.3672,3892,11073,6422,58.0,True,papa,5.4,36,1.6,-8.4,0.0,0,5.2,6,1,heladas_invernales,1.0,0,medio
2024-06-08,2024-06-08T02:00,Puno,Lampa,Lampa,210701,-15.3644,-70.3672,3892,11073,6422,58.0,True,papa,4.4,37,0.5,-9.0,0.0,0,5.4,6,2,heladas_invernales,1.0,0,medio
2024-06-08,2024-06-08T03:00,Puno,Lampa,Lampa,210701,-15.3644,-70.3672,3892,11073,6422,58.0,True,papa,2.3,41,-1.7,-9.5,0.0,0,5.8,6,3,heladas_invernales,1.0,0,medio
2024-06-08,2024-06-08T04:00,Puno,Lampa,Lampa,210701,-15.3644,-70.3672,3892,11073,6422,58.0,True,papa,1.2,39,-2.9,-11.1,0.0,0,5.6,6,4,heladas_invernales,1.0,0,medio
2024-06-08,2024-06-08T05:00,Puno,Lampa,Lampa,210701,-15.3644,-70.3672,3892,11073,6422,58.0,True,papa,1.0,33,-3.2,-13.5,0.0,0,5.2,6,5,heladas_invernales,1.0,0,medio
2024-06-08,2024-06-08T06:00,Puno,Lampa,Lampa,210701,-15.3644,-70.3672,3892,11073,6422,58.0,True,papa,1.8,24,-2.6,-16.8,0.0,0,4.8,6,6,heladas_invernales,1.0,0,medio
2024-06-08,2024-06-08T07:00,Puno,Lampa,Lampa,210701,-15.3644,-70.3672,3892,11073,6422,58.0,True,papa,1.2,44,-2.5,-9.6,0.0,0,3.8,6,7,heladas_invernales,1.0,0,medio
2024-06-08,2024-06-08T08:00,Puno,Lampa,Lampa,210701,-15.3644,-70.3672,3892,11073,6422,58.0,True,papa,4.3,25,0.6,-14.1,0.0,0,1.8,6,8,heladas_invernales,1.0,0,medio
2024-06-08,2024-06-08T09:00,Puno,Lampa,Lampa,210701,-15.3644,-70.3672,3892,11073,6422,58.0,True,papa,7.4,36,4.4,-6.8,0.0,0,0.5,6,9,heladas_invernales,1.0,0,medio
2024-06-08,2024-06-08T10:00,Puno,Lampa,Lampa,210701,-15.3644,-70.3672,3892,11073,6422,58.0,True,papa,9.8,34,7.7,-5.3,0.0,0,3.1,6,10,heladas_invernales,1.0,0,medio
2024-06-08,2024-06-08T11:00,Puno,Lampa,Lampa,210701,-15.3644,-70.3672,3892,11073,6422,58.0,True,papa,11.6,24,9.9,-8.4,0.0,40,3.3,6,11,heladas_invernales,1.0,0,medio
2024-06-08,2024-06-08T12:00,Puno,Lampa,Lampa,210701,-15.3644,-70.3672,3892,11073,6422,58.0,True,papa,13.1,16,11.8,-12.1,0.0,84,1.8,6,12,heladas_invernales,1.0,0,medio
2024-06-08,2024-06-08T13:00,Puno,Lampa,Lampa,210701,-15.3644,-70.3672,3892,11073,6422,58.0,True,papa,14.4,14,12.9,-12.6,0.0,87,1.5,6,13,heladas_invernales,1.0,0,medio
2024-06-08,2024-06-08T14:00,Puno,Lampa,Lampa,210701,-15.3644,-70.3672,3892,11073,6422,58.0,True,papa,15.1,13,12.7,-13.1,0.0,97,2.1,6,14,heladas_invernales,1.0,0,medio
2024-06-08,2024-06-08T15:00,Puno,Lampa,Lampa,210701,-15.3644,-70.3672,3892,11073,6422,58.0,True,papa,15.5,10,11.4,-16.5,0.0,99,5.4,6,15,heladas_invernales,1.0,0,medio
2024-06-08,2024-06-08T16:00,Puno,Lampa,Lampa,210701,-15.3644,-70.3672,3892,11073,6422,58.0,True,papa,15.3,8,10.8,-19.5,0.0,98,4.8,6,16,heladas_invernales,1.0,0,medio
2024-06-08,2024-06-08T17:00,Puno,Lampa,Lampa,210701,-15.3644,-70.3672,3892,11073,6422,58.0,True,papa,13.5,40,10.9,0.1,0.0,100,3.1,6,17,heladas_invernales,1.0,0,medio
2024-06-08,2024-06-08T18:00,Puno,Lampa,Lampa,210701,-15.3644,-70.3672,3892,11073,6422,58.0,True,papa,12.9,13,8.9,-14.5,0.0,91,3.3,6,18,heladas_invernales,1.0,0,medio
2024-06-08,2024-06-08T19:00,Puno,Lampa,Lampa,210701,-15.3644,-70.3672,3892,11073,6422,58.0,True,papa,10.4,28,6.7,-7.3,0.0,0,4.3,6,19,heladas_invernales,1.0,0,medio
2024-06-08,2024-06-08T20:00,Puno,Lampa,Lampa,210701,-15.3644,-70.3672,3892,11073,6422,58.0,True,papa,9.6,27,6.0,-8.6,0.0,16,3.4,6,20,heladas_invernales,1.0,0,medio
2024-06-08,2024-06-08T21:00,Puno,Lampa,Lampa,210701,-15.3644,-70.3672,3892,11073,6422,58.0,True,papa,9.2,29,5.9,-8.1,0.0,9,1.3,6,21,heladas_invernales,1.0,0,medio
2024-06-08,2024-06-08T22:00,Puno,Lampa,Lampa,210701,-15.3644,-70.3672,3892,11073,6422,58.0,True,papa,7.3,32,3.5,-8.4,0.0,22,4.9,6,22,heladas_invernales,1.0,0,medio
2024-06-08,2024-06-08T23:00,Puno,Lampa,Lampa,210701,-15.3644,-70.3672,3892,11073,6422,58.0,True,papa,3.5,49,-0.4,-6.2,0.0,18,6.6,6,23,heladas_invernales,1.0,0,medio
2024-06-09,2024-06-09T00:00,Puno,Lampa,Lampa,210701,-15.3644,-70.3672,3892,11073,6422,58.0,True,papa,1.3,57,-2.7,-6.3,0.0,4,7.3,6,0,heladas_invernales,-1.9,5,alto
2024-06-09,2024-06-09T01:00,Puno,Lampa,Lampa,210701,-15.3644,-70.3672,3892,11073,6422,58.0,True,papa,-0.1,60,-4.0,-7.0,0.0,11,6.9,6,1,heladas_invernales,-1.9,5,alto
2024-06-09,2024-06-09T02:00,Puno,Lampa,Lampa,210701,-15.3644,-70.3672,3892,11073,6422,58.0,True,papa,-1.0,59,-5.1,-7.9,0.0,48,7.0,6,2,heladas_invernales,-1.9,5,alto
2024-06-09,2024-06-09T03:00,Puno,Lampa,Lampa,210701,-15.3644,-70.3672,3892,11073,6422,58.0,True,papa,-1.8,60,-5.8,-8.4,0.0,79,6.6,6,3,heladas_invernales,-1.9,5,alto
2024-06-09,2024-06-09T04:00,Puno,Lampa,Lampa,210701,-15.3644,-70.3672,3892,11073,6422,58.0,True,papa,-1.9,57,-5.9,-9.3,0.0,99,5.7,6,4,heladas_invernales,-1.9,5,alto
2024-06-09,2024-06-09T05:00,Puno,Lampa,Lampa,210701,-15.3644,-70.3672,3892,11073,6422,58.0,True,papa,-0.8,47,-4.8,-10.7,0.0,74,4.8,6,5,heladas_invernales,-1.9,5,alto
2024-06-09,2024-06-09T06:00,Puno,Lampa,Lampa,210701,-15.3644,-70.3672,3892,11073,6422,58.0,True,papa,0.7,39,-3.2,-11.9,0.0,92,3.3,6,6,heladas_invernales,-1.9,5,alto
2024-06-09,2024-06-09T07:00,Puno,Lampa,Lampa,210701,-15.3644,-70.3672,3892,11073,6422,58.0,True,papa,1.0,54,-2.5,-7.3,0.0,82,3.5,6,7,heladas_invernales,-1.9,5,alto
2024-06-09,2024-06-09T08:00,Puno,Lampa,Lampa,210701,-15.3644,-70.3672,3892,11073,6422,58.0,True,papa,4.0,35,0.4,-10.0,0.0,92,2.2,6,8,heladas_invernales,-1.9,5,alto
2024-06-09,2024-06-09T09:00,Puno,Lampa,Lampa,210701,-15.3644,-70.3672,3892,11073,6422,58.0,True,papa,7.4,27,3.7,-10.6,0.0,95,2.6,6,9,heladas_invernales,-1.9,5,alto
2024-06-09,2024-06-09T10:00,Puno,Lampa,Lampa,210701,-15.3644,-70.3672,3892,11073,6422,58.0,True,papa,9.9,22,7.3,-10.6,0.0,97,2.8,6,10,heladas_invernales,-1.9,5,alto
2024-06-09,2024-06-09T11:00,Puno,Lampa,Lampa,210701,-15.3644,-70.3672,3892,11073,6422,58.0,True,papa,11.6,19,9.6,-10.9,0.0,100,4.0,6,11,heladas_invernales,-1.9,5,alto
2024-06-09,2024-06-09T12:00,Puno,Lampa,Lampa,210701,-15.3644,-70.3672,3892,11073,6422,58.0,True,papa,13.0,17,11.0,-11.2,0.0,99,5.2,6,12,heladas_invernales,-1.9,5,alto
2024-06-09,2024-06-09T13:00,Puno,Lampa,Lampa,210701,-15.3644,-70.3672,3892,11073,6422,58.0,True,papa,14.1,17,12.0,-10.9,0.0,99,4.8,6,13,heladas_invernales,-1.9,5,alto
2024-06-09,2024-06-09T14:00,Puno,Lampa,Lampa,210701,-15.3644,-70.3672,3892,11073,6422,58.0,True,papa,14.9,15,12.3,-11.8,0.0,98,3.6,6,14,heladas_invernales,-1.9,5,alto
2024-06-09,2024-06-09T15:00,Puno,Lampa,Lampa,210701,-15.3644,-70.3672,3892,11073,6422,58.0,True,papa,15.4,12,11.4,-14.1,0.0,99,4.9,6,15,heladas_invernales,-1.9,5,alto
2024-06-09,2024-06-09T16:00,Puno,Lampa,Lampa,210701,-15.3644,-70.3672,3892,11073,6422,58.0,True,papa,15.6,11,10.5,-14.4,0.0,97,10.2,6,16,heladas_invernales,-1.9,5,alto
2024-06-09,2024-06-09T17:00,Puno,Lampa,Lampa,210701,-15.3644,-70.3672,3892,11073,6422,58.0,True,papa,14.4,16,9.6,-11.5,0.0,100,9.2,6,17,heladas_invernales,-1.9,5,alto
2024-06-09,2024-06-09T18:00,Puno,Lampa,Lampa,210701,-15.3644,-70.3672,3892,11073,6422,58.0,True,papa,11.4,36,7.9,-3.3,0.0,92,6.0,6,18,heladas_invernales,-1.9,5,alto
2024-06-09,2024-06-09T19:00,Puno,Lampa,Lampa,210701,-15.3644,-70.3672,3892,11073,6422,58.0,True,papa,9.4,38,5.6,-4.1,0.0,69,7.4,6,19,heladas_invernales,-1.9,5,alto
2024-06-09,2024-06-09T20:00,Puno,Lampa,Lampa,210701,-15.3644,-70.3672,3892,11073,6422,58.0,True,papa,9.2,32,5.9,-6.8,0.0,38,2.4,6,20,heladas_invernales,-1.9,5,alto
2024-06-09,2024-06-09T21:00,Puno,Lampa,Lampa,210701,-15.3644,-70.3672,3892,11073,6422,58.0,True,papa,8.1,32,4.4,-7.8,0.0,79,4.3,6,21,heladas_invernales,-1.9,5,alto
2024-06-09,2024-06-09T22:00,Puno,Lampa,Lampa,210701,-15.3644,-70.3672,3892,11073,6422,58.0,True,papa,7.8,30,4.6,-8.6,0.0,52,0.4,6,22,heladas_invernales,-1.9,5,alto
2024-06-09,2024-06-09T23:00,Puno,Lampa,Lampa,210701,-15.3644,-70.3672,3892,11073,6422,58.0,True,papa,7.2,31,3.4,-8.7,0.0,33,3.9,6,23,heladas_invernales,-1.9,5,alto
2024-06-10,2024-06-10T00:00,Puno,Lampa,Lampa,210701,-15.3644,-70.3672,3892,11073,6422,58.0,True,papa,6.2,29,2.3,-10.4,0.0,64,4.3,6,0,heladas_invernales,1.2,0,medio
2024-06-10,2024-06-10T01:00,Puno,Lampa,Lampa,210701,-15.3644,-70.3672,3892,11073,6422,58.0,True,papa,5.2,28,1.2,-11.8,0.0,16,4.7,6,1,heladas_invernales,1.2,0,medio
2024-06-10,2024-06-10T02:00,Puno,Lampa,Lampa,210701,-15.3644,-70.3672,3892,11073,6422,58.0,True,papa,1.9,40,-2.3,-10.2,0.0,3,6.6,6,2,heladas_invernales,1.2,0,medio
2024-06-10,2024-06-10T03:00,Puno,Lampa,Lampa,210701,-15.3644,-70.3672,3892,11073,6422,58.0,True,papa,1.2,40,-3.0,-10.8,0.0,0,6.3,6,3,heladas_invernales,1.2,0,medio
2024-06-10,2024-06-10T04:00,Puno,Lampa,Lampa,210701,-15.3644,-70.3672,3892,11073,6422,58.0,True,papa,2.4,33,-1.8,-12.3,0.0,9,5.0,6,4,heladas_invernales,1.2,0,medio
2024-06-10,2024-06-10T05:00,Puno,Lampa,Lampa,210701,-15.3644,-70.3672,3892,11073,6422,58.0,True,papa,2.5,32,-1.6,-12.6,0.0,85,4.6,6,5,heladas_invernales,1.2,0,medio
2024-06-10,2024-06-10T06:00,Puno,Lampa,Lampa,210701,-15.3644,-70.3672,3892,11073,6422,58.0,True,papa,2.3,32,-1.7,-12.6,0.0,48,3.6,6,6,heladas_invernales,1.2,0,medio
2024-06-10,2024-06-10T07:00,Puno,Lampa,Lampa,210701,-15.3644,-70.3672,3892,11073,6422,58.0,True,papa,2.0,39,-1.7,-10.4,0.0,39,2.6,6,7,heladas_invernales,1.2,0,medio
2024-06-10,2024-06-10T08:00,Puno,Lampa,Lampa,210701,-15.3644,-70.3672,3892,11073,6422,58.0,True,papa,4.8,32,1.4,-10.4,0.0,81,1.3,6,8,heladas_invernales,1.2,0,medio
2024-06-10,2024-06-10T09:00,Puno,Lampa,Lampa,210701,-15.3644,-70.3672,3892,11073,6422,58.0,True,papa,7.8,25,4.1,-11.1,0.0,38,2.4,6,9,heladas_invernales,1.2,0,medio
2024-06-10,2024-06-10T10:00,Puno,Lampa,Lampa,210701,-15.3644,-70.3672,3892,11073,6422,58.0,True,papa,10.1,23,7.3,-10.3,0.0,55,3.5,6,10,heladas_invernales,1.2,0,medio
2024-06-10,2024-06-10T11:00,Puno,Lampa,Lampa,210701,-15.3644,-70.3672,3892,11073,6422,58.0,True,papa,11.9,20,10.0,-10.4,0.0,83,3.3,6,11,heladas_invernales,1.2,0,medio
2024-06-10,2024-06-10T12:00,Puno,Lampa,Lampa,210701,-15.3644,-70.3672,3892,11073,6422,58.0,True,papa,13.4,16,11.4,-12.1,0.0,78,4.3,6,12,heladas_invernales,1.2,0,medio
2024-06-10,2024-06-10T13:00,Puno,Lampa,Lampa,210701,-15.3644,-70.3672,3892,11073,6422,58.0,True,papa,14.4,14,12.1,-13.2,0.0,67,4.8,6,13,heladas_invernales,1.2,0,medio
2024-06-10,2024-06-10T14:00,Puno,Lampa,Lampa,210701,-15.3644,-70.3672,3892,11073,6422,58.0,True,papa,15.1,12,12.2,-13.7,0.0,55,4.5,6,14,heladas_invernales,1.2,0,medio
2024-06-10,2024-06-10T15:00,Puno,Lampa,Lampa,210701,-15.3644,-70.3672,3892,11073,6422,58.0,True,papa,15.4,12,11.4,-13.6,0.0,30,5.4,6,15,heladas_invernales,1.2,0,medio
2024-06-10,2024-06-10T16:00,Puno,Lampa,Lampa,210701,-15.3644,-70.3672,3892,11073,6422,58.0,True,papa,15.1,12,10.5,-13.9,0.0,54,7.8,6,16,heladas_invernales,1.2,0,medio
2024-06-10,2024-06-10T17:00,Puno,Lampa,Lampa,210701,-15.3644,-70.3672,3892,11073,6422,58.0,True,papa,14.1,15,9.2,-12.4,0.0,27,9.7,6,17,heladas_invernales,1.2,0,medio
2024-06-10,2024-06-10T18:00,Puno,Lampa,Lampa,210701,-15.3644,-70.3672,3892,11073,6422,58.0,True,papa,11.2,28,6.9,-6.8,0.0,37,9.4,6,18,heladas_invernales,1.2,0,medio
2024-06-10,2024-06-10T19:00,Puno,Lampa,Lampa,210701,-15.3644,-70.3672,3892,11073,6422,58.0,True,papa,9.1,48,6.0,-1.4,0.0,74,5.1,6,19,heladas_invernales,1.2,0,medio
2024-06-10,2024-06-10T20:00,Puno,Lampa,Lampa,210701,-15.3644,-70.3672,3892,11073,6422,58.0,True,papa,9.5,32,6.0,-6.2,0.0,76,3.8,6,20,heladas_invernales,1.2,0,medio
2024-06-10,2024-06-10T21:00,Puno,Lampa,Lampa,210701,-15.3644,-70.3672,3892,11073,6422,58.0,True,papa,8.6,37,5.4,-5.2,0.0,84,2.6,6,21,heladas_invernales,1.2,0,medio
2024-06-10,2024-06-10T22:00,Puno,Lampa,Lampa,210701,-15.3644,-70.3672,3892,11073,6422,58.0,True,papa,7.2,44,3.8,-4.2,0.0,98,4.5,6,22,heladas_invernales,1.2,0,medio
2024-06-10,2024-06-10T23:00,Puno,Lampa,Lampa,210701,-15.3644,-70.3672,3892,11073,6422,58.0,True,papa,6.0,43,2.4,-5.7,0.0,99,5.2,6,23,heladas_invernales,1.2,0,medio
2024-06-11,2024-06-11T00:00,Puno,Lampa,Lampa,210701,-15.3644,-70.3672,3892,11073,6422,58.0,True,papa,6.9,32,3.1,-8.6,0.0,99,4.6,6,0,heladas_invernales,1.3,0,medio
2024-06-11,2024-06-11T01:00,Puno,Lampa,Lampa,210701,-15.3644,-70.3672,3892,11073,6422,58.0,True,papa,5.7,32,1.7,-9.6,0.0,100,5.1,6,1,heladas_invernales,1.3,0,medio
2024-06-11,2024-06-11T02:00,Puno,Lampa,Lampa,210701,-15.3644,-70.3672,3892,11073,6422,58.0,True,papa,4.4,35,0.5,-9.6,0.0,98,4.7,6,2,heladas_invernales,1.3,0,medio
2024-06-11,2024-06-11T03:00,Puno,Lampa,Lampa,210701,-15.3644,-70.3672,3892,11073,6422,58.0,True,papa,2.5,43,-1.4,-8.8,0.0,98,5.4,6,3,heladas_invernales,1.3,0,medio
2024-06-11,2024-06-11T04:00,Puno,Lampa,Lampa,210701,-15.3644,-70.3672,3892,11073,6422,58.0,True,papa,3.3,36,-0.5,-10.3,0.0,99,3.7,6,4,heladas_invernales,1.3,0,medio
2024-06-11,2024-06-11T05:00,Puno,Lampa,Lampa,210701,-15.3644,-70.3672,3892,11073,6422,58.0,True,papa,2.9,37,-0.9,-10.2,0.0,91,3.9,6,5,heladas_invernales,1.3,0,medio
2024-06-11,2024-06-11T06:00,Puno,Lampa,Lampa,210701,-15.3644,-70.3672,3892,11073,6422,58.0,True,papa,1.3,44,-2.7,-9.6,0.0,83,5.2,6,6,heladas_invernales,1.3,0,medio
2024-06-11,2024-06-11T07:00,Puno,Lampa,Lampa,210701,-15.3644,-70.3672,3892,11073,6422,58.0,True,papa,2.4,47,-1.4,-7.7,0.0,100,4.8,6,7,heladas_invernales,1.3,0,medio
2024-06-11,2024-06-11T08:00,Puno,Lampa,Lampa,210701,-15.3644,-70.3672,3892,11073,6422,58.0,True,papa,5.8,32,2.1,-9.8,0.0,45,2.9,6,8,heladas_invernales,1.3,0,medio
2024-06-11,2024-06-11T09:00,Puno,Lampa,Lampa,210701,-15.3644,-70.3672,3892,11073,6422,58.0,True,papa,9.0,31,5.9,-7.3,0.0,39,0.8,6,9,heladas_invernales,1.3,0,medio
2024-06-11,2024-06-11T10:00,Puno,Lampa,Lampa,210701,-15.3644,-70.3672,3892,11073,6422,58.0,True,papa,10.8,37,8.3,-3.3,0.0,47,5.2,6,10,heladas_invernales,1.3,0,medio
2024-06-11,2024-06-11T11:00,Puno,Lampa,Lampa,210701,-15.3644,-70.3672,3892,11073,6422,58.0,True,papa,12.2,34,10.3,-3.3,0.0,6,6.2,6,11,heladas_invernales,1.3,0,medio
2024-06-11,2024-06-11T12:00,Puno,Lampa,Lampa,210701,-15.3644,-70.3672,3892,11073,6422,58.0,True,papa,13.5,27,11.9,-5.2,0.0,3,4.9,6,12,heladas_invernales,1.3,0,medio
2024-06-11,2024-06-11T13:00,Puno,Lampa,Lampa,210701,-15.3644,-70.3672,3892,11073,6422,58.0,True,papa,14.6,24,13.1,-5.9,0.0,24,3.4,6,13,heladas_invernales,1.3,0,medio
2024-06-11,2024-06-11T14:00,Puno,Lampa,Lampa,210701,-15.3644,-70.3672,3892,11073,6422,58.0,True,papa,15.5,22,13.2,-6.3,0.0,72,4.1,6,14,heladas_invernales,1.3,0,medio
2024-06-11,2024-06-11T15:00,Puno,Lampa,Lampa,210701,-15.3644,-70.3672,3892,11073,6422,58.0,True,papa,15.9,20,12.2,-7.2,0.0,73,5.8,6,15,heladas_invernales,1.3,0,medio
2024-06-11,2024-06-11T16:00,Puno,Lampa,Lampa,210701,-15.3644,-70.3672,3892,11073,6422,58.0,True,papa,15.9,19,11.7,-7.9,0.0,66,8.1,6,16,heladas_invernales,1.3,0,medio
2024-06-11,2024-06-11T17:00,Puno,Lampa,Lampa,210701,-15.3644,-70.3672,3892,11073,6422,58.0,True,papa,15.0,21,10.6,-7.2,0.0,93,9.8,6,17,heladas_invernales,1.3,0,medio
2024-06-11,2024-06-11T18:00,Puno,Lampa,Lampa,210701,-15.3644,-70.3672,3892,11073,6422,58.0,True,papa,12.2,34,8.0,-3.2,0.0,60,11.5,6,18,heladas_invernales,1.3,0,medio
2024-06-11,2024-06-11T19:00,Puno,Lampa,Lampa,210701,-15.3644,-70.3672,3892,11073,6422,58.0,True,papa,9.9,51,6.9,0.1,0.0,22,5.6,6,19,heladas_invernales,1.3,0,medio
2024-06-11,2024-06-11T20:00,Puno,Lampa,Lampa,210701,-15.3644,-70.3672,3892,11073,6422,58.0,True,papa,8.6,53,5.7,-0.4,0.0,32,4.5,6,20,heladas_invernales,1.3,0,medio
2024-06-11,2024-06-11T21:00,Puno,Lampa,Lampa,210701,-15.3644,-70.3672,3892,11073,6422,58.0,True,papa,8.1,50,5.1,-1.6,0.0,97,4.6,6,21,heladas_invernales,1.3,0,medio
2024-06-11,2024-06-11T22:00,Puno,Lampa,Lampa,210701,-15.3644,-70.3672,3892,11073,6422,58.0,True,papa,7.8,46,4.7,-3.0,0.0,100,4.2,6,22,heladas_invernales,1.3,0,medio
2024-06-11,2024-06-11T23:00,Puno,Lampa,Lampa,210701,-15.3644,-70.3672,3892,11073,6422,58.0,True,papa,7.4,44,4.1,-4.1,0.0,98,4.3,6,23,heladas_invernales,1.3,0,medio
2024-06-12,2024-06-12T00:00,Puno,Lampa,Lampa,210701,-15.3644,-70.3672,3892,11073,6422,58.0,True,papa,7.1,41,3.7,-5.3,0.0,34,3.9,6,0,heladas_invernales,2.0,0,medio
2024-06-12,2024-06-12T01:00,Puno,Lampa,Lampa,210701,-15.3644,-70.3672,3892,11073,6422,58.0,True,papa,6.8,40,3.5,-5.9,0.0,0,2.9,6,1,heladas_invernales,2.0,0,medio
2024-06-12,2024-06-12T02:00,Puno,Lampa,Lampa,210701,-15.3644,-70.3672,3892,11073,6422,58.0,True,papa,6.7,39,3.4,-6.2,0.0,58,2.6,6,2,heladas_invernales,2.0,0,medio
2024-06-12,2024-06-12T03:00,Puno,Lampa,Lampa,210701,-15.3644,-70.3672,3892,11073,6422,58.0,True,papa,6.1,40,2.7,-6.4,0.0,70,3.4,6,3,heladas_invernales,2.0,0,medio
2024-06-12,2024-06-12T04:00,Puno,Lampa,Lampa,210701,-15.3644,-70.3672,3892,11073,6422,58.0,True,papa,5.4,41,1.8,-6.9,0.0,70,4.5,6,4,heladas_invernales,2.0,0,medio
2024-06-12,2024-06-12T05:00,Puno,Lampa,Lampa,210701,-15.3644,-70.3672,3892,11073,6422,58.0,True,papa,3.2,47,-0.6,-6.9,0.0,14,5.3,6,5,heladas_invernales,2.0,0,medio
2024-06-12,2024-06-12T06:00,Puno,Lampa,Lampa,210701,-15.3644,-70.3672,3892,11073,6422,58.0,True,papa,2.0,52,-1.8,-7.0,0.0,35,5.2,6,6,heladas_invernales,2.0,0,medio
2024-06-12,2024-06-12T07:00,Puno,Lampa,Lampa,210701,-15.3644,-70.3672,3892,11073,6422,58.0,True,papa,3.0,51,-0.7,-6.2,0.0,33,5.2,6,7,heladas_invernales,2.0,0,medio
2024-06-12,2024-06-12T08:00,Puno,Lampa,Lampa,210701,-15.3644,-70.3672,3892,11073,6422,58.0,True,papa,6.3,41,3.0,-6.2,0.0,33,2.9,6,8,heladas_invernales,2.0,0,medio
2024-06-12,2024-06-12T09:00,Puno,Lampa,Lampa,210701,-15.3644,-70.3672,3892,11073,6422,58.0,True,papa,9.4,33,6.3,-5.9,0.0,5,1.9,6,9,heladas_invernales,2.0,0,medio
2024-06-12,2024-06-12T10:00,Puno,Lampa,Lampa,210701,-15.3644,-70.3672,3892,11073,6422,58.0,True,papa,11.8,31,9.6,-5.0,0.0,1,2.6,6,10,heladas_invernales,2.0,0,medio
2024-06-12,2024-06-12T11:00,Puno,Lampa,Lampa,210701,-15.3644,-70.3672,3892,11073,6422,58.0,True,papa,13.7,26,12.1,-5.5,0.0,57,3.3,6,11,heladas_invernales,2.0,0,medio
2024-06-12,2024-06-12T12:00,Puno,Lampa,Lampa,210701,-15.3644,-70.3672,3892,11073,6422,58.0,True,papa,15.1,22,13.6,-6.6,0.0,0,3.6,6,12,heladas_invernales,2.0,0,medio
2024-06-12,2024-06-12T13:00,Puno,Lampa,Lampa,210701,-15.3644,-70.3672,3892,11073,6422,58.0,True,papa,16.0,19,14.4,-7.3,0.0,19,3.1,6,13,heladas_invernales,2.0,0,medio
2024-06-12,2024-06-12T14:00,Puno,Lampa,Lampa,210701,-15.3644,-70.3672,3892,11073,6422,58.0,True,papa,16.6,19,14.2,-7.3,0.0,74,4.0,6,14,heladas_invernales,2.0,0,medio
2024-06-12,2024-06-12T15:00,Puno,Lampa,Lampa,210701,-15.3644,-70.3672,3892,11073,6422,58.0,True,papa,16.8,19,13.3,-7.2,0.0,97,4.7,6,15,heladas_invernales,2.0,0,medio
2024-06-12,2024-06-12T16:00,Puno,Lampa,Lampa,210701,-15.3644,-70.3672,3892,11073,6422,58.0,True,papa,16.6,19,12.7,-7.4,0.0,38,5.9,6,16,heladas_invernales,2.0,0,medio
2024-06-12,2024-06-12T17:00,Puno,Lampa,Lampa,210701,-15.3644,-70.3672,3892,11073,6422,58.0,True,papa,16.0,20,11.8,-6.8,0.0,2,8.9,6,17,heladas_invernales,2.0,0,medio
2024-06-12,2024-06-12T18:00,Puno,Lampa,Lampa,210701,-15.3644,-70.3672,3892,11073,6422,58.0,True,papa,13.0,41,10.1,0.1,0.0,1,5.7,6,18,heladas_invernales,2.0,0,medio
2024-06-12,2024-06-12T19:00,Puno,Lampa,Lampa,210701,-15.3644,-70.3672,3892,11073,6422,58.0,True,papa,11.6,43,8.4,-0.4,0.0,3,7.6,6,19,heladas_invernales,2.0,0,medio
2024-06-12,2024-06-12T20:00,Puno,Lampa,Lampa,210701,-15.3644,-70.3672,3892,11073,6422,58.0,True,papa,9.2,47,5.7,-1.4,0.0,4,8.4,6,20,heladas_invernales,2.0,0,medio
2024-06-12,2024-06-12T21:00,Puno,Lampa,Lampa,210701,-15.3644,-70.3672,3892,11073,6422,58.0,True,papa,8.1,57,5.4,0.1,0.0,17,4.1,6,21,heladas_invernales,2.0,0,medio
2024-06-12,2024-06-12T22:00,Puno,Lampa,Lampa,210701,-15.3644,-70.3672,3892,11073,6422,58.0,True,papa,8.6,51,6.1,-0.9,0.0,2,1.1,6,22,heladas_invernales,2.0,0,medio
2024-06-12,2024-06-12T23:00,Puno,Lampa,Lampa,210701,-15.3644,-70.3672,3892,11073,6422,58.0,True,papa,8.0,52,5.3,-1.3,0.0,0,2.9,6,23,heladas_invernales,2.0,0,medio
2024-06-13,2024-06-13T00:00,Puno,Lampa,Lampa,210701,-15.3644,-70.3672,3892,11073,6422,58.0,True,papa,6.9,51,3.8,-2.6,0.0,0,4.3,6,0,heladas_invernales,3.5,0,bajo
2024-06-13,2024-06-13T01:00,Puno,Lampa,Lampa,210701,-15.3644,-70.3672,3892,11073,6422,58.0,True,papa,4.9,54,1.6,-3.6,0.0,7,5.0,6,1,heladas_invernales,3.5,0,bajo
2024-06-13,2024-06-13T02:00,Puno,Lampa,Lampa,210701,-15.3644,-70.3672,3892,11073,6422,58.0,True,papa,3.5,55,-0.1,-4.7,0.0,0,5.7,6,2,heladas_invernales,3.5,0,bajo
2024-06-13,2024-06-13T03:00,Puno,Lampa,Lampa,210701,-15.3644,-70.3672,3892,11073,6422,58.0,True,papa,5.0,42,1.4,-6.9,0.0,57,4.3,6,3,heladas_invernales,3.5,0,bajo
2024-06-13,2024-06-13T04:00,Puno,Lampa,Lampa,210701,-15.3644,-70.3672,3892,11073,6422,58.0,True,papa,5.2,39,1.9,-7.5,0.0,81,1.8,6,4,heladas_invernales,3.5,0,bajo
2024-06-13,2024-06-13T05:00,Puno,Lampa,Lampa,210701,-15.3644,-70.3672,3892,11073,6422,58.0,True,papa,5.2,39,1.7,-7.6,0.0,100,2.8,6,5,heladas_invernales,3.5,0,bajo
2024-06-13,2024-06-13T06:00,Puno,Lampa,Lampa,210701,-15.3644,-70.3672,3892,11073,6422,58.0,True,papa,4.9,40,1.3,-7.7,0.0,94,4.1,6,6,heladas_invernales,3.5,0,bajo
2024-06-13,2024-06-13T07:00,Puno,Lampa,Lampa,210701,-15.3644,-70.3672,3892,11073,6422,58.0,True,papa,3.7,58,0.4,-3.9,0.0,100,4.7,6,7,heladas_invernales,3.5,0,bajo
2024-06-13,2024-06-13T08:00,Puno,Lampa,Lampa,210701,-15.3644,-70.3672,3892,11073,6422,58.0,True,papa,7.2,41,4.1,-5.3,0.0,100,1.8,6,8,heladas_invernales,3.5,0,bajo
2024-06-13,2024-06-13T09:00,Puno,Lampa,Lampa,210701,-15.3644,-70.3672,3892,11073,6422,58.0,True,papa,9.9,34,6.7,-5.4,0.0,99,2.7,6,9,heladas_invernales,3.5,0,bajo
2024-06-13,2024-06-13T10:00,Puno,Lampa,Lampa,210701,-15.3644,-70.3672,3892,11073,6422,58.0,True,papa,12.1,31,9.3,-4.6,0.0,97,5.4,6,10,heladas_invernales,3.5,0,bajo
2024-06-13,2024-06-13T11:00,Puno,Lampa,Lampa,210701,-15.3644,-70.3672,3892,11073,6422,58.0,True,papa,14.1,27,11.8,-4.8,0.0,99,7.8,6,11,heladas_invernales,3.5,0,bajo
2024-06-13,2024-06-13T12:00,Puno,Lampa,Lampa,210701,-15.3644,-70.3672,3892,11073,6422,58.0,True,papa,15.9,22,13.8,-5.8,0.0,99,7.4,6,12,heladas_invernales,3.5,0,bajo
2024-06-13,2024-06-13T13:00,Puno,Lampa,Lampa,210701,-15.3644,-70.3672,3892,11073,6422,58.0,True,papa,17.2,19,14.9,-6.8,0.0,99,6.6,6,13,heladas_invernales,3.5,0,bajo
2024-06-13,2024-06-13T14:00,Puno,Lampa,Lampa,210701,-15.3644,-70.3672,3892,11073,6422,58.0,True,papa,18.0,17,14.7,-7.3,0.0,98,9.0,6,14,heladas_invernales,3.5,0,bajo
2024-06-13,2024-06-13T15:00,Puno,Lampa,Lampa,210701,-15.3644,-70.3672,3892,11073,6422,58.0,True,papa,18.1,16,13.5,-7.9,0.0,100,11.9,6,15,heladas_invernales,3.5,0,bajo
2024-06-13,2024-06-13T16:00,Puno,Lampa,Lampa,210701,-15.3644,-70.3672,3892,11073,6422,58.0,True,papa,17.5,16,11.4,-8.6,0.0,100,20.6,6,16,heladas_invernales,3.5,0,bajo
2024-06-13,2024-06-13T17:00,Puno,Lampa,Lampa,210701,-15.3644,-70.3672,3892,11073,6422,58.0,True,papa,16.2,17,10.6,-8.6,0.0,100,16.8,6,17,heladas_invernales,3.5,0,bajo
2024-06-13,2024-06-13T18:00,Puno,Lampa,Lampa,210701,-15.3644,-70.3672,3892,11073,6422,58.0,True,papa,14.1,20,8.6,-8.3,0.0,96,16.6,6,18,heladas_invernales,3.5,0,bajo
2024-06-13,2024-06-13T19:00,Puno,Lampa,Lampa,210701,-15.3644,-70.3672,3892,11073,6422,58.0,True,papa,12.1,24,6.4,-8.1,0.0,61,17.3,6,19,heladas_invernales,3.5,0,bajo
2024-06-13,2024-06-13T20:00,Puno,Lampa,Lampa,210701,-15.3644,-70.3672,3892,11073,6422,58.0,True,papa,9.2,34,5.1,-5.7,0.0,41,8.7,6,20,heladas_invernales,3.5,0,bajo
2024-06-13,2024-06-13T21:00,Puno,Lampa,Lampa,210701,-15.3644,-70.3672,3892,11073,6422,58.0,True,papa,7.8,39,3.5,-5.4,0.0,35,10.1,6,21,heladas_invernales,3.5,0,bajo
2024-06-13,2024-06-13T22:00,Puno,Lampa,Lampa,210701,-15.3644,-70.3672,3892,11073,6422,58.0,True,papa,5.8,53,2.4,-3.0,0.0,88,6.5,6,22,heladas_invernales,3.5,0,bajo
2024-06-13,2024-06-13T23:00,Puno,Lampa,Lampa,210701,-15.3644,-70.3672,3892,11073,6422,58.0,True,papa,7.1,39,3.8,-5.8,0.0,78,2.9,6,23,heladas_invernales,3.5,0,bajo
2024-06-14,2024-06-14T00:00,Puno,Lampa,Lampa,210701,-15.3644,-70.3672,3892,11073,6422,58.0,True,papa,6.2,42,2.9,-5.8,0.0,90,3.6,6,0,heladas_invernales,-0.4,1,alto
2024-06-14,2024-06-14T01:00,Puno,Lampa,Lampa,210701,-15.3644,-70.3672,3892,11073,6422,58.0,True,papa,4.9,47,1.5,-5.4,0.0,60,4.5,6,1,heladas_invernales,-0.4,1,alto
2024-06-14,2024-06-14T02:00,Puno,Lampa,Lampa,210701,-15.3644,-70.3672,3892,11073,6422,58.0,True,papa,3.7,51,0.2,-5.5,0.0,99,4.8,6,2,heladas_invernales,-0.4,1,alto
2024-06-14,2024-06-14T03:00,Puno,Lampa,Lampa,210701,-15.3644,-70.3672,3892,11073,6422,58.0,True,papa,3.5,49,-0.0,-6.2,0.0,100,4.5,6,3,heladas_invernales,-0.4,1,alto
2024-06-14,2024-06-14T04:00,Puno,Lampa,Lampa,210701,-15.3644,-70.3672,3892,11073,6422,58.0,True,papa,2.0,54,-1.5,-6.4,0.0,76,4.5,6,4,heladas_invernales,-0.4,1,alto
2024-06-14,2024-06-14T05:00,Puno,Lampa,Lampa,210701,-15.3644,-70.3672,3892,11073,6422,58.0,True,papa,0.1,62,-3.6,-6.3,0.0,87,5.1,6,5,heladas_invernales,-0.4,1,alto
2024-06-14,2024-06-14T06:00,Puno,Lampa,Lampa,210701,-15.3644,-70.3672,3892,11073,6422,58.0,True,papa,-0.4,62,-4.1,-6.8,0.0,45,4.7,6,6,heladas_invernales,-0.4,1,alto
2024-06-14,2024-06-14T07:00,Puno,Lampa,Lampa,210701,-15.3644,-70.3672,3892,11073,6422,58.0,True,papa,1.1,54,-2.4,-7.1,0.0,48,4.0,6,7,heladas_invernales,-0.4,1,alto
2024-06-14,2024-06-14T08:00,Puno,Lampa,Lampa,210701,-15.3644,-70.3672,3892,11073,6422,58.0,True,papa,4.8,47,1.6,-5.6,0.0,0,2.0,6,8,heladas_invernales,-0.4,1,alto
2024-06-14,2024-06-14T09:00,Puno,Lampa,Lampa,210701,-15.3644,-70.3672,3892,11073,6422,58.0,True,papa,8.1,37,4.8,-5.8,0.0,0,2.8,6,9,heladas_invernales,-0.4,1,alto
2024-06-14,2024-06-14T10:00,Puno,Lampa,Lampa,210701,-15.3644,-70.3672,3892,11073,6422,58.0,True,papa,10.4,30,7.7,-6.6,0.0,0,4.8,6,10,heladas_invernales,-0.4,1,alto
2024-06-14,2024-06-14T11:00,Puno,Lampa,Lampa,210701,-15.3644,-70.3672,3892,11073,6422,58.0,True,papa,12.1,26,10.1,-6.8,0.0,0,5.4,6,11,heladas_invernales,-0.4,1,alto
2024-06-14,2024-06-14T12:00,Puno,Lampa,Lampa,210701,-15.3644,-70.3672,3892,11073,6422,58.0,True,papa,13.7,24,11.6,-6.6,0.0,0,7.4,6,12,heladas_invernales,-0.4,1,alto
2024-06-14,2024-06-14T13:00,Puno,Lampa,Lampa,210701,-15.3644,-70.3672,3892,11073,6422,58.0,True,papa,15.1,22,12.3,-6.4,0.0,0,10.0,6,13,heladas_invernales,-0.4,1,alto
2024-06-14,2024-06-14T14:00,Puno,Lampa,Lampa,210701,-15.3644,-70.3672,3892,11073,6422,58.0,True,papa,16.2,20,12.8,-6.7,0.0,0,11.2,6,14,heladas_invernales,-0.4,1,alto
2024-06-14,2024-06-14T15:00,Puno,Lampa,Lampa,210701,-15.3644,-70.3672,3892,11073,6422,58.0,True,papa,17.0,17,12.7,-8.2,0.0,0,9.8,6,15,heladas_invernales,-0.4,1,alto
2024-06-14,2024-06-14T16:00,Puno,Lampa,Lampa,210701,-15.3644,-70.3672,3892,11073,6422,58.0,True,papa,17.0,13,12.9,-11.5,0.0,0,5.1,6,16,heladas_invernales,-0.4,1,alto
2024-06-14,2024-06-14T17:00,Puno,Lampa,Lampa,210701,-15.3644,-70.3672,3892,11073,6422,58.0,True,papa,15.9,15,10.5,-10.6,0.0,0,14.5,6,17,heladas_invernales,-0.4,1,alto
2024-06-14,2024-06-14T18:00,Puno,Lampa,Lampa,210701,-15.3644,-70.3672,3892,11073,6422,58.0,True,papa,12.1,30,7.6,-5.2,0.0,0,11.8,6,18,heladas_invernales,-0.4,1,alto
2024-06-14,2024-06-14T19:00,Puno,Lampa,Lampa,210701,-15.3644,-70.3672,3892,11073,6422,58.0,True,papa,9.8,44,6.3,-1.8,0.0,0,7.9,6,19,heladas_invernales,-0.4,1,alto
2024-06-14,2024-06-14T20:00,Puno,Lampa,Lampa,210701,-15.3644,-70.3672,3892,11073,6422,58.0,True,papa,8.1,46,4.6,-2.8,0.0,0,6.6,6,20,heladas_invernales,-0.4,1,alto
2024-06-14,2024-06-14T21:00,Puno,Lampa,Lampa,210701,-15.3644,-70.3672,3892,11073,6422,58.0,True,papa,8.8,35,5.3,-5.8,0.0,0,3.9,6,21,heladas_invernales,-0.4,1,alto
2024-06-14,2024-06-14T22:00,Puno,Lampa,Lampa,210701,-15.3644,-70.3672,3892,11073,6422,58.0,True,papa,8.0,37,4.8,-6.0,0.0,0,2.2,6,22,heladas_invernales,-0.4,1,alto
2024-06-14,2024-06-14T23:00,Puno,Lampa,Lampa,210701,-15.3644,-70.3672,3892,11073,6422,58.0,True,papa,6.4,37,2.8,-7.2,0.0,0,4.1,6,23,heladas_invernales,-0.4,1,alto
2024-06-01,2024-06-01T00:00,Puno,Melgar,Ayaviri,210801,-14.8808,-70.5889,3925,22871,7319,32.0,True,papa,6.8,32,3.0,-8.9,0.0,0,4.0,6,0,heladas_invernales,3.8,0,bajo
2024-06-01,2024-06-01T01:00,Puno,Melgar,Ayaviri,210801,-14.8808,-70.5889,3925,22871,7319,32.0,True,papa,6.3,33,2.6,-8.8,0.0,0,4.1,6,1,heladas_invernales,3.8,0,bajo
2024-06-01,2024-06-01T02:00,Puno,Melgar,Ayaviri,210801,-14.8808,-70.5889,3925,22871,7319,32.0,True,papa,5.8,35,2.1,-8.5,0.0,0,3.4,6,2,heladas_invernales,3.8,0,bajo
2024-06-01,2024-06-01T03:00,Puno,Melgar,Ayaviri,210801,-14.8808,-70.5889,3925,22871,7319,32.0,True,papa,5.6,36,2.0,-8.4,0.0,0,3.0,6,3,heladas_invernales,3.8,0,bajo
2024-06-01,2024-06-01T04:00,Puno,Melgar,Ayaviri,210801,-14.8808,-70.5889,3925,22871,7319,32.0,True,papa,5.1,37,1.6,-8.4,0.0,0,2.4,6,4,heladas_invernales,3.8,0,bajo
2024-06-01,2024-06-01T05:00,Puno,Melgar,Ayaviri,210801,-14.8808,-70.5889,3925,22871,7319,32.0,True,papa,4.6,39,1.0,-8.4,0.0,0,3.4,6,5,heladas_invernales,3.8,0,bajo
2024-06-01,2024-06-01T06:00,Puno,Melgar,Ayaviri,210801,-14.8808,-70.5889,3925,22871,7319,32.0,True,papa,3.8,41,0.1,-8.4,0.0,0,4.2,6,6,heladas_invernales,3.8,0,bajo
2024-06-01,2024-06-01T07:00,Puno,Melgar,Ayaviri,210801,-14.8808,-70.5889,3925,22871,7319,32.0,True,papa,3.8,45,0.2,-7.1,0.0,0,3.9,6,7,heladas_invernales,3.8,0,bajo
2024-06-01,2024-06-01T08:00,Puno,Melgar,Ayaviri,210801,-14.8808,-70.5889,3925,22871,7319,32.0,True,papa,5.8,41,2.4,-6.4,0.0,0,3.3,6,8,heladas_invernales,3.8,0,bajo
2024-06-01,2024-06-01T09:00,Puno,Melgar,Ayaviri,210801,-14.8808,-70.5889,3925,22871,7319,32.0,True,papa,8.4,33,4.9,-6.9,0.0,0,3.4,6,9,heladas_invernales,3.8,0,bajo
2024-06-01,2024-06-01T10:00,Puno,Melgar,Ayaviri,210801,-14.8808,-70.5889,3925,22871,7319,32.0,True,papa,10.6,28,8.4,-7.3,0.0,0,2.4,6,10,heladas_invernales,3.8,0,bajo
2024-06-01,2024-06-01T11:00,Puno,Melgar,Ayaviri,210801,-14.8808,-70.5889,3925,22871,7319,32.0,True,papa,12.3,23,10.8,-8.2,0.0,0,2.6,6,11,heladas_invernales,3.8,0,bajo
2024-06-01,2024-06-01T12:00,Puno,Melgar,Ayaviri,210801,-14.8808,-70.5889,3925,22871,7319,32.0,True,papa,13.7,21,12.4,-8.4,0.0,0,3.4,6,12,heladas_invernales,3.8,0,bajo
2024-06-01,2024-06-01T13:00,Puno,Melgar,Ayaviri,210801,-14.8808,-70.5889,3925,22871,7319,32.0,True,papa,14.7,19,12.8,-8.8,0.0,0,5.2,6,13,heladas_invernales,3.8,0,bajo
2024-06-01,2024-06-01T14:00,Puno,Melgar,Ayaviri,210801,-14.8808,-70.5889,3925,22871,7319,32.0,True,papa,15.2,17,12.6,-9.8,0.0,0,5.5,6,14,heladas_invernales,3.8,0,bajo
2024-06-01,2024-06-01T15:00,Puno,Melgar,Ayaviri,210801,-14.8808,-70.5889,3925,22871,7319,32.0,True,papa,15.3,13,11.3,-12.8,0.0,0,6.4,6,15,heladas_invernales,3.8,0,bajo
2024-06-01,2024-06-01T16:00,Puno,Melgar,Ayaviri,210801,-14.8808,-70.5889,3925,22871,7319,32.0,True,papa,14.9,11,10.3,-15.8,0.0,0,6.8,6,16,heladas_invernales,3.8,0,bajo
2024-06-01,2024-06-01T17:00,Puno,Melgar,Ayaviri,210801,-14.8808,-70.5889,3925,22871,7319,32.0,True,papa,12.9,18,8.7,-10.9,0.0,0,6.2,6,17,heladas_invernales,3.8,0,bajo
2024-06-01,2024-06-01T18:00,Puno,Melgar,Ayaviri,210801,-14.8808,-70.5889,3925,22871,7319,32.0,True,papa,13.4,11,8.8,-16.4,0.0,2,5.9,6,18,heladas_invernales,3.8,0,bajo
2024-06-01,2024-06-01T19:00,Puno,Melgar,Ayaviri,210801,-14.8808,-70.5889,3925,22871,7319,32.0,True,papa,12.6,13,8.5,-15.4,0.0,2,2.9,6,19,heladas_invernales,3.8,0,bajo
2024-06-01,2024-06-01T20:00,Puno,Melgar,Ayaviri,210801,-14.8808,-70.5889,3925,22871,7319,32.0,True,papa,8.3,25,3.7,-10.4,0.0,0,9.2,6,20,heladas_invernales,3.8,0,bajo
2024-06-01,2024-06-01T21:00,Puno,Melgar,Ayaviri,210801,-14.8808,-70.5889,3925,22871,7319,32.0,True,papa,10.5,20,6.2,-11.9,0.0,0,6.5,6,21,heladas_invernales,3.8,0,bajo
2024-06-01,2024-06-01T22:00,Puno,Melgar,Ayaviri,210801,-14.8808,-70.5889,3925,22871,7319,32.0,True,papa,9.1,21,5.4,-12.3,0.0,0,2.5,6,22,heladas_invernales,3.8,0,bajo
2024-06-01,2024-06-01T23:00,Puno,Melgar,Ayaviri,210801,-14.8808,-70.5889,3925,22871,7319,32.0,True,papa,8.1,22,4.5,-12.4,0.0,0,1.0,6,23,heladas_invernales,3.8,0,bajo
2024-06-02,2024-06-02T00:00,Puno,Melgar,Ayaviri,210801,-14.8808,-70.5889,3925,22871,7319,32.0,True,papa,7.3,23,3.8,-12.4,0.0,0,1.1,6,0,heladas_invernales,2.8,0,medio
2024-06-02,2024-06-02T01:00,Puno,Melgar,Ayaviri,210801,-14.8808,-70.5889,3925,22871,7319,32.0,True,papa,6.8,24,3.0,-12.4,0.0,0,2.1,6,1,heladas_invernales,2.8,0,medio
2024-06-02,2024-06-02T02:00,Puno,Melgar,Ayaviri,210801,-14.8808,-70.5889,3925,22871,7319,32.0,True,papa,5.8,28,1.7,-11.4,0.0,0,4.8,6,2,heladas_invernales,2.8,0,medio
2024-06-02,2024-06-02T03:00,Puno,Melgar,Ayaviri,210801,-14.8808,-70.5889,3925,22871,7319,32.0,True,papa,5.2,30,1.5,-11.1,0.0,0,2.6,6,3,heladas_invernales,2.8,0,medio
2024-06-02,2024-06-02T04:00,Puno,Melgar,Ayaviri,210801,-14.8808,-70.5889,3925,22871,7319,32.0,True,papa,4.9,30,1.2,-11.3,0.0,0,2.3,6,4,heladas_invernales,2.8,0,medio
2024-06-02,2024-06-02T05:00,Puno,Melgar,Ayaviri,210801,-14.8808,-70.5889,3925,22871,7319,32.0,True,papa,4.6,31,0.8,-11.2,0.0,0,2.6,6,5,heladas_invernales,2.8,0,medio
2024-06-02,2024-06-02T06:00,Puno,Melgar,Ayaviri,210801,-14.8808,-70.5889,3925,22871,7319,32.0,True,papa,4.1,33,0.2,-10.9,0.0,0,3.6,6,6,heladas_invernales,2.8,0,medio
2024-06-02,2024-06-02T07:00,Puno,Melgar,Ayaviri,210801,-14.8808,-70.5889,3925,22871,7319,32.0,True,papa,2.8,57,-0.6,-4.9,0.0,0,4.3,6,7,heladas_invernales,2.8,0,medio
2024-06-02,2024-06-02T08:00,Puno,Melgar,Ayaviri,210801,-14.8808,-70.5889,3925,22871,7319,32.0,True,papa,5.8,38,2.2,-7.6,0.0,0,3.2,6,8,heladas_invernales,2.8,0,medio
2024-06-02,2024-06-02T09:00,Puno,Melgar,Ayaviri,210801,-14.8808,-70.5889,3925,22871,7319,32.0,True,papa,8.4,35,5.4,-6.1,0.0,0,1.1,6,9,heladas_invernales,2.8,0,medio
2024-06-02,2024-06-02T10:00,Puno,Melgar,Ayaviri,210801,-14.8808,-70.5889,3925,22871,7319,32.0,True,papa,10.9,31,8.9,-5.8,0.0,8,2.0,6,10,heladas_invernales,2.8,0,medio
2024-06-02,2024-06-02T11:00,Puno,Melgar,Ayaviri,210801,-14.8808,-70.5889,3925,22871,7319,32.0,True,papa,13.1,24,11.7,-7.3,0.0,11,2.1,6,11,heladas_invernales,2.8,0,medio
2024-06-02,2024-06-02T12:00,Puno,Melgar,Ayaviri,210801,-14.8808,-70.5889,3925,22871,7319,32.0,True,papa,14.6,19,13.5,-8.8,0.0,18,1.6,6,12,heladas_invernales,2.8,0,medio
2024-06-02,2024-06-02T13:00,Puno,Melgar,Ayaviri,210801,-14.8808,-70.5889,3925,22871,7319,32.0,True,papa,15.4,16,14.1,-10.2,0.0,51,1.5,6,13,heladas_invernales,2.8,0,medio
2024-06-02,2024-06-02T14:00,Puno,Melgar,Ayaviri,210801,-14.8808,-70.5889,3925,22871,7319,32.0,True,papa,15.8,14,13.6,-11.5,0.0,59,2.3,6,14,heladas_invernales,2.8,0,medio
2024-06-02,2024-06-02T15:00,Puno,Melgar,Ayaviri,210801,-14.8808,-70.5889,3925,22871,7319,32.0,True,papa,15.8,13,12.1,-12.9,0.0,32,4.5,6,15,heladas_invernales,2.8,0,medio
2024-06-02,2024-06-02T16:00,Puno,Melgar,Ayaviri,210801,-14.8808,-70.5889,3925,22871,7319,32.0,True,papa,15.4,11,11.0,-15.2,0.0,20,5.4,6,16,heladas_invernales,2.8,0,medio
2024-06-02,2024-06-02T17:00,Puno,Melgar,Ayaviri,210801,-14.8808,-70.5889,3925,22871,7319,32.0,True,papa,14.9,11,10.7,-15.6,0.0,12,4.1,6,17,heladas_invernales,2.8,0,medio
2024-06-02,2024-06-02T18:00,Puno,Melgar,Ayaviri,210801,-14.8808,-70.5889,3925,22871,7319,32.0,True,papa,13.9,12,9.8,-14.8,0.0,18,4.0,6,18,heladas_invernales,2.8,0,medio
2024-06-02,2024-06-02T19:00,Puno,Melgar,Ayaviri,210801,-14.8808,-70.5889,3925,22871,7319,32.0,True,papa,7.8,20,2.6,-13.6,0.0,25,11.4,6,19,heladas_invernales,2.8,0,medio
2024-06-02,2024-06-02T20:00,Puno,Melgar,Ayaviri,210801,-14.8808,-70.5889,3925,22871,7319,32.0,True,papa,7.7,22,2.8,-12.9,0.0,8,10.0,6,20,heladas_invernales,2.8,0,medio
2024-06-02,2024-06-02T21:00,Puno,Melgar,Ayaviri,210801,-14.8808,-70.5889,3925,22871,7319,32.0,True,papa,4.8,32,-0.2,-10.4,0.0,1,12.0,6,21,heladas_invernales,2.8,0,medio
2024-06-02,2024-06-02T22:00,Puno,Melgar,Ayaviri,210801,-14.8808,-70.5889,3925,22871,7319,32.0,True,papa,5.9,31,1.3,-10.1,0.0,0,9.4,6,22,heladas_invernales,2.8,0,medio
2024-06-02,2024-06-02T23:00,Puno,Melgar,Ayaviri,210801,-14.8808,-70.5889,3925,22871,7319,32.0,True,papa,7.9,26,3.7,-10.4,0.0,0,6.2,6,23,heladas_invernales,2.8,0,medio
2024-06-03,2024-06-03T00:00,Puno,Melgar,Ayaviri,210801,-14.8808,-70.5889,3925,22871,7319,32.0,True,papa,7.2,28,3.3,-10.2,0.0,0,4.2,6,0,heladas_invernales,3.5,0,bajo
2024-06-03,2024-06-03T01:00,Puno,Melgar,Ayaviri,210801,-14.8808,-70.5889,3925,22871,7319,32.0,True,papa,6.5,29,2.9,-10.2,0.0,0,2.0,6,1,heladas_invernales,3.5,0,bajo
2024-06-03,2024-06-03T02:00,Puno,Melgar,Ayaviri,210801,-14.8808,-70.5889,3925,22871,7319,32.0,True,papa,5.8,31,2.5,-10.2,0.0,0,0.8,6,2,heladas_invernales,3.5,0,bajo
2024-06-03,2024-06-03T03:00,Puno,Melgar,Ayaviri,210801,-14.8808,-70.5889,3925,22871,7319,32.0,True,papa,5.3,32,1.9,-10.1,0.0,0,1.1,6,3,heladas_invernales,3.5,0,bajo
2024-06-03,2024-06-03T04:00,Puno,Melgar,Ayaviri,210801,-14.8808,-70.5889,3925,22871,7319,32.0,True,papa,4.8,33,1.1,-10.1,0.0,0,3.6,6,4,heladas_invernales,3.5,0,bajo
2024-06-03,2024-06-03T05:00,Puno,Melgar,Ayaviri,210801,-14.8808,-70.5889,3925,22871,7319,32.0,True,papa,4.2,34,0.6,-10.2,0.0,10,2.4,6,5,heladas_invernales,3.5,0,bajo
2024-06-03,2024-06-03T06:00,Puno,Melgar,Ayaviri,210801,-14.8808,-70.5889,3925,22871,7319,32.0,True,papa,3.8,35,0.2,-10.3,0.0,1,1.8,6,6,heladas_invernales,3.5,0,bajo
2024-06-03,2024-06-03T07:00,Puno,Melgar,Ayaviri,210801,-14.8808,-70.5889,3925,22871,7319,32.0,True,papa,4.0,35,0.3,-10.2,0.0,20,2.8,6,7,heladas_invernales,3.5,0,bajo
2024-06-03,2024-06-03T08:00,Puno,Melgar,Ayaviri,210801,-14.8808,-70.5889,3925,22871,7319,32.0,True,papa,6.3,34,2.7,-8.5,0.0,1,2.9,6,8,heladas_invernales,3.5,0,bajo
2024-06-03,2024-06-03T09:00,Puno,Melgar,Ayaviri,210801,-14.8808,-70.5889,3925,22871,7319,32.0,True,papa,9.0,29,5.5,-8.2,0.0,0,2.5,6,9,heladas_invernales,3.5,0,bajo
2024-06-03,2024-06-03T10:00,Puno,Melgar,Ayaviri,210801,-14.8808,-70.5889,3925,22871,7319,32.0,True,papa,11.4,25,9.2,-7.7,0.0,0,2.6,6,10,heladas_invernales,3.5,0,bajo
2024-06-03,2024-06-03T11:00,Puno,Melgar,Ayaviri,210801,-14.8808,-70.5889,3925,22871,7319,32.0,True,papa,13.7,20,11.8,-9.0,0.0,0,4.7,6,11,heladas_invernales,3.5,0,bajo
2024-06-03,2024-06-03T12:00,Puno,Melgar,Ayaviri,210801,-14.8808,-70.5889,3925,22871,7319,32.0,True,papa,15.5,15,13.0,-11.3,0.0,33,8.6,6,12,heladas_invernales,3.5,0,bajo
2024-06-03,2024-06-03T13:00,Puno,Melgar,Ayaviri,210801,-14.8808,-70.5889,3925,22871,7319,32.0,True,papa,16.8,13,13.5,-11.6,0.0,0,12.0,6,13,heladas_invernales,3.5,0,bajo
2024-06-03,2024-06-03T14:00,Puno,Melgar,Ayaviri,210801,-14.8808,-70.5889,3925,22871,7319,32.0,True,papa,17.0,14,13.1,-10.8,0.0,17,11.9,6,14,heladas_invernales,3.5,0,bajo
2024-06-03,2024-06-03T15:00,Puno,Melgar,Ayaviri,210801,-14.8808,-70.5889,3925,22871,7319,32.0,True,papa,16.7,13,12.3,-11.9,0.0,25,8.6,6,15,heladas_invernales,3.5,0,bajo
2024-06-03,2024-06-03T16:00,Puno,Melgar,Ayaviri,210801,-14.8808,-70.5889,3925,22871,7319,32.0,True,papa,16.0,14,11.5,-11.4,0.0,25,8.2,6,16,heladas_invernales,3.5,0,bajo
2024-06-03,2024-06-03T17:00,Puno,Melgar,Ayaviri,210801,-14.8808,-70.5889,3925,22871,7319,32.0,True,papa,12.4,25,8.3,-6.9,0.0,21,7.6,6,17,heladas_invernales,3.5,0,bajo
2024-06-03,2024-06-03T18:00,Puno,Melgar,Ayaviri,210801,-14.8808,-70.5889,3925,22871,7319,32.0,True,papa,10.8,23,6.1,-9.9,0.0,50,9.8,6,18,heladas_invernales,3.5,0,bajo
2024-06-03,2024-06-03T19:00,Puno,Melgar,Ayaviri,210801,-14.8808,-70.5889,3925,22871,7319,32.0,True,papa,7.6,31,2.7,-8.4,0.0,16,11.6,6,19,heladas_invernales,3.5,0,bajo
2024-06-03,2024-06-03T20:00,Puno,Melgar,Ayaviri,210801,-14.8808,-70.5889,3925,22871,7319,32.0,True,papa,6.2,35,1.8,-8.1,0.0,4,9.0,6,20,heladas_invernales,3.5,0,bajo
2024-06-03,2024-06-03T21:00,Puno,Melgar,Ayaviri,210801,-14.8808,-70.5889,3925,22871,7319,32.0,True,papa,5.0,34,0.2,-9.5,0.0,0,10.8,6,21,heladas_invernales,3.5,0,bajo
2024-06-03,2024-06-03T22:00,Puno,Melgar,Ayaviri,210801,-14.8808,-70.5889,3925,22871,7319,32.0,True,papa,5.1,33,0.5,-9.9,0.0,0,9.1,6,22,heladas_invernales,3.5,0,bajo
2024-06-03,2024-06-03T23:00,Puno,Melgar,Ayaviri,210801,-14.8808,-70.5889,3925,22871,7319,32.0,True,papa,3.5,39,-1.0,-9.1,0.0,0,8.7,6,23,heladas_invernales,3.5,0,bajo
2024-06-04,2024-06-04T00:00,Puno,Melgar,Ayaviri,210801,-14.8808,-70.5889,3925,22871,7319,32.0,True,papa,4.1,40,-0.3,-8.2,0.0,0,8.7,6,0,heladas_invernales,3.0,0,medio
2024-06-04,2024-06-04T01:00,Puno,Melgar,Ayaviri,210801,-14.8808,-70.5889,3925,22871,7319,32.0,True,papa,6.2,38,2.3,-7.0,0.0,0,6.0,6,1,heladas_invernales,3.0,0,medio
2024-06-04,2024-06-04T02:00,Puno,Melgar,Ayaviri,210801,-14.8808,-70.5889,3925,22871,7319,32.0,True,papa,5.6,40,2.2,-6.8,0.0,0,2.9,6,2,heladas_invernales,3.0,0,medio
2024-06-04,2024-06-04T03:00,Puno,Melgar,Ayaviri,210801,-14.8808,-70.5889,3925,22871,7319,32.0,True,papa,5.0,42,1.8,-7.0,0.0,0,1.3,6,3,heladas_invernales,3.0,0,medio
2024-06-04,2024-06-04T04:00,Puno,Melgar,Ayaviri,210801,-14.8808,-70.5889,3925,22871,7319,32.0,True,papa,4.7,42,1.5,-7.2,0.0,0,0.8,6,4,heladas_invernales,3.0,0,medio
2024-06-04,2024-06-04T05:00,Puno,Melgar,Ayaviri,210801,-14.8808,-70.5889,3925,22871,7319,32.0,True,papa,4.4,43,1.1,-7.2,0.0,0,1.8,6,5,heladas_invernales,3.0,0,medio
2024-06-04,2024-06-04T06:00,Puno,Melgar,Ayaviri,210801,-14.8808,-70.5889,3925,22871,7319,32.0,True,papa,4.0,43,0.6,-7.4,0.0,0,2.3,6,6,heladas_invernales,3.0,0,medio
2024-06-04,2024-06-04T07:00,Puno,Melgar,Ayaviri,210801,-14.8808,-70.5889,3925,22871,7319,32.0,True,papa,3.0,63,-0.2,-3.3,0.0,0,4.4,6,7,heladas_invernales,3.0,0,medio
2024-06-04,2024-06-04T08:00,Puno,Melgar,Ayaviri,210801,-14.8808,-70.5889,3925,22871,7319,32.0,True,papa,5.7,48,2.3,-4.6,0.0,0,4.3,6,8,heladas_invernales,3.0,0,medio
2024-06-04,2024-06-04T09:00,Puno,Melgar,Ayaviri,210801,-14.8808,-70.5889,3925,22871,7319,32.0,True,papa,8.0,42,4.8,-4.1,0.0,0,3.6,6,9,heladas_invernales,3.0,0,medio
2024-06-04,2024-06-04T10:00,Puno,Melgar,Ayaviri,210801,-14.8808,-70.5889,3925,22871,7319,32.0,True,papa,10.3,37,8.1,-3.9,0.0,0,3.7,6,10,heladas_invernales,3.0,0,medio
2024-06-04,2024-06-04T11:00,Puno,Melgar,Ayaviri,210801,-14.8808,-70.5889,3925,22871,7319,32.0,True,papa,12.4,32,11.1,-3.7,0.0,0,4.0,6,11,heladas_invernales,3.0,0,medio
2024-06-04,2024-06-04T12:00,Puno,Melgar,Ayaviri,210801,-14.8808,-70.5889,3925,22871,7319,32.0,True,papa,14.2,27,13.4,-4.5,0.0,0,2.3,6,12,heladas_invernales,3.0,0,medio
2024-06-04,2024-06-04T13:00,Puno,Melgar,Ayaviri,210801,-14.8808,-70.5889,3925,22871,7319,32.0,True,papa,15.4,22,14.3,-6.2,0.0,0,1.8,6,13,heladas_invernales,3.0,0,medio
2024-06-04,2024-06-04T14:00,Puno,Melgar,Ayaviri,210801,-14.8808,-70.5889,3925,22871,7319,32.0,True,papa,16.0,18,13.7,-8.5,0.0,1,4.1,6,14,heladas_invernales,3.0,0,medio
2024-06-04,2024-06-04T15:00,Puno,Melgar,Ayaviri,210801,-14.8808,-70.5889,3925,22871,7319,32.0,True,papa,16.2,14,12.2,-11.1,0.0,3,6.8,6,15,heladas_invernales,3.0,0,medio
2024-06-04,2024-06-04T16:00,Puno,Melgar,Ayaviri,210801,-14.8808,-70.5889,3925,22871,7319,32.0,True,papa,15.9,12,11.1,-13.3,0.0,2,8.4,6,16,heladas_invernales,3.0,0,medio
2024-06-04,2024-06-04T17:00,Puno,Melgar,Ayaviri,210801,-14.8808,-70.5889,3925,22871,7319,32.0,True,papa,12.1,23,7.8,-8.1,0.0,0,8.7,6,17,heladas_invernales,3.0,0,medio
2024-06-04,2024-06-04T18:00,Puno,Melgar,Ayaviri,210801,-14.8808,-70.5889,3925,22871,7319,32.0,True,papa,9.2,21,4.1,-12.1,0.0,0,12.2,6,18,heladas_invernales,3.0,0,medio
2024-06-04,2024-06-04T19:00,Puno,Melgar,Ayaviri,210801,-14.8808,-70.5889,3925,22871,7319,32.0,True,papa,9.4,20,4.6,-12.3,0.0,0,9.9,6,19,heladas_invernales,3.0,0,medio
2024-06-04,2024-06-04T20:00,Puno,Melgar,Ayaviri,210801,-14.8808,-70.5889,3925,22871,7319,32.0,True,papa,7.2,25,2.4,-11.4,0.0,0,10.4,6,20,heladas_invernales,3.0,0,medio
2024-06-04,2024-06-04T21:00,Puno,Melgar,Ayaviri,210801,-14.8808,-70.5889,3925,22871,7319,32.0,True,papa,5.5,31,0.5,-10.4,0.0,0,11.5,6,21,heladas_invernales,3.0,0,medio
2024-06-04,2024-06-04T22:00,Puno,Melgar,Ayaviri,210801,-14.8808,-70.5889,3925,22871,7319,32.0,True,papa,6.0,29,1.3,-10.6,0.0,0,9.7,6,22,heladas_invernales,3.0,0,medio
2024-06-04,2024-06-04T23:00,Puno,Melgar,Ayaviri,210801,-14.8808,-70.5889,3925,22871,7319,32.0,True,papa,8.1,24,4.1,-11.5,0.0,0,4.2,6,23,heladas_invernales,3.0,0,medio
2024-06-05,2024-06-05T00:00,Puno,Melgar,Ayaviri,210801,-14.8808,-70.5889,3925,22871,7319,32.0,True,papa,7.5,24,3.9,-11.8,0.0,0,1.8,6,0,heladas_invernales,4.0,0,bajo
2024-06-05,2024-06-05T01:00,Puno,Melgar,Ayaviri,210801,-14.8808,-70.5889,3925,22871,7319,32.0,True,papa,7.0,25,3.4,-11.8,0.0,0,1.3,6,1,heladas_invernales,4.0,0,bajo
2024-06-05,2024-06-05T02:00,Puno,Melgar,Ayaviri,210801,-14.8808,-70.5889,3925,22871,7319,32.0,True,papa,6.6,26,3.1,-11.4,0.0,0,0.7,6,2,heladas_invernales,4.0,0,bajo
2024-06-05,2024-06-05T03:00,Puno,Melgar,Ayaviri,210801,-14.8808,-70.5889,3925,22871,7319,32.0,True,papa,6.0,26,2.1,-12.0,0.0,0,3.3,6,3,heladas_invernales,4.0,0,bajo
2024-06-05,2024-06-05T04:00,Puno,Melgar,Ayaviri,210801,-14.8808,-70.5889,3925,22871,7319,32.0,True,papa,5.3,27,1.3,-12.4,0.0,0,3.9,6,4,heladas_invernales,4.0,0,bajo
2024-06-05,2024-06-05T05:00,Puno,Melgar,Ayaviri,210801,-14.8808,-70.5889,3925,22871,7319,32.0,True,papa,4.6,28,0.6,-12.6,0.0,0,3.3,6,5,heladas_invernales,4.0,0,bajo
2024-06-05,2024-06-05T06:00,Puno,Melgar,Ayaviri,210801,-14.8808,-70.5889,3925,22871,7319,32.0,True,papa,4.0,29,0.2,-12.7,0.0,0,1.8,6,6,heladas_invernales,4.0,0,bajo
2024-06-05,2024-06-05T07:00,Puno,Melgar,Ayaviri,210801,-14.8808,-70.5889,3925,22871,7319,32.0,True,papa,4.1,29,0.3,-12.3,0.0,0,2.4,6,7,heladas_invernales,4.0,0,bajo
2024-06-05,2024-06-05T08:00,Puno,Melgar,Ayaviri,210801,-14.8808,-70.5889,3925,22871,7319,32.0,True,papa,5.3,31,1.5,-10.3,0.0,0,3.9,6,8,heladas_invernales,4.0,0,bajo
2024-06-05,2024-06-05T09:00,Puno,Melgar,Ayaviri,210801,-14.8808,-70.5889,3925,22871,7319,32.0,True,papa,7.8,29,4.3,-9.1,0.0,0,2.2,6,9,heladas_invernales,4.0,0,bajo
2024-06-05,2024-06-05T10:00,Puno,Melgar,Ayaviri,210801,-14.8808,-70.5889,3925,22871,7319,32.0,True,papa,10.4,25,8.2,-8.8,0.0,0,1.8,6,10,heladas_invernales,4.0,0,bajo
2024-06-05,2024-06-05T11:00,Puno,Melgar,Ayaviri,210801,-14.8808,-70.5889,3925,22871,7319,32.0,True,papa,12.9,20,10.3,-9.9,0.0,0,7.2,6,11,heladas_invernales,4.0,0,bajo
2024-06-05,2024-06-05T12:00,Puno,Melgar,Ayaviri,210801,-14.8808,-70.5889,3925,22871,7319,32.0,True,papa,14.6,16,11.8,-11.3,0.0,0,9.8,6,12,heladas_invernales,4.0,0,bajo
2024-06-05,2024-06-05T13:00,Puno,Melgar,Ayaviri,210801,-14.8808,-70.5889,3925,22871,7319,32.0,True,papa,15.8,14,12.9,-12.1,0.0,0,9.2,6,13,heladas_invernales,4.0,0,bajo
2024-06-05,2024-06-05T14:00,Puno,Melgar,Ayaviri,210801,-14.8808,-70.5889,3925,22871,7319,32.0,True,papa,16.4,13,12.9,-12.6,0.0,0,8.9,6,14,heladas_invernales,4.0,0,bajo
2024-06-05,2024-06-05T15:00,Puno,Melgar,Ayaviri,210801,-14.8808,-70.5889,3925,22871,7319,32.0,True,papa,16.4,12,11.7,-13.5,0.0,0,10.3,6,15,heladas_invernales,4.0,0,bajo
2024-06-05,2024-06-05T16:00,Puno,Melgar,Ayaviri,210801,-14.8808,-70.5889,3925,22871,7319,32.0,True,papa,15.8,11,10.4,-14.4,0.0,0,12.2,6,16,heladas_invernales,4.0,0,bajo
2024-06-05,2024-06-05T17:00,Puno,Melgar,Ayaviri,210801,-14.8808,-70.5889,3925,22871,7319,32.0,True,papa,13.1,14,8.3,-13.7,0.0,0,9.4,6,17,heladas_invernales,4.0,0,bajo
2024-06-05,2024-06-05T18:00,Puno,Melgar,Ayaviri,210801,-14.8808,-70.5889,3925,22871,7319,32.0,True,papa,10.8,18,5.7,-12.5,0.0,0,11.2,6,18,heladas_invernales,4.0,0,bajo
2024-06-05,2024-06-05T19:00,Puno,Melgar,Ayaviri,210801,-14.8808,-70.5889,3925,22871,7319,32.0,True,papa,9.4,22,4.5,-11.1,0.0,0,11.2,6,19,heladas_invernales,4.0,0,bajo
2024-06-05,2024-06-05T20:00,Puno,Melgar,Ayaviri,210801,-14.8808,-70.5889,3925,22871,7319,32.0,True,papa,7.9,25,2.8,-10.9,0.0,0,12.1,6,20,heladas_invernales,4.0,0,bajo
2024-06-05,2024-06-05T21:00,Puno,Melgar,Ayaviri,210801,-14.8808,-70.5889,3925,22871,7319,32.0,True,papa,6.7,39,2.1,-6.4,0.0,0,10.9,6,21,heladas_invernales,4.0,0,bajo
2024-06-05,2024-06-05T22:00,Puno,Melgar,Ayaviri,210801,-14.8808,-70.5889,3925,22871,7319,32.0,True,papa,4.6,56,0.5,-3.5,0.0,0,10.1,6,22,heladas_invernales,4.0,0,bajo
2024-06-05,2024-06-05T23:00,Puno,Melgar,Ayaviri,210801,-14.8808,-70.5889,3925,22871,7319,32.0,True,papa,6.8,51,3.3,-2.6,0.0,0,7.3,6,23,heladas_invernales,4.0,0,bajo
2024-06-06,2024-06-06T00:00,Puno,Melgar,Ayaviri,210801,-14.8808,-70.5889,3925,22871,7319,32.0,True,papa,6.6,54,3.7,-2.1,0.0,32,2.9,6,0,heladas_invernales,2.5,0,medio
2024-06-06,2024-06-06T01:00,Puno,Melgar,Ayaviri,210801,-14.8808,-70.5889,3925,22871,7319,32.0,True,papa,6.0,57,3.4,-2.0,0.0,33,1.0,6,1,heladas_invernales,2.5,0,medio
2024-06-06,2024-06-06T02:00,Puno,Melgar,Ayaviri,210801,-14.8808,-70.5889,3925,22871,7319,32.0,True,papa,5.6,56,2.7,-2.6,0.0,4,2.7,6,2,heladas_invernales,2.5,0,medio
2024-06-06,2024-06-06T03:00,Puno,Melgar,Ayaviri,210801,-14.8808,-70.5889,3925,22871,7319,32.0,True,papa,5.1,55,1.9,-3.3,0.0,0,3.6,6,3,heladas_invernales,2.5,0,medio
2024-06-06,2024-06-06T04:00,Puno,Melgar,Ayaviri,210801,-14.8808,-70.5889,3925,22871,7319,32.0,True,papa,4.4,58,1.3,-3.2,0.0,0,3.5,6,4,heladas_invernales,2.5,0,medio
2024-06-06,2024-06-06T05:00,Puno,Melgar,Ayaviri,210801,-14.8808,-70.5889,3925,22871,7319,32.0,True,papa,3.8,57,0.4,-3.9,0.0,2,4.6,6,5,heladas_invernales,2.5,0,medio
2024-06-06,2024-06-06T06:00,Puno,Melgar,Ayaviri,210801,-14.8808,-70.5889,3925,22871,7319,32.0,True,papa,3.2,55,-0.2,-4.9,0.0,0,4.6,6,6,heladas_invernales,2.5,0,medio
2024-06-06,2024-06-06T07:00,Puno,Melgar,Ayaviri,210801,-14.8808,-70.5889,3925,22871,7319,32.0,True,papa,2.5,68,-0.6,-2.8,0.0,0,4.3,6,7,heladas_invernales,2.5,0,medio
2024-06-06,2024-06-06T08:00,Puno,Melgar,Ayaviri,210801,-14.8808,-70.5889,3925,22871,7319,32.0,True,papa,5.8,47,2.6,-4.6,0.0,0,3.2,6,8,heladas_invernales,2.5,0,medio
2024-06-06,2024-06-06T09:00,Puno,Melgar,Ayaviri,210801,-14.8808,-70.5889,3925,22871,7319,32.0,True,papa,8.1,44,5.4,-3.4,0.0,0,1.3,6,9,heladas_invernales,2.5,0,medio
2024-06-06,2024-06-06T10:00,Puno,Melgar,Ayaviri,210801,-14.8808,-70.5889,3925,22871,7319,32.0,True,papa,10.7,40,8.5,-2.2,0.0,0,5.7,6,10,heladas_invernales,2.5,0,medio
2024-06-06,2024-06-06T11:00,Puno,Melgar,Ayaviri,210801,-14.8808,-70.5889,3925,22871,7319,32.0,True,papa,12.7,29,10.6,-4.9,0.0,0,7.6,6,11,heladas_invernales,2.5,0,medio
2024-06-06,2024-06-06T12:00,Puno,Melgar,Ayaviri,210801,-14.8808,-70.5889,3925,22871,7319,32.0,True,papa,14.5,23,12.5,-6.6,0.0,0,7.7,6,12,heladas_invernales,2.5,0,medio
2024-06-06,2024-06-06T13:00,Puno,Melgar,Ayaviri,210801,-14.8808,-70.5889,3925,22871,7319,32.0,True,papa,16.0,19,13.7,-7.3,0.0,0,8.3,6,13,heladas_invernales,2.5,0,medio
2024-06-06,2024-06-06T14:00,Puno,Melgar,Ayaviri,210801,-14.8808,-70.5889,3925,22871,7319,32.0,True,papa,16.5,17,13.4,-8.8,0.0,0,9.0,6,14,heladas_invernales,2.5,0,medio
2024-06-06,2024-06-06T15:00,Puno,Melgar,Ayaviri,210801,-14.8808,-70.5889,3925,22871,7319,32.0,True,papa,16.7,14,12.4,-10.6,0.0,0,9.0,6,15,heladas_invernales,2.5,0,medio
2024-06-06,2024-06-06T16:00,Puno,Melgar,Ayaviri,210801,-14.8808,-70.5889,3925,22871,7319,32.0,True,papa,15.8,15,10.7,-11.1,0.0,0,12.2,6,16,heladas_invernales,2.5,0,medio
2024-06-06,2024-06-06T17:00,Puno,Melgar,Ayaviri,210801,-14.8808,-70.5889,3925,22871,7319,32.0,True,papa,13.4,18,9.1,-10.6,0.0,0,7.2,6,17,heladas_invernales,2.5,0,medio
2024-06-06,2024-06-06T18:00,Puno,Melgar,Ayaviri,210801,-14.8808,-70.5889,3925,22871,7319,32.0,True,papa,10.7,20,6.0,-11.4,0.0,0,9.5,6,18,heladas_invernales,2.5,0,medio
2024-06-06,2024-06-06T19:00,Puno,Melgar,Ayaviri,210801,-14.8808,-70.5889,3925,22871,7319,32.0,True,papa,9.5,22,4.7,-11.4,0.0,0,10.1,6,19,heladas_invernales,2.5,0,medio
2024-06-06,2024-06-06T20:00,Puno,Melgar,Ayaviri,210801,-14.8808,-70.5889,3925,22871,7319,32.0,True,papa,7.2,32,2.8,-8.4,0.0,0,9.1,6,20,heladas_invernales,2.5,0,medio
2024-06-06,2024-06-06T21:00,Puno,Melgar,Ayaviri,210801,-14.8808,-70.5889,3925,22871,7319,32.0,True,papa,5.4,46,1.3,-5.3,0.0,0,9.0,6,21,heladas_invernales,2.5,0,medio
2024-06-06,2024-06-06T22:00,Puno,Melgar,Ayaviri,210801,-14.8808,-70.5889,3925,22871,7319,32.0,True,papa,4.2,59,0.2,-3.2,0.0,0,9.7,6,22,heladas_invernales,2.5,0,medio
2024-06-06,2024-06-06T23:00,Puno,Melgar,Ayaviri,210801,-14.8808,-70.5889,3925,22871,7319,32.0,True,papa,3.2,66,-0.9,-2.5,0.0,0,11.0,6,23,heladas_invernales,2.5,0,medio
2024-06-07,2024-06-07T00:00,Puno,Melgar,Ayaviri,210801,-14.8808,-70.5889,3925,22871,7319,32.0,True,papa,6.7,51,3.3,-2.8,0.0,0,6.3,6,0,heladas_invernales,2.8,0,medio
2024-06-07,2024-06-07T01:00,Puno,Melgar,Ayaviri,210801,-14.8808,-70.5889,3925,22871,7319,32.0,True,papa,6.2,52,3.5,-2.9,0.0,0,1.4,6,1,heladas_invernales,2.8,0,medio
2024-06-07,2024-06-07T02:00,Puno,Melgar,Ayaviri,210801,-14.8808,-70.5889,3925,22871,7319,32.0,True,papa,5.6,52,2.6,-3.4,0.0,0,2.5,6,2,heladas_invernales,2.8,0,medio
2024-06-07,2024-06-07T03:00,Puno,Melgar,Ayaviri,210801,-14.8808,-70.5889,3925,22871,7319,32.0,True,papa,4.8,53,1.6,-4.0,0.0,0,3.7,6,3,heladas_invernales,2.8,0,medio
2024-06-07,2024-06-07T04:00,Puno,Melgar,Ayaviri,210801,-14.8808,-70.5889,3925,22871,7319,32.0,True,papa,4.2,53,0.9,-4.7,0.0,0,3.4,6,4,heladas_invernales,2.8,0,medio
2024-06-07,2024-06-07T05:00,Puno,Melgar,Ayaviri,210801,-14.8808,-70.5889,3925,22871,7319,32.0,True,papa,3.5,55,0.4,-4.8,0.0,0,2.3,6,5,heladas_invernales,2.8,0,medio
2024-06-07,2024-06-07T06:00,Puno,Melgar,Ayaviri,210801,-14.8808,-70.5889,3925,22871,7319,32.0,True,papa,2.8,58,-0.3,-4.6,0.0,0,2.5,6,6,heladas_invernales,2.8,0,medio
2024-06-07,2024-06-07T07:00,Puno,Melgar,Ayaviri,210801,-14.8808,-70.5889,3925,22871,7319,32.0,True,papa,2.9,58,-0.3,-4.7,0.0,0,3.2,6,7,heladas_invernales,2.8,0,medio
2024-06-07,2024-06-07T08:00,Puno,Melgar,Ayaviri,210801,-14.8808,-70.5889,3925,22871,7319,32.0,True,papa,5.5,44,2.1,-5.8,0.0,0,4.0,6,8,heladas_invernales,2.8,0,medio
2024-06-07,2024-06-07T09:00,Puno,Melgar,Ayaviri,210801,-14.8808,-70.5889,3925,22871,7319,32.0,True,papa,7.8,38,4.6,-5.8,0.0,0,2.7,6,9,heladas_invernales,2.8,0,medio
2024-06-07,2024-06-07T10:00,Puno,Melgar,Ayaviri,210801,-14.8808,-70.5889,3925,22871,7319,32.0,True,papa,10.0,35,8.2,-4.9,0.0,0,1.5,6,10,heladas_invernales,2.8,0,medio
2024-06-07,2024-06-07T11:00,Puno,Melgar,Ayaviri,210801,-14.8808,-70.5889,3925,22871,7319,32.0,True,papa,12.4,25,10.7,-6.9,0.0,0,4.4,6,11,heladas_invernales,2.8,0,medio
2024-06-07,2024-06-07T12:00,Puno,Melgar,Ayaviri,210801,-14.8808,-70.5889,3925,22871,7319,32.0,True,papa,14.6,20,12.9,-8.2,0.0,0,5.5,6,12,heladas_invernales,2.8,0,medio
2024-06-07,2024-06-07T13:00,Puno,Melgar,Ayaviri,210801,-14.8808,-70.5889,3925,22871,7319,32.0,True,papa,16.6,8,13.8,-17.2,0.0,0,7.3,6,13,heladas_invernales,2.8,0,medio
2024-06-07,2024-06-07T14:00,Puno,Melgar,Ayaviri,210801,-14.8808,-70.5889,3925,22871,7319,32.0,True,papa,17.0,8,12.4,-17.1,0.0,0,14.2,6,14,heladas_invernales,2.8,0,medio
2024-06-07,2024-06-07T15:00,Puno,Melgar,Ayaviri,210801,-14.8808,-70.5889,3925,22871,7319,32.0,True,papa,17.2,7,12.3,-19.0,0.0,0,10.4,6,15,heladas_invernales,2.8,0,medio
2024-06-07,2024-06-07T16:00,Puno,Melgar,Ayaviri,210801,-14.8808,-70.5889,3925,22871,7319,32.0,True,papa,16.0,7,9.6,-19.4,0.0,0,17.6,6,16,heladas_invernales,2.8,0,medio
2024-06-07,2024-06-07T17:00,Puno,Melgar,Ayaviri,210801,-14.8808,-70.5889,3925,22871,7319,32.0,True,papa,13.1,9,7.5,-19.0,0.0,0,12.6,6,17,heladas_invernales,2.8,0,medio
2024-06-07,2024-06-07T18:00,Puno,Melgar,Ayaviri,210801,-14.8808,-70.5889,3925,22871,7319,32.0,True,papa,10.1,10,4.7,-19.8,0.0,0,10.7,6,18,heladas_invernales,2.8,0,medio
2024-06-07,2024-06-07T19:00,Puno,Melgar,Ayaviri,210801,-14.8808,-70.5889,3925,22871,7319,32.0,True,papa,7.2,14,1.8,-18.6,0.0,0,11.5,6,19,heladas_invernales,2.8,0,medio
2024-06-07,2024-06-07T20:00,Puno,Melgar,Ayaviri,210801,-14.8808,-70.5889,3925,22871,7319,32.0,True,papa,9.1,12,4.2,-18.8,0.0,0,8.0,6,20,heladas_invernales,2.8,0,medio
2024-06-07,2024-06-07T21:00,Puno,Melgar,Ayaviri,210801,-14.8808,-70.5889,3925,22871,7319,32.0,True,papa,9.4,13,4.5,-17.8,0.0,0,8.4,6,21,heladas_invernales,2.8,0,medio
2024-06-07,2024-06-07T22:00,Puno,Melgar,Ayaviri,210801,-14.8808,-70.5889,3925,22871,7319,32.0,True,papa,8.3,15,3.6,-17.0,0.0,0,6.7,6,22,heladas_invernales,2.8,0,medio
2024-06-07,2024-06-07T23:00,Puno,Melgar,Ayaviri,210801,-14.8808,-70.5889,3925,22871,7319,32.0,True,papa,7.2,16,3.1,-16.8,0.0,0,2.7,6,23,heladas_invernales,2.8,0,medio
2024-06-08,2024-06-08T00:00,Puno,Melgar,Ayaviri,210801,-14.8808,-70.5889,3925,22871,7319,32.0,True,papa,6.1,17,2.3,-17.0,0.0,0,1.1,6,0,heladas_invernales,1.1,0,medio
2024-06-08,2024-06-08T01:00,Puno,Melgar,Ayaviri,210801,-14.8808,-70.5889,3925,22871,7319,32.0,True,papa,5.2,18,1.0,-16.9,0.0,0,4.2,6,1,heladas_invernales,1.1,0,medio
2024-06-08,2024-06-08T02:00,Puno,Melgar,Ayaviri,210801,-14.8808,-70.5889,3925,22871,7319,32.0,True,papa,4.3,20,-0.1,-16.5,0.0,0,5.4,6,2,heladas_invernales,1.1,0,medio
2024-06-08,2024-06-08T03:00,Puno,Melgar,Ayaviri,210801,-14.8808,-70.5889,3925,22871,7319,32.0,True,papa,3.7,22,-0.7,-16.3,0.0,0,4.8,6,3,heladas_invernales,1.1,0,medio
2024-06-08,2024-06-08T04:00,Puno,Melgar,Ayaviri,210801,-14.8808,-70.5889,3925,22871,7319,32.0,True,papa,3.2,22,-1.0,-16.2,0.0,0,3.9,6,4,heladas_invernales,1.1,0,medio
2024-06-08,2024-06-08T05:00,Puno,Melgar,Ayaviri,210801,-14.8808,-70.5889,3925,22871,7319,32.0,True,papa,2.8,23,-1.4,-16.2,0.0,0,3.7,6,5,heladas_invernales,1.1,0,medio
2024-06-08,2024-06-08T06:00,Puno,Melgar,Ayaviri,210801,-14.8808,-70.5889,3925,22871,7319,32.0,True,papa,2.2,24,-2.0,-16.4,0.0,0,4.1,6,6,heladas_invernales,1.1,0,medio
2024-06-08,2024-06-08T07:00,Puno,Melgar,Ayaviri,210801,-14.8808,-70.5889,3925,22871,7319,32.0,True,papa,1.1,43,-2.9,-10.1,0.0,0,4.9,6,7,heladas_invernales,1.1,0,medio
2024-06-08,2024-06-08T08:00,Puno,Melgar,Ayaviri,210801,-14.8808,-70.5889,3925,22871,7319,32.0,True,papa,4.9,24,0.8,-13.8,0.0,0,4.0,6,8,heladas_invernales,1.1,0,medio
2024-06-08,2024-06-08T09:00,Puno,Melgar,Ayaviri,210801,-14.8808,-70.5889,3925,22871,7319,32.0,True,papa,7.5,22,3.5,-13.1,0.0,0,3.5,6,9,heladas_invernales,1.1,0,medio
2024-06-08,2024-06-08T10:00,Puno,Melgar,Ayaviri,210801,-14.8808,-70.5889,3925,22871,7319,32.0,True,papa,10.1,18,7.4,-13.1,0.0,0,2.4,6,10,heladas_invernales,1.1,0,medio
2024-06-08,2024-06-08T11:00,Puno,Melgar,Ayaviri,210801,-14.8808,-70.5889,3925,22871,7319,32.0,True,papa,12.1,15,10.2,-14.2,0.0,26,2.6,6,11,heladas_invernales,1.1,0,medio
2024-06-08,2024-06-08T12:00,Puno,Melgar,Ayaviri,210801,-14.8808,-70.5889,3925,22871,7319,32.0,True,papa,13.6,12,11.9,-15.6,0.0,68,3.2,6,12,heladas_invernales,1.1,0,medio
2024-06-08,2024-06-08T13:00,Puno,Melgar,Ayaviri,210801,-14.8808,-70.5889,3925,22871,7319,32.0,True,papa,14.9,9,13.2,-17.2,0.0,86,1.5,6,13,heladas_invernales,1.1,0,medio
2024-06-08,2024-06-08T14:00,Puno,Melgar,Ayaviri,210801,-14.8808,-70.5889,3925,22871,7319,32.0,True,papa,15.6,9,13.1,-16.9,0.0,97,2.1,6,14,heladas_invernales,1.1,0,medio
2024-06-08,2024-06-08T15:00,Puno,Melgar,Ayaviri,210801,-14.8808,-70.5889,3925,22871,7319,32.0,True,papa,15.8,10,11.7,-16.4,0.0,98,5.1,6,15,heladas_invernales,1.1,0,medio
2024-06-08,2024-06-08T16:00,Puno,Melgar,Ayaviri,210801,-14.8808,-70.5889,3925,22871,7319,32.0,True,papa,15.1,10,9.8,-15.9,0.0,98,10.9,6,16,heladas_invernales,1.1,0,medio
2024-06-08,2024-06-08T17:00,Puno,Melgar,Ayaviri,210801,-14.8808,-70.5889,3925,22871,7319,32.0,True,papa,12.2,15,6.9,-13.9,0.0,99,12.8,6,17,heladas_invernales,1.1,0,medio
2024-06-08,2024-06-08T18:00,Puno,Melgar,Ayaviri,210801,-14.8808,-70.5889,3925,22871,7319,32.0,True,papa,8.4,20,3.4,-13.1,0.0,2,10.4,6,18,heladas_invernales,1.1,0,medio
2024-06-08,2024-06-08T19:00,Puno,Melgar,Ayaviri,210801,-14.8808,-70.5889,3925,22871,7319,32.0,True,papa,7.1,22,2.3,-13.4,0.0,0,8.9,6,19,heladas_invernales,1.1,0,medio
2024-06-08,2024-06-08T20:00,Puno,Melgar,Ayaviri,210801,-14.8808,-70.5889,3925,22871,7319,32.0,True,papa,10.4,15,6.0,-14.9,0.0,2,5.9,6,20,heladas_invernales,1.1,0,medio
2024-06-08,2024-06-08T21:00,Puno,Melgar,Ayaviri,210801,-14.8808,-70.5889,3925,22871,7319,32.0,True,papa,9.6,17,5.2,-14.2,0.0,26,5.5,6,21,heladas_invernales,1.1,0,medio
2024-06-08,2024-06-08T22:00,Puno,Melgar,Ayaviri,210801,-14.8808,-70.5889,3925,22871,7319,32.0,True,papa,8.6,19,4.2,-13.6,0.0,29,6.8,6,22,heladas_invernales,1.1,0,medio
2024-06-08,2024-06-08T23:00,Puno,Melgar,Ayaviri,210801,-14.8808,-70.5889,3925,22871,7319,32.0,True,papa,7.4,22,3.3,-13.2,0.0,1,4.3,6,23,heladas_invernales,1.1,0,medio
2024-06-09,2024-06-09T00:00,Puno,Melgar,Ayaviri,210801,-14.8808,-70.5889,3925,22871,7319,32.0,True,papa,6.5,23,2.5,-12.9,0.0,0,3.7,6,0,heladas_invernales,1.9,0,medio
2024-06-09,2024-06-09T01:00,Puno,Melgar,Ayaviri,210801,-14.8808,-70.5889,3925,22871,7319,32.0,True,papa,5.8,25,2.3,-12.7,0.0,15,0.8,6,1,heladas_invernales,1.9,0,medio
2024-06-09,2024-06-09T02:00,Puno,Melgar,Ayaviri,210801,-14.8808,-70.5889,3925,22871,7319,32.0,True,papa,5.0,27,1.1,-12.6,0.0,14,3.1,6,2,heladas_invernales,1.9,0,medio
2024-06-09,2024-06-09T03:00,Puno,Melgar,Ayaviri,210801,-14.8808,-70.5889,3925,22871,7319,32.0,True,papa,4.0,29,-0.2,-12.4,0.0,87,5.1,6,3,heladas_invernales,1.9,0,medio
2024-06-09,2024-06-09T04:00,Puno,Melgar,Ayaviri,210801,-14.8808,-70.5889,3925,22871,7319,32.0,True,papa,3.3,31,-0.7,-12.3,0.0,76,4.6,6,4,heladas_invernales,1.9,0,medio
2024-06-09,2024-06-09T05:00,Puno,Melgar,Ayaviri,210801,-14.8808,-70.5889,3925,22871,7319,32.0,True,papa,3.0,32,-1.0,-12.1,0.0,89,4.1,6,5,heladas_invernales,1.9,0,medio
2024-06-09,2024-06-09T06:00,Puno,Melgar,Ayaviri,210801,-14.8808,-70.5889,3925,22871,7319,32.0,True,papa,2.6,33,-1.4,-12.1,0.0,89,4.1,6,6,heladas_invernales,1.9,0,medio
2024-06-09,2024-06-09T07:00,Puno,Melgar,Ayaviri,210801,-14.8808,-70.5889,3925,22871,7319,32.0,True,papa,1.9,50,-1.8,-7.6,0.0,94,4.2,6,7,heladas_invernales,1.9,0,medio
2024-06-09,2024-06-09T08:00,Puno,Melgar,Ayaviri,210801,-14.8808,-70.5889,3925,22871,7319,32.0,True,papa,4.7,31,0.8,-10.9,0.0,94,3.7,6,8,heladas_invernales,1.9,0,medio
2024-06-09,2024-06-09T09:00,Puno,Melgar,Ayaviri,210801,-14.8808,-70.5889,3925,22871,7319,32.0,True,papa,7.2,30,3.5,-9.4,0.0,97,3.3,6,9,heladas_invernales,1.9,0,medio
2024-06-09,2024-06-09T10:00,Puno,Melgar,Ayaviri,210801,-14.8808,-70.5889,3925,22871,7319,32.0,True,papa,9.6,27,7.4,-8.2,0.0,92,1.8,6,10,heladas_invernales,1.9,0,medio
2024-06-09,2024-06-09T11:00,Puno,Melgar,Ayaviri,210801,-14.8808,-70.5889,3925,22871,7319,32.0,True,papa,11.7,23,10.1,-8.6,0.0,94,2.3,6,11,heladas_invernales,1.9,0,medio
2024-06-09,2024-06-09T12:00,Puno,Melgar,Ayaviri,210801,-14.8808,-70.5889,3925,22871,7319,32.0,True,papa,13.1,20,11.7,-9.4,0.0,75,3.3,6,12,heladas_invernales,1.9,0,medio
2024-06-09,2024-06-09T13:00,Puno,Melgar,Ayaviri,210801,-14.8808,-70.5889,3925,22871,7319,32.0,True,papa,14.4,18,12.6,-9.8,0.0,93,4.4,6,13,heladas_invernales,1.9,0,medio
2024-06-09,2024-06-09T14:00,Puno,Melgar,Ayaviri,210801,-14.8808,-70.5889,3925,22871,7319,32.0,True,papa,15.2,16,12.0,-10.4,0.0,99,8.6,6,14,heladas_invernales,1.9,0,medio
2024-06-09,2024-06-09T15:00,Puno,Melgar,Ayaviri,210801,-14.8808,-70.5889,3925,22871,7319,32.0,True,papa,15.1,17,9.9,-9.9,0.0,97,14.6,6,15,heladas_invernales,1.9,0,medio
2024-06-09,2024-06-09T16:00,Puno,Melgar,Ayaviri,210801,-14.8808,-70.5889,3925,22871,7319,32.0,True,papa,14.1,18,8.3,-9.8,0.0,94,17.7,6,16,heladas_invernales,1.9,0,medio
2024-06-09,2024-06-09T17:00,Puno,Melgar,Ayaviri,210801,-14.8808,-70.5889,3925,22871,7319,32.0,True,papa,12.7,18,7.6,-11.3,0.0,97,11.8,6,17,heladas_invernales,1.9,0,medio
2024-06-09,2024-06-09T18:00,Puno,Melgar,Ayaviri,210801,-14.8808,-70.5889,3925,22871,7319,32.0,True,papa,9.2,21,4.4,-11.9,0.0,91,10.1,6,18,heladas_invernales,1.9,0,medio
2024-06-09,2024-06-09T19:00,Puno,Melgar,Ayaviri,210801,-14.8808,-70.5889,3925,22871,7319,32.0,True,papa,7.3,28,2.9,-10.1,0.0,15,8.0,6,19,heladas_invernales,1.9,0,medio
2024-06-09,2024-06-09T20:00,Puno,Melgar,Ayaviri,210801,-14.8808,-70.5889,3925,22871,7319,32.0,True,papa,8.2,23,4.1,-11.9,0.0,7,4.8,6,20,heladas_invernales,1.9,0,medio
2024-06-09,2024-06-09T21:00,Puno,Melgar,Ayaviri,210801,-14.8808,-70.5889,3925,22871,7319,32.0,True,papa,7.5,24,3.4,-11.9,0.0,36,4.7,6,21,heladas_invernales,1.9,0,medio
2024-06-09,2024-06-09T22:00,Puno,Melgar,Ayaviri,210801,-14.8808,-70.5889,3925,22871,7319,32.0,True,papa,6.8,26,3.0,-11.4,0.0,86,3.2,6,22,heladas_invernales,1.9,0,medio
2024-06-09,2024-06-09T23:00,Puno,Melgar,Ayaviri,210801,-14.8808,-70.5889,3925,22871,7319,32.0,True,papa,6.2,29,2.7,-10.6,0.0,33,1.1,6,23,heladas_invernales,1.9,0,medio
2024-06-10,2024-06-10T00:00,Puno,Melgar,Ayaviri,210801,-14.8808,-70.5889,3925,22871,7319,32.0,True,papa,5.4,31,1.6,-10.6,0.0,30,3.7,6,0,heladas_invernales,1.1,0,medio
2024-06-10,2024-06-10T01:00,Puno,Melgar,Ayaviri,210801,-14.8808,-70.5889,3925,22871,7319,32.0,True,papa,4.8,31,1.0,-10.7,0.0,23,3.7,6,1,heladas_invernales,1.1,0,medio
2024-06-10,2024-06-10T02:00,Puno,Melgar,Ayaviri,210801,-14.8808,-70.5889,3925,22871,7319,32.0,True,papa,4.3,32,0.3,-10.9,0.0,0,5.4,6,2,heladas_invernales,1.1,0,medio
2024-06-10,2024-06-10T03:00,Puno,Melgar,Ayaviri,210801,-14.8808,-70.5889,3925,22871,7319,32.0,True,papa,3.5,34,-0.8,-10.7,0.0,0,6.9,6,3,heladas_invernales,1.1,0,medio
2024-06-10,2024-06-10T04:00,Puno,Melgar,Ayaviri,210801,-14.8808,-70.5889,3925,22871,7319,32.0,True,papa,3.0,36,-1.1,-10.8,0.0,6,5.5,6,4,heladas_invernales,1.1,0,medio
2024-06-10,2024-06-10T05:00,Puno,Melgar,Ayaviri,210801,-14.8808,-70.5889,3925,22871,7319,32.0,True,papa,1.1,40,-3.0,-10.9,0.0,45,5.9,6,5,heladas_invernales,1.1,0,medio
2024-06-10,2024-06-10T06:00,Puno,Melgar,Ayaviri,210801,-14.8808,-70.5889,3925,22871,7319,32.0,True,papa,2.2,36,-2.2,-11.3,0.0,91,6.9,6,6,heladas_invernales,1.1,0,medio
2024-06-10,2024-06-10T07:00,Puno,Melgar,Ayaviri,210801,-14.8808,-70.5889,3925,22871,7319,32.0,True,papa,1.3,58,-2.4,-6.2,0.0,86,5.3,6,7,heladas_invernales,1.1,0,medio
2024-06-10,2024-06-10T08:00,Puno,Melgar,Ayaviri,210801,-14.8808,-70.5889,3925,22871,7319,32.0,True,papa,4.6,33,0.6,-10.4,0.0,87,5.2,6,8,heladas_invernales,1.1,0,medio
2024-06-10,2024-06-10T09:00,Puno,Melgar,Ayaviri,210801,-14.8808,-70.5889,3925,22871,7319,32.0,True,papa,7.2,28,3.4,-9.9,0.0,43,4.0,6,9,heladas_invernales,1.1,0,medio
2024-06-10,2024-06-10T10:00,Puno,Melgar,Ayaviri,210801,-14.8808,-70.5889,3925,22871,7319,32.0,True,papa,9.8,25,7.2,-9.4,0.0,97,3.0,6,10,heladas_invernales,1.1,0,medio
2024-06-10,2024-06-10T11:00,Puno,Melgar,Ayaviri,210801,-14.8808,-70.5889,3925,22871,7319,32.0,True,papa,11.8,20,10.0,-10.3,0.0,44,2.8,6,11,heladas_invernales,1.1,0,medio
2024-06-10,2024-06-10T12:00,Puno,Melgar,Ayaviri,210801,-14.8808,-70.5889,3925,22871,7319,32.0,True,papa,13.3,16,11.6,-11.6,0.0,70,3.4,6,12,heladas_invernales,1.1,0,medio
2024-06-10,2024-06-10T13:00,Puno,Melgar,Ayaviri,210801,-14.8808,-70.5889,3925,22871,7319,32.0,True,papa,14.4,14,12.2,-12.8,0.0,86,4.5,6,13,heladas_invernales,1.1,0,medio
2024-06-10,2024-06-10T14:00,Puno,Melgar,Ayaviri,210801,-14.8808,-70.5889,3925,22871,7319,32.0,True,papa,15.0,12,11.6,-14.0,0.0,31,8.1,6,14,heladas_invernales,1.1,0,medio
2024-06-10,2024-06-10T15:00,Puno,Melgar,Ayaviri,210801,-14.8808,-70.5889,3925,22871,7319,32.0,True,papa,15.1,11,10.1,-14.9,0.0,26,11.7,6,15,heladas_invernales,1.1,0,medio
2024-06-10,2024-06-10T16:00,Puno,Melgar,Ayaviri,210801,-14.8808,-70.5889,3925,22871,7319,32.0,True,papa,14.2,12,8.9,-14.4,0.0,7,12.4,6,16,heladas_invernales,1.1,0,medio
2024-06-10,2024-06-10T17:00,Puno,Melgar,Ayaviri,210801,-14.8808,-70.5889,3925,22871,7319,32.0,True,papa,10.9,22,6.6,-9.7,0.0,9,7.4,6,17,heladas_invernales,1.1,0,medio
2024-06-10,2024-06-10T18:00,Puno,Melgar,Ayaviri,210801,-14.8808,-70.5889,3925,22871,7319,32.0,True,papa,12.2,15,8.2,-13.3,0.0,12,4.0,6,18,heladas_invernales,1.1,0,medio
2024-06-10,2024-06-10T19:00,Puno,Melgar,Ayaviri,210801,-14.8808,-70.5889,3925,22871,7319,32.0,True,papa,10.9,18,6.5,-12.8,0.0,11,5.9,6,19,heladas_invernales,1.1,0,medio
2024-06-10,2024-06-10T20:00,Puno,Melgar,Ayaviri,210801,-14.8808,-70.5889,3925,22871,7319,32.0,True,papa,10.2,17,6.2,-13.6,0.0,79,3.4,6,20,heladas_invernales,1.1,0,medio
2024-06-10,2024-06-10T21:00,Puno,Melgar,Ayaviri,210801,-14.8808,-70.5889,3925,22871,7319,32.0,True,papa,6.3,26,1.7,-12.0,0.0,91,8.6,6,21,heladas_invernales,1.1,0,medio
2024-06-10,2024-06-10T22:00,Puno,Melgar,Ayaviri,210801,-14.8808,-70.5889,3925,22871,7319,32.0,True,papa,8.4,23,3.9,-11.7,0.0,98,7.6,6,22,heladas_invernales,1.1,0,medio
2024-06-10,2024-06-10T23:00,Puno,Melgar,Ayaviri,210801,-14.8808,-70.5889,3925,22871,7319,32.0,True,papa,7.4,26,3.5,-10.9,0.0,94,3.9,6,23,heladas_invernales,1.1,0,medio
2024-06-11,2024-06-11T00:00,Puno,Melgar,Ayaviri,210801,-14.8808,-70.5889,3925,22871,7319,32.0,True,papa,6.6,29,3.0,-10.4,0.0,88,2.4,6,0,heladas_invernales,2.3,0,medio
2024-06-11,2024-06-11T01:00,Puno,Melgar,Ayaviri,210801,-14.8808,-70.5889,3925,22871,7319,32.0,True,papa,5.9,30,2.5,-10.2,0.0,98,0.7,6,1,heladas_invernales,2.3,0,medio
2024-06-11,2024-06-11T02:00,Puno,Melgar,Ayaviri,210801,-14.8808,-70.5889,3925,22871,7319,32.0,True,papa,5.5,31,2.2,-10.3,0.0,98,0.4,6,2,heladas_invernales,2.3,0,medio
2024-06-11,2024-06-11T03:00,Puno,Melgar,Ayaviri,210801,-14.8808,-70.5889,3925,22871,7319,32.0,True,papa,5.3,32,2.0,-10.2,0.0,100,0.7,6,3,heladas_invernales,2.3,0,medio
2024-06-11,2024-06-11T04:00,Puno,Melgar,Ayaviri,210801,-14.8808,-70.5889,3925,22871,7319,32.0,True,papa,5.0,32,1.3,-10.5,0.0,99,3.1,6,4,heladas_invernales,2.3,0,medio
2024-06-11,2024-06-11T05:00,Puno,Melgar,Ayaviri,210801,-14.8808,-70.5889,3925,22871,7319,32.0,True,papa,4.4,32,0.6,-11.0,0.0,93,3.1,6,5,heladas_invernales,2.3,0,medio
2024-06-11,2024-06-11T06:00,Puno,Melgar,Ayaviri,210801,-14.8808,-70.5889,3925,22871,7319,32.0,True,papa,3.8,32,-0.2,-11.4,0.0,52,3.9,6,6,heladas_invernales,2.3,0,medio
2024-06-11,2024-06-11T07:00,Puno,Melgar,Ayaviri,210801,-14.8808,-70.5889,3925,22871,7319,32.0,True,papa,2.3,53,-1.4,-6.3,0.0,77,5.2,6,7,heladas_invernales,2.3,0,medio
2024-06-11,2024-06-11T08:00,Puno,Melgar,Ayaviri,210801,-14.8808,-70.5889,3925,22871,7319,32.0,True,papa,5.9,30,2.0,-10.2,0.0,100,4.7,6,8,heladas_invernales,2.3,0,medio
2024-06-11,2024-06-11T09:00,Puno,Melgar,Ayaviri,210801,-14.8808,-70.5889,3925,22871,7319,32.0,True,papa,8.5,27,4.6,-9.6,0.0,97,4.8,6,9,heladas_invernales,2.3,0,medio
2024-06-11,2024-06-11T10:00,Puno,Melgar,Ayaviri,210801,-14.8808,-70.5889,3925,22871,7319,32.0,True,papa,10.6,27,7.9,-7.6,0.0,84,4.1,6,10,heladas_invernales,2.3,0,medio
2024-06-11,2024-06-11T11:00,Puno,Melgar,Ayaviri,210801,-14.8808,-70.5889,3925,22871,7319,32.0,True,papa,12.2,27,10.7,-6.2,0.0,77,2.8,6,11,heladas_invernales,2.3,0,medio
2024-06-11,2024-06-11T12:00,Puno,Melgar,Ayaviri,210801,-14.8808,-70.5889,3925,22871,7319,32.0,True,papa,13.5,25,12.3,-6.3,0.0,15,2.3,6,12,heladas_invernales,2.3,0,medio
2024-06-11,2024-06-11T13:00,Puno,Melgar,Ayaviri,210801,-14.8808,-70.5889,3925,22871,7319,32.0,True,papa,14.4,23,12.9,-6.6,0.0,0,3.3,6,13,heladas_invernales,2.3,0,medio
2024-06-11,2024-06-11T14:00,Puno,Melgar,Ayaviri,210801,-14.8808,-70.5889,3925,22871,7319,32.0,True,papa,15.0,22,12.2,-6.8,0.0,1,7.2,6,14,heladas_invernales,2.3,0,medio
2024-06-11,2024-06-11T15:00,Puno,Melgar,Ayaviri,210801,-14.8808,-70.5889,3925,22871,7319,32.0,True,papa,15.4,19,11.0,-7.9,0.0,0,10.3,6,15,heladas_invernales,2.3,0,medio
2024-06-11,2024-06-11T16:00,Puno,Melgar,Ayaviri,210801,-14.8808,-70.5889,3925,22871,7319,32.0,True,papa,14.9,19,10.3,-8.4,0.0,59,10.5,6,16,heladas_invernales,2.3,0,medio
2024-06-11,2024-06-11T17:00,Puno,Melgar,Ayaviri,210801,-14.8808,-70.5889,3925,22871,7319,32.0,True,papa,12.2,23,8.2,-8.4,0.0,9,6.1,6,17,heladas_invernales,2.3,0,medio
2024-06-11,2024-06-11T18:00,Puno,Melgar,Ayaviri,210801,-14.8808,-70.5889,3925,22871,7319,32.0,True,papa,8.4,29,3.5,-8.6,0.0,11,12.4,6,18,heladas_invernales,2.3,0,medio
2024-06-11,2024-06-11T19:00,Puno,Melgar,Ayaviri,210801,-14.8808,-70.5889,3925,22871,7319,32.0,True,papa,8.2,33,3.7,-7.2,0.0,26,10.7,6,19,heladas_invernales,2.3,0,medio
2024-06-11,2024-06-11T20:00,Puno,Melgar,Ayaviri,210801,-14.8808,-70.5889,3925,22871,7319,32.0,True,papa,10.5,26,7.4,-8.1,0.0,44,0.0,6,20,heladas_invernales,2.3,0,medio
2024-06-11,2024-06-11T21:00,Puno,Melgar,Ayaviri,210801,-14.8808,-70.5889,3925,22871,7319,32.0,True,papa,9.5,29,5.5,-7.8,0.0,73,6.5,6,21,heladas_invernales,2.3,0,medio
2024-06-11,2024-06-11T22:00,Puno,Melgar,Ayaviri,210801,-14.8808,-70.5889,3925,22871,7319,32.0,True,papa,7.8,34,3.6,-7.2,0.0,94,8.8,6,22,heladas_invernales,2.3,0,medio
2024-06-11,2024-06-11T23:00,Puno,Melgar,Ayaviri,210801,-14.8808,-70.5889,3925,22871,7319,32.0,True,papa,8.2,35,4.3,-6.3,0.0,99,6.5,6,23,heladas_invernales,2.3,0,medio
2024-06-12,2024-06-12T00:00,Puno,Melgar,Ayaviri,210801,-14.8808,-70.5889,3925,22871,7319,32.0,True,papa,7.1,40,3.8,-5.7,0.0,95,3.2,6,0,heladas_invernales,2.8,0,medio
2024-06-12,2024-06-12T01:00,Puno,Melgar,Ayaviri,210801,-14.8808,-70.5889,3925,22871,7319,32.0,True,papa,6.2,42,2.8,-5.8,0.0,86,4.1,6,1,heladas_invernales,2.8,0,medio
2024-06-12,2024-06-12T02:00,Puno,Melgar,Ayaviri,210801,-14.8808,-70.5889,3925,22871,7319,32.0,True,papa,5.4,43,1.8,-6.3,0.0,96,5.0,6,2,heladas_invernales,2.8,0,medio
2024-06-12,2024-06-12T03:00,Puno,Melgar,Ayaviri,210801,-14.8808,-70.5889,3925,22871,7319,32.0,True,papa,4.9,44,1.1,-6.4,0.0,63,5.8,6,3,heladas_invernales,2.8,0,medio
2024-06-12,2024-06-12T04:00,Puno,Melgar,Ayaviri,210801,-14.8808,-70.5889,3925,22871,7319,32.0,True,papa,4.7,45,1.3,-6.3,0.0,81,2.6,6,4,heladas_invernales,2.8,0,medio
2024-06-12,2024-06-12T05:00,Puno,Melgar,Ayaviri,210801,-14.8808,-70.5889,3925,22871,7319,32.0,True,papa,4.4,46,1.2,-6.2,0.0,56,2.1,6,5,heladas_invernales,2.8,0,medio
2024-06-12,2024-06-12T06:00,Puno,Melgar,Ayaviri,210801,-14.8808,-70.5889,3925,22871,7319,32.0,True,papa,4.0,47,0.4,-6.4,0.0,25,4.3,6,6,heladas_invernales,2.8,0,medio
2024-06-12,2024-06-12T07:00,Puno,Melgar,Ayaviri,210801,-14.8808,-70.5889,3925,22871,7319,32.0,True,papa,2.8,62,-0.5,-3.8,0.0,15,4.7,6,7,heladas_invernales,2.8,0,medio
2024-06-12,2024-06-12T08:00,Puno,Melgar,Ayaviri,210801,-14.8808,-70.5889,3925,22871,7319,32.0,True,papa,6.2,42,2.2,-5.8,0.0,18,7.1,6,8,heladas_invernales,2.8,0,medio
2024-06-12,2024-06-12T09:00,Puno,Melgar,Ayaviri,210801,-14.8808,-70.5889,3925,22871,7319,32.0,True,papa,8.9,36,4.9,-5.3,0.0,8,8.0,6,9,heladas_invernales,2.8,0,medio
2024-06-12,2024-06-12T10:00,Puno,Melgar,Ayaviri,210801,-14.8808,-70.5889,3925,22871,7319,32.0,True,papa,11.4,33,8.1,-4.4,0.0,10,9.4,6,10,heladas_invernales,2.8,0,medio
2024-06-12,2024-06-12T11:00,Puno,Melgar,Ayaviri,210801,-14.8808,-70.5889,3925,22871,7319,32.0,True,papa,13.6,27,11.0,-4.9,0.0,16,9.4,6,11,heladas_invernales,2.8,0,medio
2024-06-12,2024-06-12T12:00,Puno,Melgar,Ayaviri,210801,-14.8808,-70.5889,3925,22871,7319,32.0,True,papa,14.9,23,12.7,-5.9,0.0,5,8.3,6,12,heladas_invernales,2.8,0,medio
2024-06-12,2024-06-12T13:00,Puno,Melgar,Ayaviri,210801,-14.8808,-70.5889,3925,22871,7319,32.0,True,papa,15.8,21,13.3,-6.4,0.0,44,8.8,6,13,heladas_invernales,2.8,0,medio
2024-06-12,2024-06-12T14:00,Puno,Melgar,Ayaviri,210801,-14.8808,-70.5889,3925,22871,7319,32.0,True,papa,16.0,21,12.8,-6.5,0.0,92,10.1,6,14,heladas_invernales,2.8,0,medio
2024-06-12,2024-06-12T15:00,Puno,Melgar,Ayaviri,210801,-14.8808,-70.5889,3925,22871,7319,32.0,True,papa,16.1,20,11.7,-6.8,0.0,91,11.9,6,15,heladas_invernales,2.8,0,medio
2024-06-12,2024-06-12T16:00,Puno,Melgar,Ayaviri,210801,-14.8808,-70.5889,3925,22871,7319,32.0,True,papa,15.9,18,10.8,-8.4,0.0,75,13.3,6,16,heladas_invernales,2.8,0,medio
2024-06-12,2024-06-12T17:00,Puno,Melgar,Ayaviri,210801,-14.8808,-70.5889,3925,22871,7319,32.0,True,papa,13.2,22,8.9,-7.8,0.0,1,8.4,6,17,heladas_invernales,2.8,0,medio
2024-06-12,2024-06-12T18:00,Puno,Melgar,Ayaviri,210801,-14.8808,-70.5889,3925,22871,7319,32.0,True,papa,8.9,31,4.1,-7.2,0.0,0,12.3,6,18,heladas_invernales,2.8,0,medio
2024-06-12,2024-06-12T19:00,Puno,Melgar,Ayaviri,210801,-14.8808,-70.5889,3925,22871,7319,32.0,True,papa,11.9,24,7.5,-8.1,0.0,0,9.1,6,19,heladas_invernales,2.8,0,medio
2024-06-12,2024-06-12T20:00,Puno,Melgar,Ayaviri,210801,-14.8808,-70.5889,3925,22871,7319,32.0,True,papa,10.6,24,6.5,-8.9,0.0,15,6.8,6,20,heladas_invernales,2.8,0,medio
2024-06-12,2024-06-12T21:00,Puno,Melgar,Ayaviri,210801,-14.8808,-70.5889,3925,22871,7319,32.0,True,papa,8.9,29,4.8,-8.1,0.0,8,7.2,6,21,heladas_invernales,2.8,0,medio
2024-06-12,2024-06-12T22:00,Puno,Melgar,Ayaviri,210801,-14.8808,-70.5889,3925,22871,7319,32.0,True,papa,7.4,34,4.0,-7.6,0.0,12,3.1,6,22,heladas_invernales,2.8,0,medio
2024-06-12,2024-06-12T23:00,Puno,Melgar,Ayaviri,210801,-14.8808,-70.5889,3925,22871,7319,32.0,True,papa,7.0,35,3.4,-7.4,0.0,0,3.7,6,23,heladas_invernales,2.8,0,medio
2024-06-13,2024-06-13T00:00,Puno,Melgar,Ayaviri,210801,-14.8808,-70.5889,3925,22871,7319,32.0,True,papa,7.1,35,3.1,-7.2,0.0,15,6.2,6,0,heladas_invernales,-0.2,1,alto
2024-06-13,2024-06-13T01:00,Puno,Melgar,Ayaviri,210801,-14.8808,-70.5889,3925,22871,7319,32.0,True,papa,2.6,51,-1.8,-6.6,0.0,2,9.7,6,1,heladas_invernales,-0.2,1,alto
2024-06-13,2024-06-13T02:00,Puno,Melgar,Ayaviri,210801,-14.8808,-70.5889,3925,22871,7319,32.0,True,papa,3.2,50,-0.9,-6.2,0.0,8,8.4,6,2,heladas_invernales,-0.2,1,alto
2024-06-13,2024-06-13T03:00,Puno,Melgar,Ayaviri,210801,-14.8808,-70.5889,3925,22871,7319,32.0,True,papa,5.1,46,1.2,-5.7,0.0,32,7.4,6,3,heladas_invernales,-0.2,1,alto
2024-06-13,2024-06-13T04:00,Puno,Melgar,Ayaviri,210801,-14.8808,-70.5889,3925,22871,7319,32.0,True,papa,4.8,50,1.2,-4.8,0.0,75,6.1,6,4,heladas_invernales,-0.2,1,alto
2024-06-13,2024-06-13T05:00,Puno,Melgar,Ayaviri,210801,-14.8808,-70.5889,3925,22871,7319,32.0,True,papa,1.7,65,-2.2,-4.2,0.0,100,8.7,6,5,heladas_invernales,-0.2,1,alto
2024-06-13,2024-06-13T06:00,Puno,Melgar,Ayaviri,210801,-14.8808,-70.5889,3925,22871,7319,32.0,True,papa,-0.2,75,-4.3,-4.0,0.0,95,10.3,6,6,heladas_invernales,-0.2,1,alto
2024-06-13,2024-06-13T07:00,Puno,Melgar,Ayaviri,210801,-14.8808,-70.5889,3925,22871,7319,32.0,True,papa,3.2,64,-0.2,-3.0,0.0,91,5.4,6,7,heladas_invernales,-0.2,1,alto
2024-06-13,2024-06-13T08:00,Puno,Melgar,Ayaviri,210801,-14.8808,-70.5889,3925,22871,7319,32.0,True,papa,5.9,54,2.4,-2.7,0.0,98,7.3,6,8,heladas_invernales,-0.2,1,alto
2024-06-13,2024-06-13T09:00,Puno,Melgar,Ayaviri,210801,-14.8808,-70.5889,3925,22871,7319,32.0,True,papa,8.9,41,5.2,-3.5,0.0,100,7.9,6,9,heladas_invernales,-0.2,1,alto
2024-06-13,2024-06-13T10:00,Puno,Melgar,Ayaviri,210801,-14.8808,-70.5889,3925,22871,7319,32.0,True,papa,11.6,35,8.5,-3.3,0.0,89,9.1,6,10,heladas_invernales,-0.2,1,alto
2024-06-13,2024-06-13T11:00,Puno,Melgar,Ayaviri,210801,-14.8808,-70.5889,3925,22871,7319,32.0,True,papa,13.9,30,11.3,-3.2,0.0,91,10.5,6,11,heladas_invernales,-0.2,1,alto
2024-06-13,2024-06-13T12:00,Puno,Melgar,Ayaviri,210801,-14.8808,-70.5889,3925,22871,7319,32.0,True,papa,15.6,26,13.0,-3.8,0.0,97,11.9,6,12,heladas_invernales,-0.2,1,alto
2024-06-13,2024-06-13T13:00,Puno,Melgar,Ayaviri,210801,-14.8808,-70.5889,3925,22871,7319,32.0,True,papa,16.6,23,13.5,-4.7,0.0,93,13.7,6,13,heladas_invernales,-0.2,1,alto
2024-06-13,2024-06-13T14:00,Puno,Melgar,Ayaviri,210801,-14.8808,-70.5889,3925,22871,7319,32.0,True,papa,17.2,21,13.1,-5.4,0.0,100,15.6,6,14,heladas_invernales,-0.2,1,alto
2024-06-13,2024-06-13T15:00,Puno,Melgar,Ayaviri,210801,-14.8808,-70.5889,3925,22871,7319,32.0,True,papa,17.2,21,12.0,-5.3,0.0,99,16.9,6,15,heladas_invernales,-0.2,1,alto
2024-06-13,2024-06-13T16:00,Puno,Melgar,Ayaviri,210801,-14.8808,-70.5889,3925,22871,7319,32.0,True,papa,16.2,22,11.2,-5.4,0.0,99,14.8,6,16,heladas_invernales,-0.2,1,alto
2024-06-13,2024-06-13T17:00,Puno,Melgar,Ayaviri,210801,-14.8808,-70.5889,3925,22871,7319,32.0,True,papa,13.9,27,10.0,-4.8,0.0,100,7.6,6,17,heladas_invernales,-0.2,1,alto
2024-06-13,2024-06-13T18:00,Puno,Melgar,Ayaviri,210801,-14.8808,-70.5889,3925,22871,7319,32.0,True,papa,10.2,36,6.1,-4.2,0.0,96,9.8,6,18,heladas_invernales,-0.2,1,alto
2024-06-13,2024-06-13T19:00,Puno,Melgar,Ayaviri,210801,-14.8808,-70.5889,3925,22871,7319,32.0,True,papa,10.1,35,6.1,-4.7,0.0,95,8.2,6,19,heladas_invernales,-0.2,1,alto
2024-06-13,2024-06-13T20:00,Puno,Melgar,Ayaviri,210801,-14.8808,-70.5889,3925,22871,7319,32.0,True,papa,10.6,34,7.4,-4.7,0.0,96,3.3,6,20,heladas_invernales,-0.2,1,alto
2024-06-13,2024-06-13T21:00,Puno,Melgar,Ayaviri,210801,-14.8808,-70.5889,3925,22871,7319,32.0,True,papa,9.4,37,5.9,-4.6,0.0,11,5.2,6,21,heladas_invernales,-0.2,1,alto
2024-06-13,2024-06-13T22:00,Puno,Melgar,Ayaviri,210801,-14.8808,-70.5889,3925,22871,7319,32.0,True,papa,8.1,40,5.0,-4.7,0.0,8,3.0,6,22,heladas_invernales,-0.2,1,alto
2024-06-13,2024-06-13T23:00,Puno,Melgar,Ayaviri,210801,-14.8808,-70.5889,3925,22871,7319,32.0,True,papa,6.8,44,3.3,-4.8,0.0,15,5.0,6,23,heladas_invernales,-0.2,1,alto
2024-06-14,2024-06-14T00:00,Puno,Melgar,Ayaviri,210801,-14.8808,-70.5889,3925,22871,7319,32.0,True,papa,6.1,43,2.3,-5.5,0.0,33,6.3,6,0,heladas_invernales,2.3,0,medio
2024-06-14,2024-06-14T01:00,Puno,Melgar,Ayaviri,210801,-14.8808,-70.5889,3925,22871,7319,32.0,True,papa,6.2,40,2.5,-6.4,0.0,56,4.8,6,1,heladas_invernales,2.3,0,medio
2024-06-14,2024-06-14T02:00,Puno,Melgar,Ayaviri,210801,-14.8808,-70.5889,3925,22871,7319,32.0,True,papa,5.8,39,1.9,-7.1,0.0,100,5.6,6,2,heladas_invernales,2.3,0,medio
2024-06-14,2024-06-14T03:00,Puno,Melgar,Ayaviri,210801,-14.8808,-70.5889,3925,22871,7319,32.0,True,papa,5.2,40,1.3,-7.4,0.0,90,5.7,6,3,heladas_invernales,2.3,0,medio
2024-06-14,2024-06-14T04:00,Puno,Melgar,Ayaviri,210801,-14.8808,-70.5889,3925,22871,7319,32.0,True,papa,4.8,41,1.0,-7.6,0.0,63,5.2,6,4,heladas_invernales,2.3,0,medio
2024-06-14,2024-06-14T05:00,Puno,Melgar,Ayaviri,210801,-14.8808,-70.5889,3925,22871,7319,32.0,True,papa,4.2,43,0.5,-7.4,0.0,57,4.3,6,5,heladas_invernales,2.3,0,medio
2024-06-14,2024-06-14T06:00,Puno,Melgar,Ayaviri,210801,-14.8808,-70.5889,3925,22871,7319,32.0,True,papa,3.5,45,-0.2,-7.3,0.0,46,4.3,6,6,heladas_invernales,2.3,0,medio
2024-06-14,2024-06-14T07:00,Puno,Melgar,Ayaviri,210801,-14.8808,-70.5889,3925,22871,7319,32.0,True,papa,2.3,66,-1.0,-3.5,0.0,14,4.5,6,7,heladas_invernales,2.3,0,medio
2024-06-14,2024-06-14T08:00,Puno,Melgar,Ayaviri,210801,-14.8808,-70.5889,3925,22871,7319,32.0,True,papa,4.9,44,1.4,-6.2,0.0,20,3.8,6,8,heladas_invernales,2.3,0,medio
2024-06-14,2024-06-14T09:00,Puno,Melgar,Ayaviri,210801,-14.8808,-70.5889,3925,22871,7319,32.0,True,papa,7.4,37,3.9,-6.2,0.0,0,4.0,6,9,heladas_invernales,2.3,0,medio
2024-06-14,2024-06-14T10:00,Puno,Melgar,Ayaviri,210801,-14.8808,-70.5889,3925,22871,7319,32.0,True,papa,9.8,31,7.1,-6.5,0.0,0,4.7,6,10,heladas_invernales,2.3,0,medio
2024-06-14,2024-06-14T11:00,Puno,Melgar,Ayaviri,210801,-14.8808,-70.5889,3925,22871,7319,32.0,True,papa,12.0,26,10.2,-7.1,0.0,0,4.0,6,11,heladas_invernales,2.3,0,medio
2024-06-14,2024-06-14T12:00,Puno,Melgar,Ayaviri,210801,-14.8808,-70.5889,3925,22871,7319,32.0,True,papa,13.6,23,12.2,-7.4,0.0,0,3.3,6,12,heladas_invernales,2.3,0,medio
2024-06-14,2024-06-14T13:00,Puno,Melgar,Ayaviri,210801,-14.8808,-70.5889,3925,22871,7319,32.0,True,papa,14.6,21,13.1,-7.3,0.0,0,3.2,6,13,heladas_invernales,2.3,0,medio
2024-06-14,2024-06-14T14:00,Puno,Melgar,Ayaviri,210801,-14.8808,-70.5889,3925,22871,7319,32.0,True,papa,15.2,21,13.2,-6.9,0.0,0,2.8,6,14,heladas_invernales,2.3,0,medio
2024-06-14,2024-06-14T15:00,Puno,Melgar,Ayaviri,210801,-14.8808,-70.5889,3925,22871,7319,32.0,True,papa,15.2,21,12.0,-7.1,0.0,0,3.4,6,15,heladas_invernales,2.3,0,medio
2024-06-14,2024-06-14T16:00,Puno,Melgar,Ayaviri,210801,-14.8808,-70.5889,3925,22871,7319,32.0,True,papa,14.6,21,10.7,-7.3,0.0,0,6.3,6,16,heladas_invernales,2.3,0,medio
2024-06-14,2024-06-14T17:00,Puno,Melgar,Ayaviri,210801,-14.8808,-70.5889,3925,22871,7319,32.0,True,papa,11.9,29,8.2,-5.8,0.0,0,5.4,6,17,heladas_invernales,2.3,0,medio
2024-06-14,2024-06-14T18:00,Puno,Melgar,Ayaviri,210801,-14.8808,-70.5889,3925,22871,7319,32.0,True,papa,12.0,25,8.1,-7.6,0.0,0,5.9,6,18,heladas_invernales,2.3,0,medio
2024-06-14,2024-06-14T19:00,Puno,Melgar,Ayaviri,210801,-14.8808,-70.5889,3925,22871,7319,32.0,True,papa,11.2,28,7.4,-6.8,0.0,0,6.0,6,19,heladas_invernales,2.3,0,medio
2024-06-14,2024-06-14T20:00,Puno,Melgar,Ayaviri,210801,-14.8808,-70.5889,3925,22871,7319,32.0,True,papa,10.7,25,6.6,-8.6,0.0,0,6.7,6,20,heladas_invernales,2.3,0,medio
2024-06-14,2024-06-14T21:00,Puno,Melgar,Ayaviri,210801,-14.8808,-70.5889,3925,22871,7319,32.0,True,papa,8.1,31,3.7,-8.1,0.0,0,8.6,6,21,heladas_invernales,2.3,0,medio
2024-06-14,2024-06-14T22:00,Puno,Melgar,Ayaviri,210801,-14.8808,-70.5889,3925,22871,7319,32.0,True,papa,8.9,26,4.6,-9.4,0.0,0,7.0,6,22,heladas_invernales,2.3,0,medio
2024-06-14,2024-06-14T23:00,Puno,Melgar,Ayaviri,210801,-14.8808,-70.5889,3925,22871,7319,32.0,True,papa,7.7,29,4.2,-9.4,0.0,0,1.5,6,23,heladas_invernales,2.3,0,medio
2024-06-01,2024-06-01T00:00,Puno,Moho,Moho,210901,-15.3606,-69.5006,3890,16113,9989,62.0,True,papa,2.5,62,-1.3,-4.0,0.0,0,7.4,6,0,heladas_invernales,-0.5,1,alto
2024-06-01,2024-06-01T01:00,Puno,Moho,Moho,210901,-15.3606,-69.5006,3890,16113,9989,62.0,True,papa,2.4,55,-1.9,-5.7,0.0,0,9.8,6,1,heladas_invernales,-0.5,1,alto
2024-06-01,2024-06-01T02:00,Puno,Moho,Moho,210901,-15.3606,-69.5006,3890,16113,9989,62.0,True,papa,1.7,56,-2.6,-6.1,0.0,0,10.0,6,2,heladas_invernales,-0.5,1,alto
2024-06-01,2024-06-01T03:00,Puno,Moho,Moho,210901,-15.3606,-69.5006,3890,16113,9989,62.0,True,papa,1.0,56,-3.5,-6.9,0.0,0,10.5,6,3,heladas_invernales,-0.5,1,alto
2024-06-01,2024-06-01T04:00,Puno,Moho,Moho,210901,-15.3606,-69.5006,3890,16113,9989,62.0,True,papa,0.5,54,-4.1,-7.8,0.0,1,10.2,6,4,heladas_invernales,-0.5,1,alto
2024-06-01,2024-06-01T05:00,Puno,Moho,Moho,210901,-15.3606,-69.5006,3890,16113,9989,62.0,True,papa,0.0,53,-4.5,-8.4,0.0,3,9.5,6,5,heladas_invernales,-0.5,1,alto
2024-06-01,2024-06-01T06:00,Puno,Moho,Moho,210901,-15.3606,-69.5006,3890,16113,9989,62.0,True,papa,-0.5,55,-4.9,-8.5,0.0,3,8.9,6,6,heladas_invernales,-0.5,1,alto
2024-06-01,2024-06-01T07:00,Puno,Moho,Moho,210901,-15.3606,-69.5006,3890,16113,9989,62.0,True,papa,2.6,46,-1.5,-8.0,0.0,7,6.6,6,7,heladas_invernales,-0.5,1,alto
2024-06-01,2024-06-01T08:00,Puno,Moho,Moho,210901,-15.3606,-69.5006,3890,16113,9989,62.0,True,papa,7.7,32,4.0,-8.0,0.0,0,4.5,6,8,heladas_invernales,-0.5,1,alto
2024-06-01,2024-06-01T09:00,Puno,Moho,Moho,210901,-15.3606,-69.5006,3890,16113,9989,62.0,True,papa,9.8,32,6.7,-6.2,0.0,0,1.1,6,9,heladas_invernales,-0.5,1,alto
2024-06-01,2024-06-01T10:00,Puno,Moho,Moho,210901,-15.3606,-69.5006,3890,16113,9989,62.0,True,papa,11.2,32,8.4,-5.1,0.0,0,6.9,6,10,heladas_invernales,-0.5,1,alto
2024-06-01,2024-06-01T11:00,Puno,Moho,Moho,210901,-15.3606,-69.5006,3890,16113,9989,62.0,True,papa,12.1,34,9.7,-3.2,0.0,17,10.7,6,11,heladas_invernales,-0.5,1,alto
2024-06-01,2024-06-01T12:00,Puno,Moho,Moho,210901,-15.3606,-69.5006,3890,16113,9989,62.0,True,papa,12.7,35,10.2,-2.4,0.0,0,13.0,6,12,heladas_invernales,-0.5,1,alto
2024-06-01,2024-06-01T13:00,Puno,Moho,Moho,210901,-15.3606,-69.5006,3890,16113,9989,62.0,True,papa,13.3,27,10.2,-5.5,0.0,0,13.6,6,13,heladas_invernales,-0.5,1,alto
2024-06-01,2024-06-01T14:00,Puno,Moho,Moho,210901,-15.3606,-69.5006,3890,16113,9989,62.0,True,papa,13.6,22,9.8,-7.9,0.0,0,13.1,6,14,heladas_invernales,-0.5,1,alto
2024-06-01,2024-06-01T15:00,Puno,Moho,Moho,210901,-15.3606,-69.5006,3890,16113,9989,62.0,True,papa,13.5,22,8.9,-7.7,0.0,0,12.5,6,15,heladas_invernales,-0.5,1,alto
2024-06-01,2024-06-01T16:00,Puno,Moho,Moho,210901,-15.3606,-69.5006,3890,16113,9989,62.0,True,papa,13.0,24,8.5,-7.2,0.0,0,10.8,6,16,heladas_invernales,-0.5,1,alto
2024-06-01,2024-06-01T17:00,Puno,Moho,Moho,210901,-15.3606,-69.5006,3890,16113,9989,62.0,True,papa,11.8,28,7.7,-6.3,0.0,0,8.5,6,17,heladas_invernales,-0.5,1,alto
2024-06-01,2024-06-01T18:00,Puno,Moho,Moho,210901,-15.3606,-69.5006,3890,16113,9989,62.0,True,papa,10.1,32,6.1,-5.7,0.0,0,8.0,6,18,heladas_invernales,-0.5,1,alto
2024-06-01,2024-06-01T19:00,Puno,Moho,Moho,210901,-15.3606,-69.5006,3890,16113,9989,62.0,True,papa,8.3,36,4.5,-6.0,0.0,1,6.4,6,19,heladas_invernales,-0.5,1,alto
2024-06-01,2024-06-01T20:00,Puno,Moho,Moho,210901,-15.3606,-69.5006,3890,16113,9989,62.0,True,papa,6.5,38,2.5,-6.9,0.0,2,7.3,6,20,heladas_invernales,-0.5,1,alto
2024-06-01,2024-06-01T21:00,Puno,Moho,Moho,210901,-15.3606,-69.5006,3890,16113,9989,62.0,True,papa,5.0,45,1.2,-5.9,0.0,0,6.2,6,21,heladas_invernales,-0.5,1,alto
2024-06-01,2024-06-01T22:00,Puno,Moho,Moho,210901,-15.3606,-69.5006,3890,16113,9989,62.0,True,papa,3.8,55,0.1,-4.4,0.0,0,6.8,6,22,heladas_invernales,-0.5,1,alto
2024-06-01,2024-06-01T23:00,Puno,Moho,Moho,210901,-15.3606,-69.5006,3890,16113,9989,62.0,True,papa,2.5,67,-1.1,-3.1,0.0,0,7.7,6,23,heladas_invernales,-0.5,1,alto
2024-06-02,2024-06-02T00:00,Puno,Moho,Moho,210901,-15.3606,-69.5006,3890,16113,9989,62.0,True,papa,1.4,75,-2.1,-2.5,0.0,0,7.3,6,0,heladas_invernales,-1.6,4,alto
2024-06-02,2024-06-02T01:00,Puno,Moho,Moho,210901,-15.3606,-69.5006,3890,16113,9989,62.0,True,papa,0.8,75,-2.9,-3.2,0.0,0,7.5,6,1,heladas_invernales,-1.6,4,alto
2024-06-02,2024-06-02T02:00,Puno,Moho,Moho,210901,-15.3606,-69.5006,3890,16113,9989,62.0,True,papa,0.1,74,-3.7,-3.9,0.0,0,7.9,6,2,heladas_invernales,-1.6,4,alto
2024-06-02,2024-06-02T03:00,Puno,Moho,Moho,210901,-15.3606,-69.5006,3890,16113,9989,62.0,True,papa,-0.7,74,-4.7,-4.8,0.0,0,8.2,6,3,heladas_invernales,-1.6,4,alto
2024-06-02,2024-06-02T04:00,Puno,Moho,Moho,210901,-15.3606,-69.5006,3890,16113,9989,62.0,True,papa,-1.3,72,-5.4,-5.7,0.0,0,8.7,6,4,heladas_invernales,-1.6,4,alto
2024-06-02,2024-06-02T05:00,Puno,Moho,Moho,210901,-15.3606,-69.5006,3890,16113,9989,62.0,True,papa,-1.6,68,-5.8,-6.7,0.0,0,9.0,6,5,heladas_invernales,-1.6,4,alto
2024-06-02,2024-06-02T06:00,Puno,Moho,Moho,210901,-15.3606,-69.5006,3890,16113,9989,62.0,True,papa,-1.6,63,-5.9,-7.8,0.0,0,8.4,6,6,heladas_invernales,-1.6,4,alto
2024-06-02,2024-06-02T07:00,Puno,Moho,Moho,210901,-15.3606,-69.5006,3890,16113,9989,62.0,True,papa,2.3,46,-1.7,-8.3,0.0,0,5.7,6,7,heladas_invernales,-1.6,4,alto
2024-06-02,2024-06-02T08:00,Puno,Moho,Moho,210901,-15.3606,-69.5006,3890,16113,9989,62.0,True,papa,7.6,30,3.7,-9.1,0.0,0,4.7,6,8,heladas_invernales,-1.6,4,alto
2024-06-02,2024-06-02T09:00,Puno,Moho,Moho,210901,-15.3606,-69.5006,3890,16113,9989,62.0,True,papa,10.3,20,6.2,-11.5,0.0,0,5.1,6,9,heladas_invernales,-1.6,4,alto
2024-06-02,2024-06-02T10:00,Puno,Moho,Moho,210901,-15.3606,-69.5006,3890,16113,9989,62.0,True,papa,11.7,24,8.5,-8.4,0.0,0,8.0,6,10,heladas_invernales,-1.6,4,alto
2024-06-02,2024-06-02T11:00,Puno,Moho,Moho,210901,-15.3606,-69.5006,3890,16113,9989,62.0,True,papa,12.5,29,9.5,-5.0,0.0,0,12.7,6,11,heladas_invernales,-1.6,4,alto
2024-06-02,2024-06-02T12:00,Puno,Moho,Moho,210901,-15.3606,-69.5006,3890,16113,9989,62.0,True,papa,13.1,24,10.0,-7.2,0.0,49,13.6,6,12,heladas_invernales,-1.6,4,alto
2024-06-02,2024-06-02T13:00,Puno,Moho,Moho,210901,-15.3606,-69.5006,3890,16113,9989,62.0,True,papa,13.8,17,10.4,-10.8,0.0,65,12.6,6,13,heladas_invernales,-1.6,4,alto
2024-06-02,2024-06-02T14:00,Puno,Moho,Moho,210901,-15.3606,-69.5006,3890,16113,9989,62.0,True,papa,14.1,15,10.2,-12.2,0.0,70,12.0,6,14,heladas_invernales,-1.6,4,alto
2024-06-02,2024-06-02T15:00,Puno,Moho,Moho,210901,-15.3606,-69.5006,3890,16113,9989,62.0,True,papa,14.0,15,9.1,-12.6,0.0,74,11.7,6,15,heladas_invernales,-1.6,4,alto
2024-06-02,2024-06-02T16:00,Puno,Moho,Moho,210901,-15.3606,-69.5006,3890,16113,9989,62.0,True,papa,13.3,15,8.4,-12.5,0.0,2,10.1,6,16,heladas_invernales,-1.6,4,alto
2024-06-02,2024-06-02T17:00,Puno,Moho,Moho,210901,-15.3606,-69.5006,3890,16113,9989,62.0,True,papa,12.0,20,7.5,-10.4,0.0,5,8.4,6,17,heladas_invernales,-1.6,4,alto
2024-06-02,2024-06-02T18:00,Puno,Moho,Moho,210901,-15.3606,-69.5006,3890,16113,9989,62.0,True,papa,10.6,29,6.6,-6.8,0.0,1,7.2,6,18,heladas_invernales,-1.6,4,alto
2024-06-02,2024-06-02T19:00,Puno,Moho,Moho,210901,-15.3606,-69.5006,3890,16113,9989,62.0,True,papa,9.3,33,5.4,-6.0,0.0,1,6.8,6,19,heladas_invernales,-1.6,4,alto
2024-06-02,2024-06-02T20:00,Puno,Moho,Moho,210901,-15.3606,-69.5006,3890,16113,9989,62.0,True,papa,7.8,34,3.8,-7.2,0.0,0,7.3,6,20,heladas_invernales,-1.6,4,alto
2024-06-02,2024-06-02T21:00,Puno,Moho,Moho,210901,-15.3606,-69.5006,3890,16113,9989,62.0,True,papa,6.4,41,2.3,-6.0,0.0,0,8.4,6,21,heladas_invernales,-1.6,4,alto
2024-06-02,2024-06-02T22:00,Puno,Moho,Moho,210901,-15.3606,-69.5006,3890,16113,9989,62.0,True,papa,4.5,55,0.7,-3.7,0.0,0,8.2,6,22,heladas_invernales,-1.6,4,alto
2024-06-02,2024-06-02T23:00,Puno,Moho,Moho,210901,-15.3606,-69.5006,3890,16113,9989,62.0,True,papa,2.9,71,-0.5,-1.9,0.0,0,7.0,6,23,heladas_invernales,-1.6,4,alto
2024-06-03,2024-06-03T00:00,Puno,Moho,Moho,210901,-15.3606,-69.5006,3890,16113,9989,62.0,True,papa,1.9,75,-1.6,-2.0,0.0,0,7.4,6,0,heladas_invernales,-0.8,3,alto
2024-06-03,2024-06-03T01:00,Puno,Moho,Moho,210901,-15.3606,-69.5006,3890,16113,9989,62.0,True,papa,1.2,74,-2.3,-2.8,0.0,0,7.2,6,1,heladas_invernales,-0.8,3,alto
2024-06-03,2024-06-03T02:00,Puno,Moho,Moho,210901,-15.3606,-69.5006,3890,16113,9989,62.0,True,papa,0.7,74,-3.0,-3.4,0.0,1,7.4,6,2,heladas_invernales,-0.8,3,alto
2024-06-03,2024-06-03T03:00,Puno,Moho,Moho,210901,-15.3606,-69.5006,3890,16113,9989,62.0,True,papa,0.3,73,-3.6,-4.0,0.0,1,8.3,6,3,heladas_invernales,-0.8,3,alto
2024-06-03,2024-06-03T04:00,Puno,Moho,Moho,210901,-15.3606,-69.5006,3890,16113,9989,62.0,True,papa,-0.1,71,-4.0,-4.7,0.0,1,8.1,6,4,heladas_invernales,-0.8,3,alto
2024-06-03,2024-06-03T05:00,Puno,Moho,Moho,210901,-15.3606,-69.5006,3890,16113,9989,62.0,True,papa,-0.4,69,-4.4,-5.4,0.0,0,8.1,6,5,heladas_invernales,-0.8,3,alto
2024-06-03,2024-06-03T06:00,Puno,Moho,Moho,210901,-15.3606,-69.5006,3890,16113,9989,62.0,True,papa,-0.8,66,-4.8,-6.3,0.0,0,7.9,6,6,heladas_invernales,-0.8,3,alto
2024-06-03,2024-06-03T07:00,Puno,Moho,Moho,210901,-15.3606,-69.5006,3890,16113,9989,62.0,True,papa,2.7,51,-1.2,-6.4,0.0,0,6.6,6,7,heladas_invernales,-0.8,3,alto
2024-06-03,2024-06-03T08:00,Puno,Moho,Moho,210901,-15.3606,-69.5006,3890,16113,9989,62.0,True,papa,7.9,32,4.1,-7.6,0.0,0,5.5,6,8,heladas_invernales,-0.8,3,alto
2024-06-03,2024-06-03T09:00,Puno,Moho,Moho,210901,-15.3606,-69.5006,3890,16113,9989,62.0,True,papa,11.1,22,7.3,-9.9,0.0,0,4.0,6,9,heladas_invernales,-0.8,3,alto
2024-06-03,2024-06-03T10:00,Puno,Moho,Moho,210901,-15.3606,-69.5006,3890,16113,9989,62.0,True,papa,13.2,19,10.6,-9.9,0.0,0,3.7,6,10,heladas_invernales,-0.8,3,alto
2024-06-03,2024-06-03T11:00,Puno,Moho,Moho,210901,-15.3606,-69.5006,3890,16113,9989,62.0,True,papa,14.3,14,12.6,-12.7,0.0,0,1.8,6,11,heladas_invernales,-0.8,3,alto
2024-06-03,2024-06-03T12:00,Puno,Moho,Moho,210901,-15.3606,-69.5006,3890,16113,9989,62.0,True,papa,14.3,26,11.7,-4.9,0.0,2,12.2,6,12,heladas_invernales,-0.8,3,alto
2024-06-03,2024-06-03T13:00,Puno,Moho,Moho,210901,-15.3606,-69.5006,3890,16113,9989,62.0,True,papa,13.7,38,10.6,-0.3,0.0,21,17.3,6,13,heladas_invernales,-0.8,3,alto
2024-06-03,2024-06-03T14:00,Puno,Moho,Moho,210901,-15.3606,-69.5006,3890,16113,9989,62.0,True,papa,13.8,41,10.1,0.8,0.0,32,18.5,6,14,heladas_invernales,-0.8,3,alto
2024-06-03,2024-06-03T15:00,Puno,Moho,Moho,210901,-15.3606,-69.5006,3890,16113,9989,62.0,True,papa,13.6,49,8.8,3.1,0.0,14,22.7,6,15,heladas_invernales,-0.8,3,alto
2024-06-03,2024-06-03T16:00,Puno,Moho,Moho,210901,-15.3606,-69.5006,3890,16113,9989,62.0,True,papa,13.5,40,9.5,0.0,0.0,9,13.0,6,16,heladas_invernales,-0.8,3,alto
2024-06-03,2024-06-03T17:00,Puno,Moho,Moho,210901,-15.3606,-69.5006,3890,16113,9989,62.0,True,papa,11.1,39,6.2,-2.2,0.0,3,17.1,6,17,heladas_invernales,-0.8,3,alto
2024-06-03,2024-06-03T18:00,Puno,Moho,Moho,210901,-15.3606,-69.5006,3890,16113,9989,62.0,True,papa,8.7,51,4.5,-0.9,0.0,15,13.2,6,18,heladas_invernales,-0.8,3,alto
2024-06-03,2024-06-03T19:00,Puno,Moho,Moho,210901,-15.3606,-69.5006,3890,16113,9989,62.0,True,papa,7.5,59,4.0,0.1,0.0,13,10.1,6,19,heladas_invernales,-0.8,3,alto
2024-06-03,2024-06-03T20:00,Puno,Moho,Moho,210901,-15.3606,-69.5006,3890,16113,9989,62.0,True,papa,6.1,66,2.6,0.1,0.0,7,9.4,6,20,heladas_invernales,-0.8,3,alto
2024-06-03,2024-06-03T21:00,Puno,Moho,Moho,210901,-15.3606,-69.5006,3890,16113,9989,62.0,True,papa,4.6,73,1.1,0.1,0.0,7,9.6,6,21,heladas_invernales,-0.8,3,alto
2024-06-03,2024-06-03T22:00,Puno,Moho,Moho,210901,-15.3606,-69.5006,3890,16113,9989,62.0,True,papa,3.1,76,-0.4,-0.7,0.0,19,8.7,6,22,heladas_invernales,-0.8,3,alto
2024-06-03,2024-06-03T23:00,Puno,Moho,Moho,210901,-15.3606,-69.5006,3890,16113,9989,62.0,True,papa,2.1,70,-1.5,-2.9,0.0,13,7.6,6,23,heladas_invernales,-0.8,3,alto
2024-06-04,2024-06-04T00:00,Puno,Moho,Moho,210901,-15.3606,-69.5006,3890,16113,9989,62.0,True,papa,1.1,65,-2.7,-4.7,0.0,4,7.6,6,0,heladas_invernales,-1.9,5,alto
2024-06-04,2024-06-04T01:00,Puno,Moho,Moho,210901,-15.3606,-69.5006,3890,16113,9989,62.0,True,papa,0.3,62,-3.7,-6.2,0.0,2,7.3,6,1,heladas_invernales,-1.9,5,alto
2024-06-04,2024-06-04T02:00,Puno,Moho,Moho,210901,-15.3606,-69.5006,3890,16113,9989,62.0,True,papa,-0.9,65,-4.9,-6.6,0.0,0,7.7,6,2,heladas_invernales,-1.9,5,alto
2024-06-04,2024-06-04T03:00,Puno,Moho,Moho,210901,-15.3606,-69.5006,3890,16113,9989,62.0,True,papa,-1.6,70,-5.7,-6.4,0.0,0,7.9,6,3,heladas_invernales,-1.9,5,alto
2024-06-04,2024-06-04T04:00,Puno,Moho,Moho,210901,-15.3606,-69.5006,3890,16113,9989,62.0,True,papa,-1.9,71,-6.0,-6.5,0.0,0,8.5,6,4,heladas_invernales,-1.9,5,alto
2024-06-04,2024-06-04T05:00,Puno,Moho,Moho,210901,-15.3606,-69.5006,3890,16113,9989,62.0,True,papa,-1.9,68,-6.1,-6.9,0.0,0,8.4,6,5,heladas_invernales,-1.9,5,alto
2024-06-04,2024-06-04T06:00,Puno,Moho,Moho,210901,-15.3606,-69.5006,3890,16113,9989,62.0,True,papa,-1.9,66,-6.2,-7.5,0.0,0,8.2,6,6,heladas_invernales,-1.9,5,alto
2024-06-04,2024-06-04T07:00,Puno,Moho,Moho,210901,-15.3606,-69.5006,3890,16113,9989,62.0,True,papa,1.9,45,-2.2,-8.8,0.0,0,6.4,6,7,heladas_invernales,-1.9,5,alto
2024-06-04,2024-06-04T08:00,Puno,Moho,Moho,210901,-15.3606,-69.5006,3890,16113,9989,62.0,True,papa,7.2,24,2.9,-11.9,0.0,0,6.5,6,8,heladas_invernales,-1.9,5,alto
2024-06-04,2024-06-04T09:00,Puno,Moho,Moho,210901,-15.3606,-69.5006,3890,16113,9989,62.0,True,papa,9.6,21,5.0,-11.9,0.0,1,8.5,6,9,heladas_invernales,-1.9,5,alto
2024-06-04,2024-06-04T10:00,Puno,Moho,Moho,210901,-15.3606,-69.5006,3890,16113,9989,62.0,True,papa,11.1,24,7.6,-8.6,0.0,0,9.3,6,10,heladas_invernales,-1.9,5,alto
2024-06-04,2024-06-04T11:00,Puno,Moho,Moho,210901,-15.3606,-69.5006,3890,16113,9989,62.0,True,papa,12.4,28,9.8,-5.6,0.0,0,9.7,6,11,heladas_invernales,-1.9,5,alto
2024-06-04,2024-06-04T12:00,Puno,Moho,Moho,210901,-15.3606,-69.5006,3890,16113,9989,62.0,True,papa,13.4,31,11.0,-3.3,0.0,0,11.5,6,12,heladas_invernales,-1.9,5,alto
2024-06-04,2024-06-04T13:00,Puno,Moho,Moho,210901,-15.3606,-69.5006,3890,16113,9989,62.0,True,papa,14.1,26,11.1,-5.1,0.0,0,12.9,6,13,heladas_invernales,-1.9,5,alto
2024-06-04,2024-06-04T14:00,Puno,Moho,Moho,210901,-15.3606,-69.5006,3890,16113,9989,62.0,True,papa,14.5,18,10.7,-9.5,0.0,0,12.0,6,14,heladas_invernales,-1.9,5,alto
2024-06-04,2024-06-04T15:00,Puno,Moho,Moho,210901,-15.3606,-69.5006,3890,16113,9989,62.0,True,papa,14.5,16,9.9,-11.1,0.0,0,10.3,6,15,heladas_invernales,-1.9,5,alto
2024-06-04,2024-06-04T16:00,Puno,Moho,Moho,210901,-15.3606,-69.5006,3890,16113,9989,62.0,True,papa,13.7,18,8.9,-9.9,0.0,0,10.8,6,16,heladas_invernales,-1.9,5,alto
2024-06-04,2024-06-04T17:00,Puno,Moho,Moho,210901,-15.3606,-69.5006,3890,16113,9989,62.0,True,papa,12.1,24,7.6,-7.8,0.0,0,9.5,6,17,heladas_invernales,-1.9,5,alto
2024-06-04,2024-06-04T18:00,Puno,Moho,Moho,210901,-15.3606,-69.5006,3890,16113,9989,62.0,True,papa,10.8,35,7.0,-4.3,0.0,0,7.1,6,18,heladas_invernales,-1.9,5,alto
2024-06-04,2024-06-04T19:00,Puno,Moho,Moho,210901,-15.3606,-69.5006,3890,16113,9989,62.0,True,papa,9.4,42,5.9,-2.7,0.0,0,6.8,6,19,heladas_invernales,-1.9,5,alto
2024-06-04,2024-06-04T20:00,Puno,Moho,Moho,210901,-15.3606,-69.5006,3890,16113,9989,62.0,True,papa,7.9,40,4.3,-4.7,0.0,0,5.9,6,20,heladas_invernales,-1.9,5,alto
2024-06-04,2024-06-04T21:00,Puno,Moho,Moho,210901,-15.3606,-69.5006,3890,16113,9989,62.0,True,papa,6.2,50,2.6,-3.4,0.0,0,7.1,6,21,heladas_invernales,-1.9,5,alto
2024-06-04,2024-06-04T22:00,Puno,Moho,Moho,210901,-15.3606,-69.5006,3890,16113,9989,62.0,True,papa,4.5,63,1.0,-2.0,0.0,0,7.3,6,22,heladas_invernales,-1.9,5,alto
2024-06-04,2024-06-04T23:00,Puno,Moho,Moho,210901,-15.3606,-69.5006,3890,16113,9989,62.0,True,papa,3.0,69,-0.5,-2.2,0.0,0,7.8,6,23,heladas_invernales,-1.9,5,alto
2024-06-05,2024-06-05T00:00,Puno,Moho,Moho,210901,-15.3606,-69.5006,3890,16113,9989,62.0,True,papa,1.9,70,-1.4,-3.1,0.0,0,5.2,6,0,heladas_invernales,-1.1,3,alto
2024-06-05,2024-06-05T01:00,Puno,Moho,Moho,210901,-15.3606,-69.5006,3890,16113,9989,62.0,True,papa,1.4,69,-2.0,-3.6,0.0,0,5.6,6,1,heladas_invernales,-1.1,3,alto
2024-06-05,2024-06-05T02:00,Puno,Moho,Moho,210901,-15.3606,-69.5006,3890,16113,9989,62.0,True,papa,0.7,70,-3.0,-4.1,0.0,0,7.1,6,2,heladas_invernales,-1.1,3,alto
2024-06-05,2024-06-05T03:00,Puno,Moho,Moho,210901,-15.3606,-69.5006,3890,16113,9989,62.0,True,papa,0.0,70,-3.7,-4.8,0.0,0,6.9,6,3,heladas_invernales,-1.1,3,alto
2024-06-05,2024-06-05T04:00,Puno,Moho,Moho,210901,-15.3606,-69.5006,3890,16113,9989,62.0,True,papa,-0.5,69,-4.4,-5.5,0.0,0,7.4,6,4,heladas_invernales,-1.1,3,alto
2024-06-05,2024-06-05T05:00,Puno,Moho,Moho,210901,-15.3606,-69.5006,3890,16113,9989,62.0,True,papa,-0.8,68,-4.9,-6.1,0.0,0,8.1,6,5,heladas_invernales,-1.1,3,alto
2024-06-05,2024-06-05T06:00,Puno,Moho,Moho,210901,-15.3606,-69.5006,3890,16113,9989,62.0,True,papa,-1.1,66,-5.2,-6.7,0.0,0,8.0,6,6,heladas_invernales,-1.1,3,alto
2024-06-05,2024-06-05T07:00,Puno,Moho,Moho,210901,-15.3606,-69.5006,3890,16113,9989,62.0,True,papa,2.6,48,-1.3,-7.2,0.0,0,6.4,6,7,heladas_invernales,-1.1,3,alto
2024-06-05,2024-06-05T08:00,Puno,Moho,Moho,210901,-15.3606,-69.5006,3890,16113,9989,62.0,True,papa,8.1,34,4.4,-7.0,0.0,0,4.8,6,8,heladas_invernales,-1.1,3,alto
2024-06-05,2024-06-05T09:00,Puno,Moho,Moho,210901,-15.3606,-69.5006,3890,16113,9989,62.0,True,papa,10.3,41,7.3,-2.3,0.0,0,3.8,6,9,heladas_invernales,-1.1,3,alto
2024-06-05,2024-06-05T10:00,Puno,Moho,Moho,210901,-15.3606,-69.5006,3890,16113,9989,62.0,True,papa,11.6,39,8.9,-1.8,0.0,0,8.8,6,10,heladas_invernales,-1.1,3,alto
2024-06-05,2024-06-05T11:00,Puno,Moho,Moho,210901,-15.3606,-69.5006,3890,16113,9989,62.0,True,papa,12.1,42,9.7,-0.3,0.0,0,12.4,6,11,heladas_invernales,-1.1,3,alto
2024-06-05,2024-06-05T12:00,Puno,Moho,Moho,210901,-15.3606,-69.5006,3890,16113,9989,62.0,True,papa,12.7,43,10.6,0.6,0.0,5,13.0,6,12,heladas_invernales,-1.1,3,alto
2024-06-05,2024-06-05T13:00,Puno,Moho,Moho,210901,-15.3606,-69.5006,3890,16113,9989,62.0,True,papa,13.2,44,11.0,1.4,0.0,31,12.6,6,13,heladas_invernales,-1.1,3,alto
2024-06-05,2024-06-05T14:00,Puno,Moho,Moho,210901,-15.3606,-69.5006,3890,16113,9989,62.0,True,papa,13.0,46,9.9,1.6,0.0,25,14.4,6,14,heladas_invernales,-1.1,3,alto
2024-06-05,2024-06-05T15:00,Puno,Moho,Moho,210901,-15.3606,-69.5006,3890,16113,9989,62.0,True,papa,12.6,46,8.5,1.3,0.0,12,15.1,6,15,heladas_invernales,-1.1,3,alto
2024-06-05,2024-06-05T16:00,Puno,Moho,Moho,210901,-15.3606,-69.5006,3890,16113,9989,62.0,True,papa,12.1,48,8.0,1.3,0.0,5,15.0,6,16,heladas_invernales,-1.1,3,alto
2024-06-05,2024-06-05T17:00,Puno,Moho,Moho,210901,-15.3606,-69.5006,3890,16113,9989,62.0,True,papa,11.4,57,7.8,3.1,0.0,2,13.4,6,17,heladas_invernales,-1.1,3,alto
2024-06-05,2024-06-05T18:00,Puno,Moho,Moho,210901,-15.3606,-69.5006,3890,16113,9989,62.0,True,papa,11.0,55,7.9,2.3,0.0,0,9.7,6,18,heladas_invernales,-1.1,3,alto
2024-06-05,2024-06-05T19:00,Puno,Moho,Moho,210901,-15.3606,-69.5006,3890,16113,9989,62.0,True,papa,9.2,64,6.6,2.8,0.0,0,6.5,6,19,heladas_invernales,-1.1,3,alto
2024-06-05,2024-06-05T20:00,Puno,Moho,Moho,210901,-15.3606,-69.5006,3890,16113,9989,62.0,True,papa,6.8,68,3.9,1.4,0.0,0,7.1,6,20,heladas_invernales,-1.1,3,alto
2024-06-05,2024-06-05T21:00,Puno,Moho,Moho,210901,-15.3606,-69.5006,3890,16113,9989,62.0,True,papa,4.4,59,0.7,-2.9,0.0,0,8.2,6,21,heladas_invernales,-1.1,3,alto
2024-06-05,2024-06-05T22:00,Puno,Moho,Moho,210901,-15.3606,-69.5006,3890,16113,9989,62.0,True,papa,2.5,36,-2.2,-11.3,0.0,0,8.9,6,22,heladas_invernales,-1.1,3,alto
2024-06-05,2024-06-05T23:00,Puno,Moho,Moho,210901,-15.3606,-69.5006,3890,16113,9989,62.0,True,papa,1.1,29,-3.8,-14.9,0.0,0,8.8,6,23,heladas_invernales,-1.1,3,alto
2024-06-06,2024-06-06T00:00,Puno,Moho,Moho,210901,-15.3606,-69.5006,3890,16113,9989,62.0,True,papa,0.5,30,-4.4,-15.0,0.0,0,8.6,6,0,heladas_invernales,-1.4,5,alto
2024-06-06,2024-06-06T01:00,Puno,Moho,Moho,210901,-15.3606,-69.5006,3890,16113,9989,62.0,True,papa,0.2,33,-4.6,-14.3,0.0,0,8.7,6,1,heladas_invernales,-1.4,5,alto
2024-06-06,2024-06-06T02:00,Puno,Moho,Moho,210901,-15.3606,-69.5006,3890,16113,9989,62.0,True,papa,-0.3,37,-5.0,-13.4,0.0,6,8.2,6,2,heladas_invernales,-1.4,5,alto
2024-06-06,2024-06-06T03:00,Puno,Moho,Moho,210901,-15.3606,-69.5006,3890,16113,9989,62.0,True,papa,-0.8,40,-5.4,-12.8,0.0,6,7.9,6,3,heladas_invernales,-1.4,5,alto
2024-06-06,2024-06-06T04:00,Puno,Moho,Moho,210901,-15.3606,-69.5006,3890,16113,9989,62.0,True,papa,-1.2,39,-5.9,-13.3,0.0,6,8.1,6,4,heladas_invernales,-1.4,5,alto
2024-06-06,2024-06-06T05:00,Puno,Moho,Moho,210901,-15.3606,-69.5006,3890,16113,9989,62.0,True,papa,-1.4,36,-6.1,-14.5,0.0,0,7.9,6,5,heladas_invernales,-1.4,5,alto
2024-06-06,2024-06-06T06:00,Puno,Moho,Moho,210901,-15.3606,-69.5006,3890,16113,9989,62.0,True,papa,-1.1,35,-5.7,-14.8,0.0,6,6.6,6,6,heladas_invernales,-1.4,5,alto
2024-06-06,2024-06-06T07:00,Puno,Moho,Moho,210901,-15.3606,-69.5006,3890,16113,9989,62.0,True,papa,2.9,26,-1.5,-14.8,0.0,6,5.8,6,7,heladas_invernales,-1.4,5,alto
2024-06-06,2024-06-06T08:00,Puno,Moho,Moho,210901,-15.3606,-69.5006,3890,16113,9989,62.0,True,papa,7.9,23,4.0,-11.8,0.0,0,3.3,6,8,heladas_invernales,-1.4,5,alto
2024-06-06,2024-06-06T09:00,Puno,Moho,Moho,210901,-15.3606,-69.5006,3890,16113,9989,62.0,True,papa,10.4,27,7.0,-7.9,0.0,0,2.2,6,9,heladas_invernales,-1.4,5,alto
2024-06-06,2024-06-06T10:00,Puno,Moho,Moho,210901,-15.3606,-69.5006,3890,16113,9989,62.0,True,papa,11.8,30,8.9,-5.0,0.0,0,8.1,6,10,heladas_invernales,-1.4,5,alto
2024-06-06,2024-06-06T11:00,Puno,Moho,Moho,210901,-15.3606,-69.5006,3890,16113,9989,62.0,True,papa,12.6,39,10.0,-1.0,0.0,0,12.7,6,11,heladas_invernales,-1.4,5,alto
2024-06-06,2024-06-06T12:00,Puno,Moho,Moho,210901,-15.3606,-69.5006,3890,16113,9989,62.0,True,papa,12.7,48,10.2,1.9,0.0,0,16.3,6,12,heladas_invernales,-1.4,5,alto
2024-06-06,2024-06-06T13:00,Puno,Moho,Moho,210901,-15.3606,-69.5006,3890,16113,9989,62.0,True,papa,12.8,50,10.7,2.6,0.0,0,13.9,6,13,heladas_invernales,-1.4,5,alto
2024-06-06,2024-06-06T14:00,Puno,Moho,Moho,210901,-15.3606,-69.5006,3890,16113,9989,62.0,True,papa,13.1,51,10.0,3.2,0.0,0,16.8,6,14,heladas_invernales,-1.4,5,alto
2024-06-06,2024-06-06T15:00,Puno,Moho,Moho,210901,-15.3606,-69.5006,3890,16113,9989,62.0,True,papa,13.1,49,9.0,2.5,0.0,0,17.3,6,15,heladas_invernales,-1.4,5,alto
2024-06-06,2024-06-06T16:00,Puno,Moho,Moho,210901,-15.3606,-69.5006,3890,16113,9989,62.0,True,papa,13.4,48,9.4,2.5,0.0,0,15.5,6,16,heladas_invernales,-1.4,5,alto
2024-06-06,2024-06-06T17:00,Puno,Moho,Moho,210901,-15.3606,-69.5006,3890,16113,9989,62.0,True,papa,13.4,30,9.4,-3.7,0.0,0,9.9,6,17,heladas_invernales,-1.4,5,alto
2024-06-06,2024-06-06T18:00,Puno,Moho,Moho,210901,-15.3606,-69.5006,3890,16113,9989,62.0,True,papa,11.1,29,7.1,-6.4,0.0,0,7.6,6,18,heladas_invernales,-1.4,5,alto
2024-06-06,2024-06-06T19:00,Puno,Moho,Moho,210901,-15.3606,-69.5006,3890,16113,9989,62.0,True,papa,8.5,28,4.2,-9.2,0.0,0,7.6,6,19,heladas_invernales,-1.4,5,alto
2024-06-06,2024-06-06T20:00,Puno,Moho,Moho,210901,-15.3606,-69.5006,3890,16113,9989,62.0,True,papa,5.8,35,1.5,-8.6,0.0,1,8.1,6,20,heladas_invernales,-1.4,5,alto
2024-06-06,2024-06-06T21:00,Puno,Moho,Moho,210901,-15.3606,-69.5006,3890,16113,9989,62.0,True,papa,3.9,42,-0.5,-8.0,0.0,3,8.9,6,21,heladas_invernales,-1.4,5,alto
2024-06-06,2024-06-06T22:00,Puno,Moho,Moho,210901,-15.3606,-69.5006,3890,16113,9989,62.0,True,papa,2.3,46,-2.2,-8.1,0.0,4,9.8,6,22,heladas_invernales,-1.4,5,alto
2024-06-06,2024-06-06T23:00,Puno,Moho,Moho,210901,-15.3606,-69.5006,3890,16113,9989,62.0,True,papa,1.1,50,-3.6,-8.2,0.0,4,11.0,6,23,heladas_invernales,-1.4,5,alto
2024-06-07,2024-06-07T00:00,Puno,Moho,Moho,210901,-15.3606,-69.5006,3890,16113,9989,62.0,True,papa,-0.0,56,-4.7,-7.7,0.0,4,11.1,6,0,heladas_invernales,-2.3,6,alto
2024-06-07,2024-06-07T01:00,Puno,Moho,Moho,210901,-15.3606,-69.5006,3890,16113,9989,62.0,True,papa,-1.0,61,-5.5,-7.6,0.0,3,10.5,6,1,heladas_invernales,-2.3,6,alto
2024-06-07,2024-06-07T02:00,Puno,Moho,Moho,210901,-15.3606,-69.5006,3890,16113,9989,62.0,True,papa,-1.5,61,-6.0,-8.1,0.0,0,9.8,6,2,heladas_invernales,-2.3,6,alto
2024-06-07,2024-06-07T03:00,Puno,Moho,Moho,210901,-15.3606,-69.5006,3890,16113,9989,62.0,True,papa,-2.2,57,-6.6,-9.6,0.0,0,8.2,6,3,heladas_invernales,-2.3,6,alto
2024-06-07,2024-06-07T04:00,Puno,Moho,Moho,210901,-15.3606,-69.5006,3890,16113,9989,62.0,True,papa,-2.3,52,-6.8,-10.9,0.0,0,8.2,6,4,heladas_invernales,-2.3,6,alto
2024-06-07,2024-06-07T05:00,Puno,Moho,Moho,210901,-15.3606,-69.5006,3890,16113,9989,62.0,True,papa,-2.2,47,-6.9,-12.0,0.0,0,8.5,6,5,heladas_invernales,-2.3,6,alto
2024-06-07,2024-06-07T06:00,Puno,Moho,Moho,210901,-15.3606,-69.5006,3890,16113,9989,62.0,True,papa,-2.3,43,-7.0,-13.1,0.0,0,8.9,6,6,heladas_invernales,-2.3,6,alto
2024-06-07,2024-06-07T07:00,Puno,Moho,Moho,210901,-15.3606,-69.5006,3890,16113,9989,62.0,True,papa,1.4,31,-3.2,-13.9,0.0,0,7.6,6,7,heladas_invernales,-2.3,6,alto
2024-06-07,2024-06-07T08:00,Puno,Moho,Moho,210901,-15.3606,-69.5006,3890,16113,9989,62.0,True,papa,6.9,30,2.9,-9.5,0.0,0,5.6,6,8,heladas_invernales,-2.3,6,alto
2024-06-07,2024-06-07T09:00,Puno,Moho,Moho,210901,-15.3606,-69.5006,3890,16113,9989,62.0,True,papa,9.7,18,5.8,-13.5,0.0,0,2.9,6,9,heladas_invernales,-2.3,6,alto
2024-06-07,2024-06-07T10:00,Puno,Moho,Moho,210901,-15.3606,-69.5006,3890,16113,9989,62.0,True,papa,11.4,17,8.0,-12.6,0.0,0,7.1,6,10,heladas_invernales,-2.3,6,alto
2024-06-07,2024-06-07T11:00,Puno,Moho,Moho,210901,-15.3606,-69.5006,3890,16113,9989,62.0,True,papa,12.3,28,9.5,-5.6,0.0,0,11.0,6,11,heladas_invernales,-2.3,6,alto
2024-06-07,2024-06-07T12:00,Puno,Moho,Moho,210901,-15.3606,-69.5006,3890,16113,9989,62.0,True,papa,12.8,32,9.9,-3.6,0.0,0,14.1,6,12,heladas_invernales,-2.3,6,alto
2024-06-07,2024-06-07T13:00,Puno,Moho,Moho,210901,-15.3606,-69.5006,3890,16113,9989,62.0,True,papa,13.4,27,10.3,-5.1,0.0,0,13.0,6,13,heladas_invernales,-2.3,6,alto
2024-06-07,2024-06-07T14:00,Puno,Moho,Moho,210901,-15.3606,-69.5006,3890,16113,9989,62.0,True,papa,13.6,34,10.2,-1.8,0.0,0,14.4,6,14,heladas_invernales,-2.3,6,alto
2024-06-07,2024-06-07T15:00,Puno,Moho,Moho,210901,-15.3606,-69.5006,3890,16113,9989,62.0,True,papa,13.1,44,9.3,1.2,0.0,0,14.2,6,15,heladas_invernales,-2.3,6,alto
2024-06-07,2024-06-07T16:00,Puno,Moho,Moho,210901,-15.3606,-69.5006,3890,16113,9989,62.0,True,papa,12.8,52,9.4,3.0,0.0,0,12.2,6,16,heladas_invernales,-2.3,6,alto
2024-06-07,2024-06-07T17:00,Puno,Moho,Moho,210901,-15.3606,-69.5006,3890,16113,9989,62.0,True,papa,12.4,54,9.7,3.3,0.0,0,7.6,6,17,heladas_invernales,-2.3,6,alto
2024-06-07,2024-06-07T18:00,Puno,Moho,Moho,210901,-15.3606,-69.5006,3890,16113,9989,62.0,True,papa,10.9,51,8.1,1.2,0.0,0,6.2,6,18,heladas_invernales,-2.3,6,alto
2024-06-07,2024-06-07T19:00,Puno,Moho,Moho,210901,-15.3606,-69.5006,3890,16113,9989,62.0,True,papa,8.9,39,5.1,-4.3,0.0,0,7.7,6,19,heladas_invernales,-2.3,6,alto
2024-06-07,2024-06-07T20:00,Puno,Moho,Moho,210901,-15.3606,-69.5006,3890,16113,9989,62.0,True,papa,6.1,38,1.9,-7.2,0.0,0,8.4,6,20,heladas_invernales,-2.3,6,alto
2024-06-07,2024-06-07T21:00,Puno,Moho,Moho,210901,-15.3606,-69.5006,3890,16113,9989,62.0,True,papa,3.9,51,-0.2,-5.4,0.0,0,8.9,6,21,heladas_invernales,-2.3,6,alto
2024-06-07,2024-06-07T22:00,Puno,Moho,Moho,210901,-15.3606,-69.5006,3890,16113,9989,62.0,True,papa,2.1,61,-1.9,-4.6,0.0,0,8.8,6,22,heladas_invernales,-2.3,6,alto
2024-06-07,2024-06-07T23:00,Puno,Moho,Moho,210901,-15.3606,-69.5006,3890,16113,9989,62.0,True,papa,1.0,66,-3.0,-4.6,0.0,0,8.6,6,23,heladas_invernales,-2.3,6,alto
2024-06-08,2024-06-08T00:00,Puno,Moho,Moho,210901,-15.3606,-69.5006,3890,16113,9989,62.0,True,papa,0.1,66,-4.1,-5.4,0.0,0,9.5,6,0,heladas_invernales,-2.8,6,alto
2024-06-08,2024-06-08T01:00,Puno,Moho,Moho,210901,-15.3606,-69.5006,3890,16113,9989,62.0,True,papa,-0.6,64,-4.9,-6.5,0.0,0,9.4,6,1,heladas_invernales,-2.8,6,alto
2024-06-08,2024-06-08T02:00,Puno,Moho,Moho,210901,-15.3606,-69.5006,3890,16113,9989,62.0,True,papa,-1.7,60,-6.1,-8.5,0.0,0,8.9,6,2,heladas_invernales,-2.8,6,alto
2024-06-08,2024-06-08T03:00,Puno,Moho,Moho,210901,-15.3606,-69.5006,3890,16113,9989,62.0,True,papa,-2.3,49,-7.0,-11.7,0.0,0,8.8,6,3,heladas_invernales,-2.8,6,alto
2024-06-08,2024-06-08T04:00,Puno,Moho,Moho,210901,-15.3606,-69.5006,3890,16113,9989,62.0,True,papa,-2.6,41,-7.4,-14.1,0.0,0,8.9,6,4,heladas_invernales,-2.8,6,alto
2024-06-08,2024-06-08T05:00,Puno,Moho,Moho,210901,-15.3606,-69.5006,3890,16113,9989,62.0,True,papa,-2.7,37,-7.5,-15.5,0.0,0,8.6,6,5,heladas_invernales,-2.8,6,alto
2024-06-08,2024-06-08T06:00,Puno,Moho,Moho,210901,-15.3606,-69.5006,3890,16113,9989,62.0,True,papa,-2.8,34,-7.7,-16.4,0.0,0,8.5,6,6,heladas_invernales,-2.8,6,alto
2024-06-08,2024-06-08T07:00,Puno,Moho,Moho,210901,-15.3606,-69.5006,3890,16113,9989,62.0,True,papa,1.2,25,-3.4,-16.8,0.0,0,6.7,6,7,heladas_invernales,-2.8,6,alto
2024-06-08,2024-06-08T08:00,Puno,Moho,Moho,210901,-15.3606,-69.5006,3890,16113,9989,62.0,True,papa,6.7,25,2.8,-11.9,0.0,0,3.3,6,8,heladas_invernales,-2.8,6,alto
2024-06-08,2024-06-08T09:00,Puno,Moho,Moho,210901,-15.3606,-69.5006,3890,16113,9989,62.0,True,papa,9.1,18,5.1,-14.1,0.0,0,3.4,6,9,heladas_invernales,-2.8,6,alto
2024-06-08,2024-06-08T10:00,Puno,Moho,Moho,210901,-15.3606,-69.5006,3890,16113,9989,62.0,True,papa,10.8,16,7.4,-13.8,0.0,0,6.7,6,10,heladas_invernales,-2.8,6,alto
2024-06-08,2024-06-08T11:00,Puno,Moho,Moho,210901,-15.3606,-69.5006,3890,16113,9989,62.0,True,papa,11.8,21,8.7,-9.8,0.0,0,10.7,6,11,heladas_invernales,-2.8,6,alto
2024-06-08,2024-06-08T12:00,Puno,Moho,Moho,210901,-15.3606,-69.5006,3890,16113,9989,62.0,True,papa,12.0,26,9.1,-7.1,0.0,100,12.5,6,12,heladas_invernales,-2.8,6,alto
2024-06-08,2024-06-08T13:00,Puno,Moho,Moho,210901,-15.3606,-69.5006,3890,16113,9989,62.0,True,papa,12.3,23,9.2,-8.5,0.0,82,11.7,6,13,heladas_invernales,-2.8,6,alto
2024-06-08,2024-06-08T14:00,Puno,Moho,Moho,210901,-15.3606,-69.5006,3890,16113,9989,62.0,True,papa,12.5,25,8.8,-6.9,0.0,64,12.6,6,14,heladas_invernales,-2.8,6,alto
2024-06-08,2024-06-08T15:00,Puno,Moho,Moho,210901,-15.3606,-69.5006,3890,16113,9989,62.0,True,papa,13.0,22,8.1,-8.3,0.0,100,13.0,6,15,heladas_invernales,-2.8,6,alto
2024-06-08,2024-06-08T16:00,Puno,Moho,Moho,210901,-15.3606,-69.5006,3890,16113,9989,62.0,True,papa,12.3,23,6.8,-8.4,0.0,98,16.4,6,16,heladas_invernales,-2.8,6,alto
2024-06-08,2024-06-08T17:00,Puno,Moho,Moho,210901,-15.3606,-69.5006,3890,16113,9989,62.0,True,papa,10.6,31,5.8,-5.6,0.0,100,13.4,6,17,heladas_invernales,-2.8,6,alto
2024-06-08,2024-06-08T18:00,Puno,Moho,Moho,210901,-15.3606,-69.5006,3890,16113,9989,62.0,True,papa,10.1,35,5.7,-4.6,0.0,100,11.2,6,18,heladas_invernales,-2.8,6,alto
2024-06-08,2024-06-08T19:00,Puno,Moho,Moho,210901,-15.3606,-69.5006,3890,16113,9989,62.0,True,papa,9.0,34,4.5,-6.1,0.0,25,11.6,6,19,heladas_invernales,-2.8,6,alto
2024-06-08,2024-06-08T20:00,Puno,Moho,Moho,210901,-15.3606,-69.5006,3890,16113,9989,62.0,True,papa,7.0,35,2.9,-7.4,0.0,15,7.9,6,20,heladas_invernales,-2.8,6,alto
2024-06-08,2024-06-08T21:00,Puno,Moho,Moho,210901,-15.3606,-69.5006,3890,16113,9989,62.0,True,papa,4.9,46,0.9,-5.6,0.0,26,7.9,6,21,heladas_invernales,-2.8,6,alto
2024-06-08,2024-06-08T22:00,Puno,Moho,Moho,210901,-15.3606,-69.5006,3890,16113,9989,62.0,True,papa,3.3,59,-0.8,-4.0,0.0,57,9.7,6,22,heladas_invernales,-2.8,6,alto
2024-06-08,2024-06-08T23:00,Puno,Moho,Moho,210901,-15.3606,-69.5006,3890,16113,9989,62.0,True,papa,1.7,70,-1.8,-3.2,0.0,63,6.3,6,23,heladas_invernales,-2.8,6,alto
2024-06-09,2024-06-09T00:00,Puno,Moho,Moho,210901,-15.3606,-69.5006,3890,16113,9989,62.0,True,papa,1.2,68,-2.6,-4.1,0.0,55,8.0,6,0,heladas_invernales,-1.7,5,alto
2024-06-09,2024-06-09T01:00,Puno,Moho,Moho,210901,-15.3606,-69.5006,3890,16113,9989,62.0,True,papa,0.6,62,-3.6,-5.8,0.0,37,9.2,6,1,heladas_invernales,-1.7,5,alto
2024-06-09,2024-06-09T02:00,Puno,Moho,Moho,210901,-15.3606,-69.5006,3890,16113,9989,62.0,True,papa,-0.3,56,-4.8,-7.9,0.0,45,9.7,6,2,heladas_invernales,-1.7,5,alto
2024-06-09,2024-06-09T03:00,Puno,Moho,Moho,210901,-15.3606,-69.5006,3890,16113,9989,62.0,True,papa,-1.0,52,-5.6,-9.5,0.0,100,9.5,6,3,heladas_invernales,-1.7,5,alto
2024-06-09,2024-06-09T04:00,Puno,Moho,Moho,210901,-15.3606,-69.5006,3890,16113,9989,62.0,True,papa,-1.3,49,-6.0,-10.8,0.0,91,9.5,6,4,heladas_invernales,-1.7,5,alto
2024-06-09,2024-06-09T05:00,Puno,Moho,Moho,210901,-15.3606,-69.5006,3890,16113,9989,62.0,True,papa,-1.5,44,-6.2,-12.2,0.0,92,8.8,6,5,heladas_invernales,-1.7,5,alto
2024-06-09,2024-06-09T06:00,Puno,Moho,Moho,210901,-15.3606,-69.5006,3890,16113,9989,62.0,True,papa,-1.7,40,-6.5,-13.5,0.0,99,9.2,6,6,heladas_invernales,-1.7,5,alto
2024-06-09,2024-06-09T07:00,Puno,Moho,Moho,210901,-15.3606,-69.5006,3890,16113,9989,62.0,True,papa,1.2,31,-3.3,-13.9,0.0,99,7.1,6,7,heladas_invernales,-1.7,5,alto
2024-06-09,2024-06-09T08:00,Puno,Moho,Moho,210901,-15.3606,-69.5006,3890,16113,9989,62.0,True,papa,6.5,28,2.5,-10.6,0.0,98,5.2,6,8,heladas_invernales,-1.7,5,alto
2024-06-09,2024-06-09T09:00,Puno,Moho,Moho,210901,-15.3606,-69.5006,3890,16113,9989,62.0,True,papa,8.9,29,5.2,-8.3,0.0,95,3.6,6,9,heladas_invernales,-1.7,5,alto
2024-06-09,2024-06-09T10:00,Puno,Moho,Moho,210901,-15.3606,-69.5006,3890,16113,9989,62.0,True,papa,10.2,32,7.2,-5.7,0.0,85,8.0,6,10,heladas_invernales,-1.7,5,alto
2024-06-09,2024-06-09T11:00,Puno,Moho,Moho,210901,-15.3606,-69.5006,3890,16113,9989,62.0,True,papa,11.2,36,8.6,-3.3,0.0,86,10.7,6,11,heladas_invernales,-1.7,5,alto
2024-06-09,2024-06-09T12:00,Puno,Moho,Moho,210901,-15.3606,-69.5006,3890,16113,9989,62.0,True,papa,11.7,35,8.9,-3.2,0.0,96,14.1,6,12,heladas_invernales,-1.7,5,alto
2024-06-09,2024-06-09T13:00,Puno,Moho,Moho,210901,-15.3606,-69.5006,3890,16113,9989,62.0,True,papa,12.1,27,8.6,-6.3,0.0,92,14.7,6,13,heladas_invernales,-1.7,5,alto
2024-06-09,2024-06-09T14:00,Puno,Moho,Moho,210901,-15.3606,-69.5006,3890,16113,9989,62.0,True,papa,12.2,28,8.3,-5.9,0.0,94,14.1,6,14,heladas_invernales,-1.7,5,alto
2024-06-09,2024-06-09T15:00,Puno,Moho,Moho,210901,-15.3606,-69.5006,3890,16113,9989,62.0,True,papa,12.5,27,7.7,-5.8,0.0,97,13.8,6,15,heladas_invernales,-1.7,5,alto
2024-06-09,2024-06-09T16:00,Puno,Moho,Moho,210901,-15.3606,-69.5006,3890,16113,9989,62.0,True,papa,12.0,27,6.7,-6.6,0.0,98,16.2,6,16,heladas_invernales,-1.7,5,alto
2024-06-09,2024-06-09T17:00,Puno,Moho,Moho,210901,-15.3606,-69.5006,3890,16113,9989,62.0,True,papa,10.7,34,6.0,-4.4,0.0,99,13.4,6,17,heladas_invernales,-1.7,5,alto
2024-06-09,2024-06-09T18:00,Puno,Moho,Moho,210901,-15.3606,-69.5006,3890,16113,9989,62.0,True,papa,9.8,41,5.4,-3.0,0.0,95,13.2,6,18,heladas_invernales,-1.7,5,alto
2024-06-09,2024-06-09T19:00,Puno,Moho,Moho,210901,-15.3606,-69.5006,3890,16113,9989,62.0,True,papa,8.7,42,4.3,-3.6,0.0,89,12.3,6,19,heladas_invernales,-1.7,5,alto
2024-06-09,2024-06-09T20:00,Puno,Moho,Moho,210901,-15.3606,-69.5006,3890,16113,9989,62.0,True,papa,7.3,45,3.4,-3.9,0.0,86,8.2,6,20,heladas_invernales,-1.7,5,alto
2024-06-09,2024-06-09T21:00,Puno,Moho,Moho,210901,-15.3606,-69.5006,3890,16113,9989,62.0,True,papa,5.5,54,1.8,-3.1,0.0,35,7.6,6,21,heladas_invernales,-1.7,5,alto
2024-06-09,2024-06-09T22:00,Puno,Moho,Moho,210901,-15.3606,-69.5006,3890,16113,9989,62.0,True,papa,4.2,61,0.4,-2.6,0.0,17,8.8,6,22,heladas_invernales,-1.7,5,alto
2024-06-09,2024-06-09T23:00,Puno,Moho,Moho,210901,-15.3606,-69.5006,3890,16113,9989,62.0,True,papa,2.6,70,-0.9,-2.3,0.0,17,7.1,6,23,heladas_invernales,-1.7,5,alto
2024-06-10,2024-06-10T00:00,Puno,Moho,Moho,210901,-15.3606,-69.5006,3890,16113,9989,62.0,True,papa,1.5,72,-2.0,-3.0,0.0,49,7.1,6,0,heladas_invernales,-1.6,4,alto
2024-06-10,2024-06-10T01:00,Puno,Moho,Moho,210901,-15.3606,-69.5006,3890,16113,9989,62.0,True,papa,0.7,70,-3.1,-4.1,0.0,79,7.7,6,1,heladas_invernales,-1.6,4,alto
2024-06-10,2024-06-10T02:00,Puno,Moho,Moho,210901,-15.3606,-69.5006,3890,16113,9989,62.0,True,papa,0.0,66,-4.0,-5.6,0.0,5,8.0,6,2,heladas_invernales,-1.6,4,alto
2024-06-10,2024-06-10T03:00,Puno,Moho,Moho,210901,-15.3606,-69.5006,3890,16113,9989,62.0,True,papa,-0.6,61,-4.9,-7.1,0.0,1,8.5,6,3,heladas_invernales,-1.6,4,alto
2024-06-10,2024-06-10T04:00,Puno,Moho,Moho,210901,-15.3606,-69.5006,3890,16113,9989,62.0,True,papa,-1.3,60,-5.5,-8.1,0.0,0,7.6,6,4,heladas_invernales,-1.6,4,alto
2024-06-10,2024-06-10T05:00,Puno,Moho,Moho,210901,-15.3606,-69.5006,3890,16113,9989,62.0,True,papa,-1.5,56,-5.8,-9.2,0.0,4,7.9,6,5,heladas_invernales,-1.6,4,alto
2024-06-10,2024-06-10T06:00,Puno,Moho,Moho,210901,-15.3606,-69.5006,3890,16113,9989,62.0,True,papa,-1.6,53,-6.1,-9.9,0.0,21,8.4,6,6,heladas_invernales,-1.6,4,alto
2024-06-10,2024-06-10T07:00,Puno,Moho,Moho,210901,-15.3606,-69.5006,3890,16113,9989,62.0,True,papa,1.8,41,-2.4,-10.1,0.0,86,6.3,6,7,heladas_invernales,-1.6,4,alto
2024-06-10,2024-06-10T08:00,Puno,Moho,Moho,210901,-15.3606,-69.5006,3890,16113,9989,62.0,True,papa,6.7,29,2.9,-10.2,0.0,96,4.0,6,8,heladas_invernales,-1.6,4,alto
2024-06-10,2024-06-10T09:00,Puno,Moho,Moho,210901,-15.3606,-69.5006,3890,16113,9989,62.0,True,papa,9.1,27,4.9,-8.8,0.0,100,6.8,6,9,heladas_invernales,-1.6,4,alto
2024-06-10,2024-06-10T10:00,Puno,Moho,Moho,210901,-15.3606,-69.5006,3890,16113,9989,62.0,True,papa,10.1,34,6.8,-5.1,0.0,25,10.0,6,10,heladas_invernales,-1.6,4,alto
2024-06-10,2024-06-10T11:00,Puno,Moho,Moho,210901,-15.3606,-69.5006,3890,16113,9989,62.0,True,papa,10.9,37,8.1,-3.3,0.0,23,12.0,6,11,heladas_invernales,-1.6,4,alto
2024-06-10,2024-06-10T12:00,Puno,Moho,Moho,210901,-15.3606,-69.5006,3890,16113,9989,62.0,True,papa,11.7,33,8.9,-4.3,0.0,20,12.7,6,12,heladas_invernales,-1.6,4,alto
2024-06-10,2024-06-10T13:00,Puno,Moho,Moho,210901,-15.3606,-69.5006,3890,16113,9989,62.0,True,papa,12.4,30,9.5,-4.5,0.0,81,12.4,6,13,heladas_invernales,-1.6,4,alto
2024-06-10,2024-06-10T14:00,Puno,Moho,Moho,210901,-15.3606,-69.5006,3890,16113,9989,62.0,True,papa,12.8,28,9.3,-5.2,0.0,58,12.6,6,14,heladas_invernales,-1.6,4,alto
2024-06-10,2024-06-10T15:00,Puno,Moho,Moho,210901,-15.3606,-69.5006,3890,16113,9989,62.0,True,papa,12.6,28,8.3,-5.6,0.0,29,11.7,6,15,heladas_invernales,-1.6,4,alto
2024-06-10,2024-06-10T16:00,Puno,Moho,Moho,210901,-15.3606,-69.5006,3890,16113,9989,62.0,True,papa,12.1,29,7.7,-5.6,0.0,1,10.6,6,16,heladas_invernales,-1.6,4,alto
2024-06-10,2024-06-10T17:00,Puno,Moho,Moho,210901,-15.3606,-69.5006,3890,16113,9989,62.0,True,papa,10.9,33,6.7,-4.8,0.0,5,9.8,6,17,heladas_invernales,-1.6,4,alto
2024-06-10,2024-06-10T18:00,Puno,Moho,Moho,210901,-15.3606,-69.5006,3890,16113,9989,62.0,True,papa,10.1,38,6.5,-3.6,0.0,5,6.6,6,18,heladas_invernales,-1.6,4,alto
2024-06-10,2024-06-10T19:00,Puno,Moho,Moho,210901,-15.3606,-69.5006,3890,16113,9989,62.0,True,papa,9.2,44,5.9,-2.4,0.0,9,5.8,6,19,heladas_invernales,-1.6,4,alto
2024-06-10,2024-06-10T20:00,Puno,Moho,Moho,210901,-15.3606,-69.5006,3890,16113,9989,62.0,True,papa,7.6,48,4.4,-2.7,0.0,71,5.2,6,20,heladas_invernales,-1.6,4,alto
2024-06-10,2024-06-10T21:00,Puno,Moho,Moho,210901,-15.3606,-69.5006,3890,16113,9989,62.0,True,papa,6.2,52,2.6,-3.0,0.0,85,6.9,6,21,heladas_invernales,-1.6,4,alto
2024-06-10,2024-06-10T22:00,Puno,Moho,Moho,210901,-15.3606,-69.5006,3890,16113,9989,62.0,True,papa,4.7,58,1.0,-2.9,0.0,96,8.3,6,22,heladas_invernales,-1.6,4,alto
2024-06-10,2024-06-10T23:00,Puno,Moho,Moho,210901,-15.3606,-69.5006,3890,16113,9989,62.0,True,papa,3.2,65,-0.2,-2.7,0.0,97,6.5,6,23,heladas_invernales,-1.6,4,alto
2024-06-11,2024-06-11T00:00,Puno,Moho,Moho,210901,-15.3606,-69.5006,3890,16113,9989,62.0,True,papa,2.2,72,-0.9,-2.3,0.0,97,4.4,6,0,heladas_invernales,-0.9,2,alto
2024-06-11,2024-06-11T01:00,Puno,Moho,Moho,210901,-15.3606,-69.5006,3890,16113,9989,62.0,True,papa,1.5,71,-1.9,-3.1,0.0,97,5.9,6,1,heladas_invernales,-0.9,2,alto
2024-06-11,2024-06-11T02:00,Puno,Moho,Moho,210901,-15.3606,-69.5006,3890,16113,9989,62.0,True,papa,0.9,71,-2.6,-3.8,0.0,100,6.1,6,2,heladas_invernales,-0.9,2,alto
2024-06-11,2024-06-11T03:00,Puno,Moho,Moho,210901,-15.3606,-69.5006,3890,16113,9989,62.0,True,papa,0.4,70,-3.3,-4.5,0.0,99,6.9,6,3,heladas_invernales,-0.9,2,alto
2024-06-11,2024-06-11T04:00,Puno,Moho,Moho,210901,-15.3606,-69.5006,3890,16113,9989,62.0,True,papa,0.1,68,-3.9,-5.2,0.0,99,7.9,6,4,heladas_invernales,-0.9,2,alto
2024-06-11,2024-06-11T05:00,Puno,Moho,Moho,210901,-15.3606,-69.5006,3890,16113,9989,62.0,True,papa,-0.3,67,-4.3,-5.7,0.0,100,7.9,6,5,heladas_invernales,-0.9,2,alto
2024-06-11,2024-06-11T06:00,Puno,Moho,Moho,210901,-15.3606,-69.5006,3890,16113,9989,62.0,True,papa,-0.9,68,-4.9,-6.1,0.0,71,7.4,6,6,heladas_invernales,-0.9,2,alto
2024-06-11,2024-06-11T07:00,Puno,Moho,Moho,210901,-15.3606,-69.5006,3890,16113,9989,62.0,True,papa,2.0,55,-1.7,-6.1,0.0,60,5.7,6,7,heladas_invernales,-0.9,2,alto
2024-06-11,2024-06-11T08:00,Puno,Moho,Moho,210901,-15.3606,-69.5006,3890,16113,9989,62.0,True,papa,7.5,42,4.4,-4.6,0.0,100,2.3,6,8,heladas_invernales,-0.9,2,alto
2024-06-11,2024-06-11T09:00,Puno,Moho,Moho,210901,-15.3606,-69.5006,3890,16113,9989,62.0,True,papa,9.8,39,6.4,-3.5,0.0,94,5.4,6,9,heladas_invernales,-0.9,2,alto
2024-06-11,2024-06-11T10:00,Puno,Moho,Moho,210901,-15.3606,-69.5006,3890,16113,9989,62.0,True,papa,10.7,43,7.8,-1.5,0.0,97,8.7,6,10,heladas_invernales,-0.9,2,alto
2024-06-11,2024-06-11T11:00,Puno,Moho,Moho,210901,-15.3606,-69.5006,3890,16113,9989,62.0,True,papa,11.4,46,9.1,0.2,0.0,88,11.0,6,11,heladas_invernales,-0.9,2,alto
2024-06-11,2024-06-11T12:00,Puno,Moho,Moho,210901,-15.3606,-69.5006,3890,16113,9989,62.0,True,papa,12.1,44,10.1,0.2,0.0,85,11.0,6,12,heladas_invernales,-0.9,2,alto
2024-06-11,2024-06-11T13:00,Puno,Moho,Moho,210901,-15.3606,-69.5006,3890,16113,9989,62.0,True,papa,12.6,41,10.4,-0.2,0.0,1,10.8,6,13,heladas_invernales,-0.9,2,alto
2024-06-11,2024-06-11T14:00,Puno,Moho,Moho,210901,-15.3606,-69.5006,3890,16113,9989,62.0,True,papa,12.5,40,9.6,-0.9,0.0,0,10.5,6,14,heladas_invernales,-0.9,2,alto
2024-06-11,2024-06-11T15:00,Puno,Moho,Moho,210901,-15.3606,-69.5006,3890,16113,9989,62.0,True,papa,12.8,37,9.2,-1.5,0.0,14,9.2,6,15,heladas_invernales,-0.9,2,alto
2024-06-11,2024-06-11T16:00,Puno,Moho,Moho,210901,-15.3606,-69.5006,3890,16113,9989,62.0,True,papa,12.6,38,9.1,-1.5,0.0,6,7.9,6,16,heladas_invernales,-0.9,2,alto
2024-06-11,2024-06-11T17:00,Puno,Moho,Moho,210901,-15.3606,-69.5006,3890,16113,9989,62.0,True,papa,11.8,42,8.2,-0.7,0.0,55,9.3,6,17,heladas_invernales,-0.9,2,alto
2024-06-11,2024-06-11T18:00,Puno,Moho,Moho,210901,-15.3606,-69.5006,3890,16113,9989,62.0,True,papa,10.7,55,7.1,2.1,0.0,83,12.2,6,18,heladas_invernales,-0.9,2,alto
2024-06-11,2024-06-11T19:00,Puno,Moho,Moho,210901,-15.3606,-69.5006,3890,16113,9989,62.0,True,papa,9.2,65,6.3,3.1,0.0,59,9.0,6,19,heladas_invernales,-0.9,2,alto
2024-06-11,2024-06-11T20:00,Puno,Moho,Moho,210901,-15.3606,-69.5006,3890,16113,9989,62.0,True,papa,7.8,63,5.0,1.3,0.0,13,6.4,6,20,heladas_invernales,-0.9,2,alto
2024-06-11,2024-06-11T21:00,Puno,Moho,Moho,210901,-15.3606,-69.5006,3890,16113,9989,62.0,True,papa,6.4,66,3.3,0.6,0.0,50,7.4,6,21,heladas_invernales,-0.9,2,alto
2024-06-11,2024-06-11T22:00,Puno,Moho,Moho,210901,-15.3606,-69.5006,3890,16113,9989,62.0,True,papa,5.0,71,1.8,0.3,0.0,96,7.9,6,22,heladas_invernales,-0.9,2,alto
2024-06-11,2024-06-11T23:00,Puno,Moho,Moho,210901,-15.3606,-69.5006,3890,16113,9989,62.0,True,papa,3.8,79,0.6,0.5,0.0,99,8.2,6,23,heladas_invernales,-0.9,2,alto
2024-06-12,2024-06-12T00:00,Puno,Moho,Moho,210901,-15.3606,-69.5006,3890,16113,9989,62.0,True,papa,2.7,83,-0.4,0.1,0.0,97,6.8,6,0,heladas_invernales,-0.2,1,alto
2024-06-12,2024-06-12T01:00,Puno,Moho,Moho,210901,-15.3606,-69.5006,3890,16113,9989,62.0,True,papa,1.8,83,-1.2,-0.7,0.0,82,5.4,6,1,heladas_invernales,-0.2,1,alto
2024-06-12,2024-06-12T02:00,Puno,Moho,Moho,210901,-15.3606,-69.5006,3890,16113,9989,62.0,True,papa,1.5,81,-1.8,-1.3,0.0,27,6.6,6,2,heladas_invernales,-0.2,1,alto
2024-06-12,2024-06-12T03:00,Puno,Moho,Moho,210901,-15.3606,-69.5006,3890,16113,9989,62.0,True,papa,1.1,80,-2.3,-1.9,0.0,44,6.8,6,3,heladas_invernales,-0.2,1,alto
2024-06-12,2024-06-12T04:00,Puno,Moho,Moho,210901,-15.3606,-69.5006,3890,16113,9989,62.0,True,papa,0.7,79,-2.9,-2.5,0.0,76,7.4,6,4,heladas_invernales,-0.2,1,alto
2024-06-12,2024-06-12T05:00,Puno,Moho,Moho,210901,-15.3606,-69.5006,3890,16113,9989,62.0,True,papa,0.2,78,-3.5,-3.1,0.0,34,8.4,6,5,heladas_invernales,-0.2,1,alto
2024-06-12,2024-06-12T06:00,Puno,Moho,Moho,210901,-15.3606,-69.5006,3890,16113,9989,62.0,True,papa,-0.2,78,-4.1,-3.6,0.0,18,8.8,6,6,heladas_invernales,-0.2,1,alto
2024-06-12,2024-06-12T07:00,Puno,Moho,Moho,210901,-15.3606,-69.5006,3890,16113,9989,62.0,True,papa,2.7,65,-0.9,-3.3,0.0,4,7.2,6,7,heladas_invernales,-0.2,1,alto
2024-06-12,2024-06-12T08:00,Puno,Moho,Moho,210901,-15.3606,-69.5006,3890,16113,9989,62.0,True,papa,8.2,45,4.8,-2.9,0.0,33,5.5,6,8,heladas_invernales,-0.2,1,alto
2024-06-12,2024-06-12T09:00,Puno,Moho,Moho,210901,-15.3606,-69.5006,3890,16113,9989,62.0,True,papa,10.4,45,7.1,-1.0,0.0,13,7.3,6,9,heladas_invernales,-0.2,1,alto
2024-06-12,2024-06-12T10:00,Puno,Moho,Moho,210901,-15.3606,-69.5006,3890,16113,9989,62.0,True,papa,11.6,46,8.8,0.4,0.0,9,10.1,6,10,heladas_invernales,-0.2,1,alto
2024-06-12,2024-06-12T11:00,Puno,Moho,Moho,210901,-15.3606,-69.5006,3890,16113,9989,62.0,True,papa,12.5,46,10.2,1.3,0.0,8,12.6,6,11,heladas_invernales,-0.2,1,alto
2024-06-12,2024-06-12T12:00,Puno,Moho,Moho,210901,-15.3606,-69.5006,3890,16113,9989,62.0,True,papa,13.3,40,10.9,0.0,0.0,62,13.2,6,12,heladas_invernales,-0.2,1,alto
2024-06-12,2024-06-12T13:00,Puno,Moho,Moho,210901,-15.3606,-69.5006,3890,16113,9989,62.0,True,papa,13.9,32,11.0,-2.6,0.0,12,13.2,6,13,heladas_invernales,-0.2,1,alto
2024-06-12,2024-06-12T14:00,Puno,Moho,Moho,210901,-15.3606,-69.5006,3890,16113,9989,62.0,True,papa,14.1,29,10.6,-3.6,0.0,50,12.4,6,14,heladas_invernales,-0.2,1,alto
2024-06-12,2024-06-12T15:00,Puno,Moho,Moho,210901,-15.3606,-69.5006,3890,16113,9989,62.0,True,papa,14.0,29,10.0,-3.6,0.0,49,10.1,6,15,heladas_invernales,-0.2,1,alto
2024-06-12,2024-06-12T16:00,Puno,Moho,Moho,210901,-15.3606,-69.5006,3890,16113,9989,62.0,True,papa,13.5,29,9.4,-4.0,0.0,77,9.8,6,16,heladas_invernales,-0.2,1,alto
2024-06-12,2024-06-12T17:00,Puno,Moho,Moho,210901,-15.3606,-69.5006,3890,16113,9989,62.0,True,papa,12.6,31,8.4,-4.3,0.0,55,10.2,6,17,heladas_invernales,-0.2,1,alto
2024-06-12,2024-06-12T18:00,Puno,Moho,Moho,210901,-15.3606,-69.5006,3890,16113,9989,62.0,True,papa,11.4,35,6.9,-3.5,0.0,1,12.6,6,18,heladas_invernales,-0.2,1,alto
2024-06-12,2024-06-12T19:00,Puno,Moho,Moho,210901,-15.3606,-69.5006,3890,16113,9989,62.0,True,papa,10.1,54,6.7,1.3,0.0,0,10.2,6,19,heladas_invernales,-0.2,1,alto
2024-06-12,2024-06-12T20:00,Puno,Moho,Moho,210901,-15.3606,-69.5006,3890,16113,9989,62.0,True,papa,8.7,48,5.5,-1.8,0.0,23,6.1,6,20,heladas_invernales,-0.2,1,alto
2024-06-12,2024-06-12T21:00,Puno,Moho,Moho,210901,-15.3606,-69.5006,3890,16113,9989,62.0,True,papa,7.2,58,4.1,-0.4,0.0,0,6.5,6,21,heladas_invernales,-0.2,1,alto
2024-06-12,2024-06-12T22:00,Puno,Moho,Moho,210901,-15.3606,-69.5006,3890,16113,9989,62.0,True,papa,5.7,71,3.1,0.9,0.0,0,4.3,6,22,heladas_invernales,-0.2,1,alto
2024-06-12,2024-06-12T23:00,Puno,Moho,Moho,210901,-15.3606,-69.5006,3890,16113,9989,62.0,True,papa,4.6,81,2.1,1.6,0.0,2,4.7,6,23,heladas_invernales,-0.2,1,alto
2024-06-13,2024-06-13T00:00,Puno,Moho,Moho,210901,-15.3606,-69.5006,3890,16113,9989,62.0,True,papa,3.8,83,0.8,1.1,0.0,0,7.3,6,0,heladas_invernales,0.2,0,medio
2024-06-13,2024-06-13T01:00,Puno,Moho,Moho,210901,-15.3606,-69.5006,3890,16113,9989,62.0,True,papa,3.1,83,0.0,0.5,0.0,85,7.1,6,1,heladas_invernales,0.2,0,medio
2024-06-13,2024-06-13T02:00,Puno,Moho,Moho,210901,-15.3606,-69.5006,3890,16113,9989,62.0,True,papa,2.6,81,-0.8,-0.4,0.0,90,7.9,6,2,heladas_invernales,0.2,0,medio
2024-06-13,2024-06-13T03:00,Puno,Moho,Moho,210901,-15.3606,-69.5006,3890,16113,9989,62.0,True,papa,1.9,78,-1.6,-1.5,0.0,52,8.4,6,3,heladas_invernales,0.2,0,medio
2024-06-13,2024-06-13T04:00,Puno,Moho,Moho,210901,-15.3606,-69.5006,3890,16113,9989,62.0,True,papa,1.1,78,-2.4,-2.2,0.0,76,7.2,6,4,heladas_invernales,0.2,0,medio
2024-06-13,2024-06-13T05:00,Puno,Moho,Moho,210901,-15.3606,-69.5006,3890,16113,9989,62.0,True,papa,0.6,77,-3.0,-3.0,0.0,58,7.8,6,5,heladas_invernales,0.2,0,medio
2024-06-13,2024-06-13T06:00,Puno,Moho,Moho,210901,-15.3606,-69.5006,3890,16113,9989,62.0,True,papa,0.2,76,-3.4,-3.6,0.0,89,6.8,6,6,heladas_invernales,0.2,0,medio
2024-06-13,2024-06-13T07:00,Puno,Moho,Moho,210901,-15.3606,-69.5006,3890,16113,9989,62.0,True,papa,3.3,61,-0.2,-3.5,0.0,98,6.6,6,7,heladas_invernales,0.2,0,medio
2024-06-13,2024-06-13T08:00,Puno,Moho,Moho,210901,-15.3606,-69.5006,3890,16113,9989,62.0,True,papa,8.3,42,5.0,-3.8,0.0,97,5.1,6,8,heladas_invernales,0.2,0,medio
2024-06-13,2024-06-13T09:00,Puno,Moho,Moho,210901,-15.3606,-69.5006,3890,16113,9989,62.0,True,papa,10.6,39,6.9,-2.9,0.0,70,8.0,6,9,heladas_invernales,0.2,0,medio
2024-06-13,2024-06-13T10:00,Puno,Moho,Moho,210901,-15.3606,-69.5006,3890,16113,9989,62.0,True,papa,12.0,34,8.3,-3.3,0.0,9,12.9,6,10,heladas_invernales,0.2,0,medio
2024-06-13,2024-06-13T11:00,Puno,Moho,Moho,210901,-15.3606,-69.5006,3890,16113,9989,62.0,True,papa,12.8,27,9.0,-5.8,0.0,63,16.1,6,11,heladas_invernales,0.2,0,medio
2024-06-13,2024-06-13T12:00,Puno,Moho,Moho,210901,-15.3606,-69.5006,3890,16113,9989,62.0,True,papa,13.5,25,9.8,-6.4,0.0,99,16.4,6,12,heladas_invernales,0.2,0,medio
2024-06-13,2024-06-13T13:00,Puno,Moho,Moho,210901,-15.3606,-69.5006,3890,16113,9989,62.0,True,papa,14.1,25,10.8,-5.8,0.0,99,13.3,6,13,heladas_invernales,0.2,0,medio
2024-06-13,2024-06-13T14:00,Puno,Moho,Moho,210901,-15.3606,-69.5006,3890,16113,9989,62.0,True,papa,14.2,25,10.6,-5.8,0.0,100,11.7,6,14,heladas_invernales,0.2,0,medio
2024-06-13,2024-06-13T15:00,Puno,Moho,Moho,210901,-15.3606,-69.5006,3890,16113,9989,62.0,True,papa,14.4,22,9.9,-7.0,0.0,100,10.4,6,15,heladas_invernales,0.2,0,medio
2024-06-13,2024-06-13T16:00,Puno,Moho,Moho,210901,-15.3606,-69.5006,3890,16113,9989,62.0,True,papa,14.6,21,10.2,-7.4,0.0,99,9.7,6,16,heladas_invernales,0.2,0,medio
2024-06-13,2024-06-13T17:00,Puno,Moho,Moho,210901,-15.3606,-69.5006,3890,16113,9989,62.0,True,papa,13.8,22,9.7,-7.4,0.0,100,7.4,6,17,heladas_invernales,0.2,0,medio
2024-06-13,2024-06-13T18:00,Puno,Moho,Moho,210901,-15.3606,-69.5006,3890,16113,9989,62.0,True,papa,12.1,25,7.8,-7.6,0.0,90,8.7,6,18,heladas_invernales,0.2,0,medio
2024-06-13,2024-06-13T19:00,Puno,Moho,Moho,210901,-15.3606,-69.5006,3890,16113,9989,62.0,True,papa,10.2,30,6.6,-6.8,0.0,97,4.8,6,19,heladas_invernales,0.2,0,medio
2024-06-13,2024-06-13T20:00,Puno,Moho,Moho,210901,-15.3606,-69.5006,3890,16113,9989,62.0,True,papa,9.5,43,6.2,-2.4,0.0,97,6.3,6,20,heladas_invernales,0.2,0,medio
2024-06-13,2024-06-13T21:00,Puno,Moho,Moho,210901,-15.3606,-69.5006,3890,16113,9989,62.0,True,papa,8.6,65,5.8,2.3,0.0,50,6.8,6,21,heladas_invernales,0.2,0,medio
2024-06-13,2024-06-13T22:00,Puno,Moho,Moho,210901,-15.3606,-69.5006,3890,16113,9989,62.0,True,papa,8.4,66,5.2,2.4,0.0,69,10.3,6,22,heladas_invernales,0.2,0,medio
2024-06-13,2024-06-13T23:00,Puno,Moho,Moho,210901,-15.3606,-69.5006,3890,16113,9989,62.0,True,papa,8.4,51,4.3,-1.3,0.0,80,12.2,6,23,heladas_invernales,0.2,0,medio
2024-06-14,2024-06-14T00:00,Puno,Moho,Moho,210901,-15.3606,-69.5006,3890,16113,9989,62.0,True,papa,7.2,54,3.4,-1.6,0.0,39,10.0,6,0,heladas_invernales,2.7,0,medio
2024-06-14,2024-06-14T01:00,Puno,Moho,Moho,210901,-15.3606,-69.5006,3890,16113,9989,62.0,True,papa,6.0,60,2.7,-1.2,0.0,88,7.1,6,1,heladas_invernales,2.7,0,medio
2024-06-14,2024-06-14T02:00,Puno,Moho,Moho,210901,-15.3606,-69.5006,3890,16113,9989,62.0,True,papa,7.7,55,4.8,-0.7,0.0,93,5.1,6,2,heladas_invernales,2.7,0,medio
2024-06-14,2024-06-14T03:00,Puno,Moho,Moho,210901,-15.3606,-69.5006,3890,16113,9989,62.0,True,papa,4.3,73,1.3,-0.1,0.0,95,6.4,6,3,heladas_invernales,2.7,0,medio
2024-06-14,2024-06-14T04:00,Puno,Moho,Moho,210901,-15.3606,-69.5006,3890,16113,9989,62.0,True,papa,2.7,78,-0.5,-0.8,0.0,91,7.0,6,4,heladas_invernales,2.7,0,medio
2024-06-14,2024-06-14T05:00,Puno,Moho,Moho,210901,-15.3606,-69.5006,3890,16113,9989,62.0,True,papa,3.9,68,1.0,-1.5,0.0,88,4.4,6,5,heladas_invernales,2.7,0,medio
2024-06-14,2024-06-14T06:00,Puno,Moho,Moho,210901,-15.3606,-69.5006,3890,16113,9989,62.0,True,papa,4.1,67,1.2,-1.4,0.0,97,3.8,6,6,heladas_invernales,2.7,0,medio
2024-06-14,2024-06-14T07:00,Puno,Moho,Moho,210901,-15.3606,-69.5006,3890,16113,9989,62.0,True,papa,4.1,74,1.4,-0.2,0.0,48,3.7,6,7,heladas_invernales,2.7,0,medio
2024-06-14,2024-06-14T08:00,Puno,Moho,Moho,210901,-15.3606,-69.5006,3890,16113,9989,62.0,True,papa,7.3,55,4.1,-1.2,0.0,0,6.4,6,8,heladas_invernales,2.7,0,medio
2024-06-14,2024-06-14T09:00,Puno,Moho,Moho,210901,-15.3606,-69.5006,3890,16113,9989,62.0,True,papa,8.7,45,5.1,-2.5,0.0,0,7.8,6,9,heladas_invernales,2.7,0,medio
2024-06-14,2024-06-14T10:00,Puno,Moho,Moho,210901,-15.3606,-69.5006,3890,16113,9989,62.0,True,papa,9.9,37,6.8,-4.2,0.0,0,9.0,6,10,heladas_invernales,2.7,0,medio
2024-06-14,2024-06-14T11:00,Puno,Moho,Moho,210901,-15.3606,-69.5006,3890,16113,9989,62.0,True,papa,11.3,28,8.5,-6.4,0.0,0,10.3,6,11,heladas_invernales,2.7,0,medio
2024-06-14,2024-06-14T12:00,Puno,Moho,Moho,210901,-15.3606,-69.5006,3890,16113,9989,62.0,True,papa,12.5,22,9.3,-8.5,0.0,0,12.3,6,12,heladas_invernales,2.7,0,medio
2024-06-14,2024-06-14T13:00,Puno,Moho,Moho,210901,-15.3606,-69.5006,3890,16113,9989,62.0,True,papa,13.2,19,9.7,-10.0,0.0,0,13.1,6,13,heladas_invernales,2.7,0,medio
2024-06-14,2024-06-14T14:00,Puno,Moho,Moho,210901,-15.3606,-69.5006,3890,16113,9989,62.0,True,papa,13.7,18,9.5,-10.3,0.0,0,13.3,6,14,heladas_invernales,2.7,0,medio
2024-06-14,2024-06-14T15:00,Puno,Moho,Moho,210901,-15.3606,-69.5006,3890,16113,9989,62.0,True,papa,13.5,18,8.8,-10.3,0.0,0,11.1,6,15,heladas_invernales,2.7,0,medio
2024-06-14,2024-06-14T16:00,Puno,Moho,Moho,210901,-15.3606,-69.5006,3890,16113,9989,62.0,True,papa,13.6,14,9.1,-13.1,0.0,0,6.8,6,16,heladas_invernales,2.7,0,medio
2024-06-14,2024-06-14T17:00,Puno,Moho,Moho,210901,-15.3606,-69.5006,3890,16113,9989,62.0,True,papa,13.0,16,8.5,-12.2,0.0,0,7.8,6,17,heladas_invernales,2.7,0,medio
2024-06-14,2024-06-14T18:00,Puno,Moho,Moho,210901,-15.3606,-69.5006,3890,16113,9989,62.0,True,papa,11.5,19,7.0,-11.2,0.0,0,7.6,6,18,heladas_invernales,2.7,0,medio
2024-06-14,2024-06-14T19:00,Puno,Moho,Moho,210901,-15.3606,-69.5006,3890,16113,9989,62.0,True,papa,9.6,22,5.5,-11.2,0.0,0,5.7,6,19,heladas_invernales,2.7,0,medio
2024-06-14,2024-06-14T20:00,Puno,Moho,Moho,210901,-15.3606,-69.5006,3890,16113,9989,62.0,True,papa,9.8,28,6.2,-8.0,0.0,0,3.4,6,20,heladas_invernales,2.7,0,medio
2024-06-14,2024-06-14T21:00,Puno,Moho,Moho,210901,-15.3606,-69.5006,3890,16113,9989,62.0,True,papa,7.9,38,4.5,-5.5,0.0,0,4.0,6,21,heladas_invernales,2.7,0,medio
2024-06-14,2024-06-14T22:00,Puno,Moho,Moho,210901,-15.3606,-69.5006,3890,16113,9989,62.0,True,papa,6.7,33,2.9,-8.7,0.0,0,4.3,6,22,heladas_invernales,2.7,0,medio
2024-06-14,2024-06-14T23:00,Puno,Moho,Moho,210901,-15.3606,-69.5006,3890,16113,9989,62.0,True,papa,5.0,31,0.9,-10.7,0.0,0,5.7,6,23,heladas_invernales,2.7,0,medio
2024-06-01,2024-06-01T00:00,Puno,San Antonio de Putina,Putina,211001,-14.9147,-69.8697,3878,14672,4988,34.0,True,papa,6.4,32,3.0,-9.2,0.0,0,1.6,6,0,heladas_invernales,2.5,0,medio
2024-06-01,2024-06-01T01:00,Puno,San Antonio de Putina,Putina,211001,-14.9147,-69.8697,3878,14672,4988,34.0,True,papa,5.8,34,2.3,-8.7,0.0,0,2.6,6,1,heladas_invernales,2.5,0,medio
2024-06-01,2024-06-01T02:00,Puno,San Antonio de Putina,Putina,211001,-14.9147,-69.8697,3878,14672,4988,34.0,True,papa,5.2,39,1.8,-7.5,0.0,0,2.6,6,2,heladas_invernales,2.5,0,medio
2024-06-01,2024-06-01T03:00,Puno,San Antonio de Putina,Putina,211001,-14.9147,-69.8697,3878,14672,4988,34.0,True,papa,4.6,45,1.4,-6.4,0.0,0,2.2,6,3,heladas_invernales,2.5,0,medio
2024-06-01,2024-06-01T04:00,Puno,San Antonio de Putina,Putina,211001,-14.9147,-69.8697,3878,14672,4988,34.0,True,papa,3.0,51,-0.2,-6.2,0.0,0,2.5,6,4,heladas_invernales,2.5,0,medio
2024-06-01,2024-06-01T05:00,Puno,San Antonio de Putina,Putina,211001,-14.9147,-69.8697,3878,14672,4988,34.0,True,papa,2.5,50,-1.0,-7.0,0.0,0,3.6,6,5,heladas_invernales,2.5,0,medio
2024-06-01,2024-06-01T06:00,Puno,San Antonio de Putina,Putina,211001,-14.9147,-69.8697,3878,14672,4988,34.0,True,papa,3.1,42,-0.6,-8.5,0.0,0,4.0,6,6,heladas_invernales,2.5,0,medio
2024-06-01,2024-06-01T07:00,Puno,San Antonio de Putina,Putina,211001,-14.9147,-69.8697,3878,14672,4988,34.0,True,papa,4.3,39,0.8,-8.3,0.0,0,2.9,6,7,heladas_invernales,2.5,0,medio
2024-06-01,2024-06-01T08:00,Puno,San Antonio de Putina,Putina,211001,-14.9147,-69.8697,3878,14672,4988,34.0,True,papa,7.2,40,4.1,-5.5,0.0,0,1.8,6,8,heladas_invernales,2.5,0,medio
2024-06-01,2024-06-01T09:00,Puno,San Antonio de Putina,Putina,211001,-14.9147,-69.8697,3878,14672,4988,34.0,True,papa,10.5,35,7.5,-4.2,0.0,0,2.2,6,9,heladas_invernales,2.5,0,medio
2024-06-01,2024-06-01T10:00,Puno,San Antonio de Putina,Putina,211001,-14.9147,-69.8697,3878,14672,4988,34.0,True,papa,12.6,26,10.3,-6.5,0.0,0,3.7,6,10,heladas_invernales,2.5,0,medio
2024-06-01,2024-06-01T11:00,Puno,San Antonio de Putina,Putina,211001,-14.9147,-69.8697,3878,14672,4988,34.0,True,papa,14.2,21,12.5,-7.6,0.0,0,4.1,6,11,heladas_invernales,2.5,0,medio
2024-06-01,2024-06-01T12:00,Puno,San Antonio de Putina,Putina,211001,-14.9147,-69.8697,3878,14672,4988,34.0,True,papa,15.5,19,14.0,-8.1,0.0,0,4.1,6,12,heladas_invernales,2.5,0,medio
2024-06-01,2024-06-01T13:00,Puno,San Antonio de Putina,Putina,211001,-14.9147,-69.8697,3878,14672,4988,34.0,True,papa,16.4,18,14.7,-8.2,0.0,0,4.8,6,13,heladas_invernales,2.5,0,medio
2024-06-01,2024-06-01T14:00,Puno,San Antonio de Putina,Putina,211001,-14.9147,-69.8697,3878,14672,4988,34.0,True,papa,17.0,17,14.3,-8.3,0.0,0,6.4,6,14,heladas_invernales,2.5,0,medio
2024-06-01,2024-06-01T15:00,Puno,San Antonio de Putina,Putina,211001,-14.9147,-69.8697,3878,14672,4988,34.0,True,papa,16.8,16,12.6,-8.9,0.0,0,9.2,6,15,heladas_invernales,2.5,0,medio
2024-06-01,2024-06-01T16:00,Puno,San Antonio de Putina,Putina,211001,-14.9147,-69.8697,3878,14672,4988,34.0,True,papa,15.7,16,10.7,-10.1,0.0,0,11.8,6,16,heladas_invernales,2.5,0,medio
2024-06-01,2024-06-01T17:00,Puno,San Antonio de Putina,Putina,211001,-14.9147,-69.8697,3878,14672,4988,34.0,True,papa,12.2,23,8.1,-8.5,0.0,0,6.4,6,17,heladas_invernales,2.5,0,medio
2024-06-01,2024-06-01T18:00,Puno,San Antonio de Putina,Putina,211001,-14.9147,-69.8697,3878,14672,4988,34.0,True,papa,10.9,24,6.9,-8.7,0.0,0,5.6,6,18,heladas_invernales,2.5,0,medio
2024-06-01,2024-06-01T19:00,Puno,San Antonio de Putina,Putina,211001,-14.9147,-69.8697,3878,14672,4988,34.0,True,papa,9.5,28,5.9,-8.3,0.0,2,3.4,6,19,heladas_invernales,2.5,0,medio
2024-06-01,2024-06-01T20:00,Puno,San Antonio de Putina,Putina,211001,-14.9147,-69.8697,3878,14672,4988,34.0,True,papa,9.3,26,5.8,-9.0,0.0,0,2.5,6,20,heladas_invernales,2.5,0,medio
2024-06-01,2024-06-01T21:00,Puno,San Antonio de Putina,Putina,211001,-14.9147,-69.8697,3878,14672,4988,34.0,True,papa,8.6,27,4.9,-9.5,0.0,0,3.5,6,21,heladas_invernales,2.5,0,medio
2024-06-01,2024-06-01T22:00,Puno,San Antonio de Putina,Putina,211001,-14.9147,-69.8697,3878,14672,4988,34.0,True,papa,5.9,33,2.0,-9.3,0.0,0,4.5,6,22,heladas_invernales,2.5,0,medio
2024-06-01,2024-06-01T23:00,Puno,San Antonio de Putina,Putina,211001,-14.9147,-69.8697,3878,14672,4988,34.0,True,papa,3.1,40,-0.9,-9.2,0.0,0,5.8,6,23,heladas_invernales,2.5,0,medio
2024-06-02,2024-06-02T00:00,Puno,San Antonio de Putina,Putina,211001,-14.9147,-69.8697,3878,14672,4988,34.0,True,papa,2.9,40,-0.9,-9.5,0.0,0,4.5,6,0,heladas_invernales,1.6,0,medio
2024-06-02,2024-06-02T01:00,Puno,San Antonio de Putina,Putina,211001,-14.9147,-69.8697,3878,14672,4988,34.0,True,papa,2.0,41,-1.9,-9.8,0.0,0,4.7,6,1,heladas_invernales,1.6,0,medio
2024-06-02,2024-06-02T02:00,Puno,San Antonio de Putina,Putina,211001,-14.9147,-69.8697,3878,14672,4988,34.0,True,papa,1.6,41,-2.4,-10.4,0.0,0,5.2,6,2,heladas_invernales,1.6,0,medio
2024-06-02,2024-06-02T03:00,Puno,San Antonio de Putina,Putina,211001,-14.9147,-69.8697,3878,14672,4988,34.0,True,papa,1.8,39,-2.2,-10.8,0.0,0,4.7,6,3,heladas_invernales,1.6,0,medio
2024-06-02,2024-06-02T04:00,Puno,San Antonio de Putina,Putina,211001,-14.9147,-69.8697,3878,14672,4988,34.0,True,papa,3.4,35,-0.5,-10.5,0.0,0,4.4,6,4,heladas_invernales,1.6,0,medio
2024-06-02,2024-06-02T05:00,Puno,San Antonio de Putina,Putina,211001,-14.9147,-69.8697,3878,14672,4988,34.0,True,papa,4.0,38,0.2,-9.1,0.0,0,4.0,6,5,heladas_invernales,1.6,0,medio
2024-06-02,2024-06-02T06:00,Puno,San Antonio de Putina,Putina,211001,-14.9147,-69.8697,3878,14672,4988,34.0,True,papa,3.6,43,-0.1,-7.9,0.0,0,4.3,6,6,heladas_invernales,1.6,0,medio
2024-06-02,2024-06-02T07:00,Puno,San Antonio de Putina,Putina,211001,-14.9147,-69.8697,3878,14672,4988,34.0,True,papa,3.8,49,0.6,-6.0,0.0,0,2.5,6,7,heladas_invernales,1.6,0,medio
2024-06-02,2024-06-02T08:00,Puno,San Antonio de Putina,Putina,211001,-14.9147,-69.8697,3878,14672,4988,34.0,True,papa,7.2,38,4.1,-6.1,0.0,0,2.0,6,8,heladas_invernales,1.6,0,medio
2024-06-02,2024-06-02T09:00,Puno,San Antonio de Putina,Putina,211001,-14.9147,-69.8697,3878,14672,4988,34.0,True,papa,10.6,31,7.4,-5.7,0.0,0,2.3,6,9,heladas_invernales,1.6,0,medio
2024-06-02,2024-06-02T10:00,Puno,San Antonio de Putina,Putina,211001,-14.9147,-69.8697,3878,14672,4988,34.0,True,papa,12.9,26,10.9,-6.1,0.0,0,2.2,6,10,heladas_invernales,1.6,0,medio
2024-06-02,2024-06-02T11:00,Puno,San Antonio de Putina,Putina,211001,-14.9147,-69.8697,3878,14672,4988,34.0,True,papa,14.8,21,13.1,-7.1,0.0,0,4.1,6,11,heladas_invernales,1.6,0,medio
2024-06-02,2024-06-02T12:00,Puno,San Antonio de Putina,Putina,211001,-14.9147,-69.8697,3878,14672,4988,34.0,True,papa,16.1,19,14.2,-7.7,0.0,52,6.5,6,12,heladas_invernales,1.6,0,medio
2024-06-02,2024-06-02T13:00,Puno,San Antonio de Putina,Putina,211001,-14.9147,-69.8697,3878,14672,4988,34.0,True,papa,16.9,17,14.7,-8.1,0.0,52,6.9,6,13,heladas_invernales,1.6,0,medio
2024-06-02,2024-06-02T14:00,Puno,San Antonio de Putina,Putina,211001,-14.9147,-69.8697,3878,14672,4988,34.0,True,papa,17.2,16,14.1,-8.7,0.0,38,8.4,6,14,heladas_invernales,1.6,0,medio
2024-06-02,2024-06-02T15:00,Puno,San Antonio de Putina,Putina,211001,-14.9147,-69.8697,3878,14672,4988,34.0,True,papa,16.8,16,12.2,-9.6,0.0,58,11.1,6,15,heladas_invernales,1.6,0,medio
2024-06-02,2024-06-02T16:00,Puno,San Antonio de Putina,Putina,211001,-14.9147,-69.8697,3878,14672,4988,34.0,True,papa,15.6,15,10.4,-10.6,0.0,30,13.2,6,16,heladas_invernales,1.6,0,medio
2024-06-02,2024-06-02T17:00,Puno,San Antonio de Putina,Putina,211001,-14.9147,-69.8697,3878,14672,4988,34.0,True,papa,12.4,19,8.1,-10.5,0.0,7,7.1,6,17,heladas_invernales,1.6,0,medio
2024-06-02,2024-06-02T18:00,Puno,San Antonio de Putina,Putina,211001,-14.9147,-69.8697,3878,14672,4988,34.0,True,papa,9.2,24,4.9,-10.2,0.0,1,7.4,6,18,heladas_invernales,1.6,0,medio
2024-06-02,2024-06-02T19:00,Puno,San Antonio de Putina,Putina,211001,-14.9147,-69.8697,3878,14672,4988,34.0,True,papa,9.6,21,5.6,-11.7,0.0,15,4.3,6,19,heladas_invernales,1.6,0,medio
2024-06-02,2024-06-02T20:00,Puno,San Antonio de Putina,Putina,211001,-14.9147,-69.8697,3878,14672,4988,34.0,True,papa,8.7,22,4.9,-12.0,0.0,2,2.6,6,20,heladas_invernales,1.6,0,medio
2024-06-02,2024-06-02T21:00,Puno,San Antonio de Putina,Putina,211001,-14.9147,-69.8697,3878,14672,4988,34.0,True,papa,8.1,22,4.2,-12.7,0.0,0,2.9,6,21,heladas_invernales,1.6,0,medio
2024-06-02,2024-06-02T22:00,Puno,San Antonio de Putina,Putina,211001,-14.9147,-69.8697,3878,14672,4988,34.0,True,papa,7.3,21,3.3,-13.4,0.0,0,3.2,6,22,heladas_invernales,1.6,0,medio
2024-06-02,2024-06-02T23:00,Puno,San Antonio de Putina,Putina,211001,-14.9147,-69.8697,3878,14672,4988,34.0,True,papa,6.1,23,2.3,-13.5,0.0,0,2.6,6,23,heladas_invernales,1.6,0,medio
2024-06-03,2024-06-03T00:00,Puno,San Antonio de Putina,Putina,211001,-14.9147,-69.8697,3878,14672,4988,34.0,True,papa,4.8,27,0.7,-12.9,0.0,0,4.6,6,0,heladas_invernales,1.5,0,medio
2024-06-03,2024-06-03T01:00,Puno,San Antonio de Putina,Putina,211001,-14.9147,-69.8697,3878,14672,4988,34.0,True,papa,3.8,28,-0.3,-12.9,0.0,0,4.7,6,1,heladas_invernales,1.5,0,medio
2024-06-03,2024-06-03T02:00,Puno,San Antonio de Putina,Putina,211001,-14.9147,-69.8697,3878,14672,4988,34.0,True,papa,3.3,28,-0.7,-13.3,0.0,0,3.7,6,2,heladas_invernales,1.5,0,medio
2024-06-03,2024-06-03T03:00,Puno,San Antonio de Putina,Putina,211001,-14.9147,-69.8697,3878,14672,4988,34.0,True,papa,3.1,27,-1.2,-14.1,0.0,0,5.0,6,3,heladas_invernales,1.5,0,medio
2024-06-03,2024-06-03T04:00,Puno,San Antonio de Putina,Putina,211001,-14.9147,-69.8697,3878,14672,4988,34.0,True,papa,2.0,30,-2.3,-14.0,0.0,0,5.5,6,4,heladas_invernales,1.5,0,medio
2024-06-03,2024-06-03T05:00,Puno,San Antonio de Putina,Putina,211001,-14.9147,-69.8697,3878,14672,4988,34.0,True,papa,2.2,29,-2.1,-13.9,0.0,0,5.6,6,5,heladas_invernales,1.5,0,medio
2024-06-03,2024-06-03T06:00,Puno,San Antonio de Putina,Putina,211001,-14.9147,-69.8697,3878,14672,4988,34.0,True,papa,2.6,27,-1.8,-14.6,0.0,0,5.7,6,6,heladas_invernales,1.5,0,medio
2024-06-03,2024-06-03T07:00,Puno,San Antonio de Putina,Putina,211001,-14.9147,-69.8697,3878,14672,4988,34.0,True,papa,3.1,32,-0.8,-12.2,0.0,0,3.1,6,7,heladas_invernales,1.5,0,medio
2024-06-03,2024-06-03T08:00,Puno,San Antonio de Putina,Putina,211001,-14.9147,-69.8697,3878,14672,4988,34.0,True,papa,6.1,28,2.3,-11.2,0.0,0,3.4,6,8,heladas_invernales,1.5,0,medio
2024-06-03,2024-06-03T09:00,Puno,San Antonio de Putina,Putina,211001,-14.9147,-69.8697,3878,14672,4988,34.0,True,papa,10.6,22,7.0,-10.0,0.0,0,2.9,6,9,heladas_invernales,1.5,0,medio
2024-06-03,2024-06-03T10:00,Puno,San Antonio de Putina,Putina,211001,-14.9147,-69.8697,3878,14672,4988,34.0,True,papa,13.5,20,10.8,-9.2,0.0,0,5.0,6,10,heladas_invernales,1.5,0,medio
2024-06-03,2024-06-03T11:00,Puno,San Antonio de Putina,Putina,211001,-14.9147,-69.8697,3878,14672,4988,34.0,True,papa,15.6,17,13.0,-9.2,0.0,1,8.6,6,11,heladas_invernales,1.5,0,medio
2024-06-03,2024-06-03T12:00,Puno,San Antonio de Putina,Putina,211001,-14.9147,-69.8697,3878,14672,4988,34.0,True,papa,16.8,15,13.7,-10.2,0.0,13,12.1,6,12,heladas_invernales,1.5,0,medio
2024-06-03,2024-06-03T13:00,Puno,San Antonio de Putina,Putina,211001,-14.9147,-69.8697,3878,14672,4988,34.0,True,papa,17.1,14,13.2,-10.5,0.0,48,15.7,6,13,heladas_invernales,1.5,0,medio
2024-06-03,2024-06-03T14:00,Puno,San Antonio de Putina,Putina,211001,-14.9147,-69.8697,3878,14672,4988,34.0,True,papa,16.6,15,11.7,-10.2,0.0,22,18.4,6,14,heladas_invernales,1.5,0,medio
2024-06-03,2024-06-03T15:00,Puno,San Antonio de Putina,Putina,211001,-14.9147,-69.8697,3878,14672,4988,34.0,True,papa,15.5,15,9.5,-10.7,0.0,9,20.2,6,15,heladas_invernales,1.5,0,medio
2024-06-03,2024-06-03T16:00,Puno,San Antonio de Putina,Putina,211001,-14.9147,-69.8697,3878,14672,4988,34.0,True,papa,14.2,14,8.0,-13.0,0.0,16,18.8,6,16,heladas_invernales,1.5,0,medio
2024-06-03,2024-06-03T17:00,Puno,San Antonio de Putina,Putina,211001,-14.9147,-69.8697,3878,14672,4988,34.0,True,papa,11.4,18,7.0,-12.1,0.0,20,7.2,6,17,heladas_invernales,1.5,0,medio
2024-06-03,2024-06-03T18:00,Puno,San Antonio de Putina,Putina,211001,-14.9147,-69.8697,3878,14672,4988,34.0,True,papa,10.0,21,5.8,-11.3,0.0,24,6.5,6,18,heladas_invernales,1.5,0,medio
2024-06-03,2024-06-03T19:00,Puno,San Antonio de Putina,Putina,211001,-14.9147,-69.8697,3878,14672,4988,34.0,True,papa,7.6,28,3.8,-9.9,0.0,10,3.7,6,19,heladas_invernales,1.5,0,medio
2024-06-03,2024-06-03T20:00,Puno,San Antonio de Putina,Putina,211001,-14.9147,-69.8697,3878,14672,4988,34.0,True,papa,4.0,42,0.1,-7.7,0.0,2,6.0,6,20,heladas_invernales,1.5,0,medio
2024-06-03,2024-06-03T21:00,Puno,San Antonio de Putina,Putina,211001,-14.9147,-69.8697,3878,14672,4988,34.0,True,papa,1.7,48,-2.2,-8.2,0.0,1,5.6,6,21,heladas_invernales,1.5,0,medio
2024-06-03,2024-06-03T22:00,Puno,San Antonio de Putina,Putina,211001,-14.9147,-69.8697,3878,14672,4988,34.0,True,papa,1.6,42,-2.5,-10.0,0.0,0,5.9,6,22,heladas_invernales,1.5,0,medio
2024-06-03,2024-06-03T23:00,Puno,San Antonio de Putina,Putina,211001,-14.9147,-69.8697,3878,14672,4988,34.0,True,papa,1.5,39,-2.4,-11.1,0.0,0,4.5,6,23,heladas_invernales,1.5,0,medio
2024-06-04,2024-06-04T00:00,Puno,San Antonio de Putina,Putina,211001,-14.9147,-69.8697,3878,14672,4988,34.0,True,papa,1.4,39,-2.5,-11.0,0.0,0,4.0,6,0,heladas_invernales,-0.8,4,alto
2024-06-04,2024-06-04T01:00,Puno,San Antonio de Putina,Putina,211001,-14.9147,-69.8697,3878,14672,4988,34.0,True,papa,0.6,53,-3.1,-7.9,0.0,0,4.3,6,1,heladas_invernales,-0.8,4,alto
2024-06-04,2024-06-04T02:00,Puno,San Antonio de Putina,Putina,211001,-14.9147,-69.8697,3878,14672,4988,34.0,True,papa,-0.4,76,-3.8,-4.2,0.0,0,4.9,6,2,heladas_invernales,-0.8,4,alto
2024-06-04,2024-06-04T03:00,Puno,San Antonio de Putina,Putina,211001,-14.9147,-69.8697,3878,14672,4988,34.0,True,papa,-0.8,90,-4.0,-2.3,0.0,0,4.8,6,3,heladas_invernales,-0.8,4,alto
2024-06-04,2024-06-04T04:00,Puno,San Antonio de Putina,Putina,211001,-14.9147,-69.8697,3878,14672,4988,34.0,True,papa,-0.1,95,-3.0,-0.8,0.0,0,5.2,6,4,heladas_invernales,-0.8,4,alto
2024-06-04,2024-06-04T05:00,Puno,San Antonio de Putina,Putina,211001,-14.9147,-69.8697,3878,14672,4988,34.0,True,papa,0.6,95,-2.2,-0.0,0.0,0,5.2,6,5,heladas_invernales,-0.8,4,alto
2024-06-04,2024-06-04T06:00,Puno,San Antonio de Putina,Putina,211001,-14.9147,-69.8697,3878,14672,4988,34.0,True,papa,-0.5,95,-3.6,-1.1,0.0,0,5.8,6,6,heladas_invernales,-0.8,4,alto
2024-06-04,2024-06-04T07:00,Puno,San Antonio de Putina,Putina,211001,-14.9147,-69.8697,3878,14672,4988,34.0,True,papa,1.9,90,-0.8,0.4,0.0,0,4.6,6,7,heladas_invernales,-0.8,4,alto
2024-06-04,2024-06-04T08:00,Puno,San Antonio de Putina,Putina,211001,-14.9147,-69.8697,3878,14672,4988,34.0,True,papa,5.1,73,2.7,0.7,0.0,26,2.6,6,8,heladas_invernales,-0.8,4,alto
2024-06-04,2024-06-04T09:00,Puno,San Antonio de Putina,Putina,211001,-14.9147,-69.8697,3878,14672,4988,34.0,True,papa,9.4,40,6.4,-3.5,0.0,2,2.5,6,9,heladas_invernales,-0.8,4,alto
2024-06-04,2024-06-04T10:00,Puno,San Antonio de Putina,Putina,211001,-14.9147,-69.8697,3878,14672,4988,34.0,True,papa,12.3,27,10.5,-6.3,0.0,0,0.8,6,10,heladas_invernales,-0.8,4,alto
2024-06-04,2024-06-04T11:00,Puno,San Antonio de Putina,Putina,211001,-14.9147,-69.8697,3878,14672,4988,34.0,True,papa,14.5,22,13.2,-7.2,0.0,0,1.9,6,11,heladas_invernales,-0.8,4,alto
2024-06-04,2024-06-04T12:00,Puno,San Antonio de Putina,Putina,211001,-14.9147,-69.8697,3878,14672,4988,34.0,True,papa,16.2,19,14.7,-7.4,0.0,0,4.2,6,12,heladas_invernales,-0.8,4,alto
2024-06-04,2024-06-04T13:00,Puno,San Antonio de Putina,Putina,211001,-14.9147,-69.8697,3878,14672,4988,34.0,True,papa,17.1,18,15.2,-7.4,0.0,0,6.1,6,13,heladas_invernales,-0.8,4,alto
2024-06-04,2024-06-04T14:00,Puno,San Antonio de Putina,Putina,211001,-14.9147,-69.8697,3878,14672,4988,34.0,True,papa,17.4,18,14.6,-7.0,0.0,2,7.5,6,14,heladas_invernales,-0.8,4,alto
2024-06-04,2024-06-04T15:00,Puno,San Antonio de Putina,Putina,211001,-14.9147,-69.8697,3878,14672,4988,34.0,True,papa,17.0,21,12.9,-5.7,0.0,1,10.0,6,15,heladas_invernales,-0.8,4,alto
2024-06-04,2024-06-04T16:00,Puno,San Antonio de Putina,Putina,211001,-14.9147,-69.8697,3878,14672,4988,34.0,True,papa,15.7,24,11.2,-4.9,0.0,0,12.1,6,16,heladas_invernales,-0.8,4,alto
2024-06-04,2024-06-04T17:00,Puno,San Antonio de Putina,Putina,211001,-14.9147,-69.8697,3878,14672,4988,34.0,True,papa,12.9,26,9.0,-6.1,0.0,0,7.2,6,17,heladas_invernales,-0.8,4,alto
2024-06-04,2024-06-04T18:00,Puno,San Antonio de Putina,Putina,211001,-14.9147,-69.8697,3878,14672,4988,34.0,True,papa,8.7,31,4.3,-7.4,0.0,0,9.7,6,18,heladas_invernales,-0.8,4,alto
2024-06-04,2024-06-04T19:00,Puno,San Antonio de Putina,Putina,211001,-14.9147,-69.8697,3878,14672,4988,34.0,True,papa,10.0,24,5.9,-9.7,0.0,0,6.4,6,19,heladas_invernales,-0.8,4,alto
2024-06-04,2024-06-04T20:00,Puno,San Antonio de Putina,Putina,211001,-14.9147,-69.8697,3878,14672,4988,34.0,True,papa,8.9,22,5.2,-11.9,0.0,0,1.8,6,20,heladas_invernales,-0.8,4,alto
2024-06-04,2024-06-04T21:00,Puno,San Antonio de Putina,Putina,211001,-14.9147,-69.8697,3878,14672,4988,34.0,True,papa,8.6,21,4.7,-12.7,0.0,0,2.9,6,21,heladas_invernales,-0.8,4,alto
2024-06-04,2024-06-04T22:00,Puno,San Antonio de Putina,Putina,211001,-14.9147,-69.8697,3878,14672,4988,34.0,True,papa,7.4,22,3.4,-13.1,0.0,0,4.1,6,22,heladas_invernales,-0.8,4,alto
2024-06-04,2024-06-04T23:00,Puno,San Antonio de Putina,Putina,211001,-14.9147,-69.8697,3878,14672,4988,34.0,True,papa,6.0,24,1.9,-13.0,0.0,0,4.1,6,23,heladas_invernales,-0.8,4,alto
2024-06-05,2024-06-05T00:00,Puno,San Antonio de Putina,Putina,211001,-14.9147,-69.8697,3878,14672,4988,34.0,True,papa,5.2,24,1.2,-13.8,0.0,0,4.0,6,0,heladas_invernales,2.1,0,medio
2024-06-05,2024-06-05T01:00,Puno,San Antonio de Putina,Putina,211001,-14.9147,-69.8697,3878,14672,4988,34.0,True,papa,4.7,25,0.8,-13.9,0.0,0,2.9,6,1,heladas_invernales,2.1,0,medio
2024-06-05,2024-06-05T02:00,Puno,San Antonio de Putina,Putina,211001,-14.9147,-69.8697,3878,14672,4988,34.0,True,papa,4.3,25,0.2,-13.8,0.0,0,4.4,6,2,heladas_invernales,2.1,0,medio
2024-06-05,2024-06-05T03:00,Puno,San Antonio de Putina,Putina,211001,-14.9147,-69.8697,3878,14672,4988,34.0,True,papa,4.1,27,-0.0,-13.5,0.0,0,4.3,6,3,heladas_invernales,2.1,0,medio
2024-06-05,2024-06-05T04:00,Puno,San Antonio de Putina,Putina,211001,-14.9147,-69.8697,3878,14672,4988,34.0,True,papa,2.1,32,-2.0,-13.0,0.0,0,4.8,6,4,heladas_invernales,2.1,0,medio
2024-06-05,2024-06-05T05:00,Puno,San Antonio de Putina,Putina,211001,-14.9147,-69.8697,3878,14672,4988,34.0,True,papa,3.6,30,-0.5,-12.6,0.0,0,4.2,6,5,heladas_invernales,2.1,0,medio
2024-06-05,2024-06-05T06:00,Puno,San Antonio de Putina,Putina,211001,-14.9147,-69.8697,3878,14672,4988,34.0,True,papa,3.8,31,-0.1,-11.7,0.0,0,3.2,6,6,heladas_invernales,2.1,0,medio
2024-06-05,2024-06-05T07:00,Puno,San Antonio de Putina,Putina,211001,-14.9147,-69.8697,3878,14672,4988,34.0,True,papa,3.5,48,0.1,-6.4,0.0,0,3.4,6,7,heladas_invernales,2.1,0,medio
2024-06-05,2024-06-05T08:00,Puno,San Antonio de Putina,Putina,211001,-14.9147,-69.8697,3878,14672,4988,34.0,True,papa,6.5,30,2.9,-10.0,0.0,0,2.6,6,8,heladas_invernales,2.1,0,medio
2024-06-05,2024-06-05T09:00,Puno,San Antonio de Putina,Putina,211001,-14.9147,-69.8697,3878,14672,4988,34.0,True,papa,9.9,26,6.6,-8.6,0.0,0,1.8,6,9,heladas_invernales,2.1,0,medio
2024-06-05,2024-06-05T10:00,Puno,San Antonio de Putina,Putina,211001,-14.9147,-69.8697,3878,14672,4988,34.0,True,papa,12.6,24,9.9,-7.3,0.0,0,5.5,6,10,heladas_invernales,2.1,0,medio
2024-06-05,2024-06-05T11:00,Puno,San Antonio de Putina,Putina,211001,-14.9147,-69.8697,3878,14672,4988,34.0,True,papa,14.4,23,12.1,-6.7,0.0,0,7.7,6,11,heladas_invernales,2.1,0,medio
2024-06-05,2024-06-05T12:00,Puno,San Antonio de Putina,Putina,211001,-14.9147,-69.8697,3878,14672,4988,34.0,True,papa,15.7,19,13.4,-7.7,0.0,0,8.9,6,12,heladas_invernales,2.1,0,medio
2024-06-05,2024-06-05T13:00,Puno,San Antonio de Putina,Putina,211001,-14.9147,-69.8697,3878,14672,4988,34.0,True,papa,16.3,19,13.8,-7.5,0.0,0,9.0,6,13,heladas_invernales,2.1,0,medio
2024-06-05,2024-06-05T14:00,Puno,San Antonio de Putina,Putina,211001,-14.9147,-69.8697,3878,14672,4988,34.0,True,papa,16.6,19,13.6,-6.9,0.0,0,8.3,6,14,heladas_invernales,2.1,0,medio
2024-06-05,2024-06-05T15:00,Puno,San Antonio de Putina,Putina,211001,-14.9147,-69.8697,3878,14672,4988,34.0,True,papa,16.5,20,12.6,-6.2,0.0,0,8.8,6,15,heladas_invernales,2.1,0,medio
2024-06-05,2024-06-05T16:00,Puno,San Antonio de Putina,Putina,211001,-14.9147,-69.8697,3878,14672,4988,34.0,True,papa,15.7,23,11.3,-5.3,0.0,0,11.2,6,16,heladas_invernales,2.1,0,medio
2024-06-05,2024-06-05T17:00,Puno,San Antonio de Putina,Putina,211001,-14.9147,-69.8697,3878,14672,4988,34.0,True,papa,12.7,37,8.6,-1.8,0.0,0,11.6,6,17,heladas_invernales,2.1,0,medio
2024-06-05,2024-06-05T18:00,Puno,San Antonio de Putina,Putina,211001,-14.9147,-69.8697,3878,14672,4988,34.0,True,papa,8.8,58,5.9,0.9,0.0,0,6.2,6,18,heladas_invernales,2.1,0,medio
2024-06-05,2024-06-05T19:00,Puno,San Antonio de Putina,Putina,211001,-14.9147,-69.8697,3878,14672,4988,34.0,True,papa,7.6,67,4.9,1.8,0.0,0,5.8,6,19,heladas_invernales,2.1,0,medio
2024-06-05,2024-06-05T20:00,Puno,San Antonio de Putina,Putina,211001,-14.9147,-69.8697,3878,14672,4988,34.0,True,papa,8.3,60,6.1,1.0,0.0,0,1.8,6,20,heladas_invernales,2.1,0,medio
2024-06-05,2024-06-05T21:00,Puno,San Antonio de Putina,Putina,211001,-14.9147,-69.8697,3878,14672,4988,34.0,True,papa,7.3,65,5.1,1.2,0.0,0,1.8,6,21,heladas_invernales,2.1,0,medio
2024-06-05,2024-06-05T22:00,Puno,San Antonio de Putina,Putina,211001,-14.9147,-69.8697,3878,14672,4988,34.0,True,papa,7.3,66,5.0,1.4,0.0,0,2.5,6,22,heladas_invernales,2.1,0,medio
2024-06-05,2024-06-05T23:00,Puno,San Antonio de Putina,Putina,211001,-14.9147,-69.8697,3878,14672,4988,34.0,True,papa,6.5,70,4.0,1.4,0.0,0,4.0,6,23,heladas_invernales,2.1,0,medio
2024-06-06,2024-06-06T00:00,Puno,San Antonio de Putina,Putina,211001,-14.9147,-69.8697,3878,14672,4988,34.0,True,papa,5.4,75,2.8,1.2,0.0,29,4.3,6,0,heladas_invernales,0.9,0,medio
2024-06-06,2024-06-06T01:00,Puno,San Antonio de Putina,Putina,211001,-14.9147,-69.8697,3878,14672,4988,34.0,True,papa,3.9,81,1.3,0.9,0.0,4,4.5,6,1,heladas_invernales,0.9,0,medio
2024-06-06,2024-06-06T02:00,Puno,San Antonio de Putina,Putina,211001,-14.9147,-69.8697,3878,14672,4988,34.0,True,papa,3.4,83,1.0,0.9,0.0,0,2.9,6,2,heladas_invernales,0.9,0,medio
2024-06-06,2024-06-06T03:00,Puno,San Antonio de Putina,Putina,211001,-14.9147,-69.8697,3878,14672,4988,34.0,True,papa,3.1,83,0.6,0.5,0.0,0,3.3,6,3,heladas_invernales,0.9,0,medio
2024-06-06,2024-06-06T04:00,Puno,San Antonio de Putina,Putina,211001,-14.9147,-69.8697,3878,14672,4988,34.0,True,papa,3.0,81,0.3,0.0,0.0,2,4.1,6,4,heladas_invernales,0.9,0,medio
2024-06-06,2024-06-06T05:00,Puno,San Antonio de Putina,Putina,211001,-14.9147,-69.8697,3878,14672,4988,34.0,True,papa,2.7,80,-0.0,-0.4,0.0,0,3.8,6,5,heladas_invernales,0.9,0,medio
2024-06-06,2024-06-06T06:00,Puno,San Antonio de Putina,Putina,211001,-14.9147,-69.8697,3878,14672,4988,34.0,True,papa,2.5,79,-0.3,-0.8,0.0,0,4.3,6,6,heladas_invernales,0.9,0,medio
2024-06-06,2024-06-06T07:00,Puno,San Antonio de Putina,Putina,211001,-14.9147,-69.8697,3878,14672,4988,34.0,True,papa,3.0,80,0.6,-0.2,0.0,0,2.1,6,7,heladas_invernales,0.9,0,medio
2024-06-06,2024-06-06T08:00,Puno,San Antonio de Putina,Putina,211001,-14.9147,-69.8697,3878,14672,4988,34.0,True,papa,5.9,64,3.6,-0.4,0.0,0,1.3,6,8,heladas_invernales,0.9,0,medio
2024-06-06,2024-06-06T09:00,Puno,San Antonio de Putina,Putina,211001,-14.9147,-69.8697,3878,14672,4988,34.0,True,papa,9.8,41,6.9,-2.8,0.0,0,2.7,6,9,heladas_invernales,0.9,0,medio
2024-06-06,2024-06-06T10:00,Puno,San Antonio de Putina,Putina,211001,-14.9147,-69.8697,3878,14672,4988,34.0,True,papa,12.6,23,9.9,-8.0,0.0,0,4.9,6,10,heladas_invernales,0.9,0,medio
2024-06-06,2024-06-06T11:00,Puno,San Antonio de Putina,Putina,211001,-14.9147,-69.8697,3878,14672,4988,34.0,True,papa,14.3,16,11.8,-11.3,0.0,3,6.9,6,11,heladas_invernales,0.9,0,medio
2024-06-06,2024-06-06T12:00,Puno,San Antonio de Putina,Putina,211001,-14.9147,-69.8697,3878,14672,4988,34.0,True,papa,15.2,16,13.0,-10.4,0.0,0,7.2,6,12,heladas_invernales,0.9,0,medio
2024-06-06,2024-06-06T13:00,Puno,San Antonio de Putina,Putina,211001,-14.9147,-69.8697,3878,14672,4988,34.0,True,papa,16.0,17,13.5,-9.4,0.0,0,7.6,6,13,heladas_invernales,0.9,0,medio
2024-06-06,2024-06-06T14:00,Puno,San Antonio de Putina,Putina,211001,-14.9147,-69.8697,3878,14672,4988,34.0,True,papa,16.9,15,14.3,-9.7,0.0,0,5.1,6,14,heladas_invernales,0.9,0,medio
2024-06-06,2024-06-06T15:00,Puno,San Antonio de Putina,Putina,211001,-14.9147,-69.8697,3878,14672,4988,34.0,True,papa,17.1,14,12.6,-10.4,0.0,0,10.0,6,15,heladas_invernales,0.9,0,medio
2024-06-06,2024-06-06T16:00,Puno,San Antonio de Putina,Putina,211001,-14.9147,-69.8697,3878,14672,4988,34.0,True,papa,15.2,22,9.9,-6.4,0.0,12,16.3,6,16,heladas_invernales,0.9,0,medio
2024-06-06,2024-06-06T17:00,Puno,San Antonio de Putina,Putina,211001,-14.9147,-69.8697,3878,14672,4988,34.0,True,papa,11.9,38,8.2,-2.2,0.0,1,8.9,6,17,heladas_invernales,0.9,0,medio
2024-06-06,2024-06-06T18:00,Puno,San Antonio de Putina,Putina,211001,-14.9147,-69.8697,3878,14672,4988,34.0,True,papa,8.6,60,5.7,1.2,0.0,0,6.6,6,18,heladas_invernales,0.9,0,medio
2024-06-06,2024-06-06T19:00,Puno,San Antonio de Putina,Putina,211001,-14.9147,-69.8697,3878,14672,4988,34.0,True,papa,9.8,57,7.6,1.8,0.0,0,2.5,6,19,heladas_invernales,0.9,0,medio
2024-06-06,2024-06-06T20:00,Puno,San Antonio de Putina,Putina,211001,-14.9147,-69.8697,3878,14672,4988,34.0,True,papa,8.8,61,6.6,1.7,0.0,0,2.2,6,20,heladas_invernales,0.9,0,medio
2024-06-06,2024-06-06T21:00,Puno,San Antonio de Putina,Putina,211001,-14.9147,-69.8697,3878,14672,4988,34.0,True,papa,4.0,81,1.2,1.1,0.0,0,5.5,6,21,heladas_invernales,0.9,0,medio
2024-06-06,2024-06-06T22:00,Puno,San Antonio de Putina,Putina,211001,-14.9147,-69.8697,3878,14672,4988,34.0,True,papa,2.2,84,-0.6,-0.1,0.0,0,4.6,6,22,heladas_invernales,0.9,0,medio
2024-06-06,2024-06-06T23:00,Puno,San Antonio de Putina,Putina,211001,-14.9147,-69.8697,3878,14672,4988,34.0,True,papa,0.9,88,-2.0,-0.8,0.0,0,5.2,6,23,heladas_invernales,0.9,0,medio
2024-06-07,2024-06-07T00:00,Puno,San Antonio de Putina,Putina,211001,-14.9147,-69.8697,3878,14672,4988,34.0,True,papa,0.3,91,-2.7,-1.0,0.0,0,5.5,6,0,heladas_invernales,-1.1,5,alto
2024-06-07,2024-06-07T01:00,Puno,San Antonio de Putina,Putina,211001,-14.9147,-69.8697,3878,14672,4988,34.0,True,papa,0.5,86,-2.6,-1.5,0.0,0,5.0,6,1,heladas_invernales,-1.1,5,alto
2024-06-07,2024-06-07T02:00,Puno,San Antonio de Putina,Putina,211001,-14.9147,-69.8697,3878,14672,4988,34.0,True,papa,-1.1,86,-4.6,-3.1,0.0,0,6.3,6,2,heladas_invernales,-1.1,5,alto
2024-06-07,2024-06-07T03:00,Puno,San Antonio de Putina,Putina,211001,-14.9147,-69.8697,3878,14672,4988,34.0,True,papa,-1.1,84,-4.6,-3.4,0.0,0,6.4,6,3,heladas_invernales,-1.1,5,alto
2024-06-07,2024-06-07T04:00,Puno,San Antonio de Putina,Putina,211001,-14.9147,-69.8697,3878,14672,4988,34.0,True,papa,-0.7,80,-4.2,-3.8,0.0,0,6.2,6,4,heladas_invernales,-1.1,5,alto
2024-06-07,2024-06-07T05:00,Puno,San Antonio de Putina,Putina,211001,-14.9147,-69.8697,3878,14672,4988,34.0,True,papa,1.4,70,-1.9,-3.5,0.0,0,5.0,6,5,heladas_invernales,-1.1,5,alto
2024-06-07,2024-06-07T06:00,Puno,San Antonio de Putina,Putina,211001,-14.9147,-69.8697,3878,14672,4988,34.0,True,papa,1.7,65,-1.7,-4.1,0.0,0,5.1,6,6,heladas_invernales,-1.1,5,alto
2024-06-07,2024-06-07T07:00,Puno,San Antonio de Putina,Putina,211001,-14.9147,-69.8697,3878,14672,4988,34.0,True,papa,2.6,67,-0.2,-3.0,0.0,0,2.2,6,7,heladas_invernales,-1.1,5,alto
2024-06-07,2024-06-07T08:00,Puno,San Antonio de Putina,Putina,211001,-14.9147,-69.8697,3878,14672,4988,34.0,True,papa,6.0,43,2.9,-5.8,0.0,0,1.8,6,8,heladas_invernales,-1.1,5,alto
2024-06-07,2024-06-07T09:00,Puno,San Antonio de Putina,Putina,211001,-14.9147,-69.8697,3878,14672,4988,34.0,True,papa,9.6,32,6.5,-6.2,0.0,0,1.6,6,9,heladas_invernales,-1.1,5,alto
2024-06-07,2024-06-07T10:00,Puno,San Antonio de Putina,Putina,211001,-14.9147,-69.8697,3878,14672,4988,34.0,True,papa,12.5,23,10.0,-8.0,0.0,0,4.0,6,10,heladas_invernales,-1.1,5,alto
2024-06-07,2024-06-07T11:00,Puno,San Antonio de Putina,Putina,211001,-14.9147,-69.8697,3878,14672,4988,34.0,True,papa,14.6,15,12.2,-12.1,0.0,0,6.0,6,11,heladas_invernales,-1.1,5,alto
2024-06-07,2024-06-07T12:00,Puno,San Antonio de Putina,Putina,211001,-14.9147,-69.8697,3878,14672,4988,34.0,True,papa,16.3,13,14.1,-12.0,0.0,0,6.4,6,12,heladas_invernales,-1.1,5,alto
2024-06-07,2024-06-07T13:00,Puno,San Antonio de Putina,Putina,211001,-14.9147,-69.8697,3878,14672,4988,34.0,True,papa,17.7,10,14.7,-14.2,0.0,0,8.8,6,13,heladas_invernales,-1.1,5,alto
2024-06-07,2024-06-07T14:00,Puno,San Antonio de Putina,Putina,211001,-14.9147,-69.8697,3878,14672,4988,34.0,True,papa,18.1,7,12.9,-18.1,0.0,0,17.3,6,14,heladas_invernales,-1.1,5,alto
2024-06-07,2024-06-07T15:00,Puno,San Antonio de Putina,Putina,211001,-14.9147,-69.8697,3878,14672,4988,34.0,True,papa,17.1,8,11.2,-17.0,0.0,0,17.1,6,15,heladas_invernales,-1.1,5,alto
2024-06-07,2024-06-07T16:00,Puno,San Antonio de Putina,Putina,211001,-14.9147,-69.8697,3878,14672,4988,34.0,True,papa,15.7,11,9.8,-14.6,0.0,0,15.8,6,16,heladas_invernales,-1.1,5,alto
2024-06-07,2024-06-07T17:00,Puno,San Antonio de Putina,Putina,211001,-14.9147,-69.8697,3878,14672,4988,34.0,True,papa,12.5,17,7.7,-12.2,0.0,0,9.9,6,17,heladas_invernales,-1.1,5,alto
2024-06-07,2024-06-07T18:00,Puno,San Antonio de Putina,Putina,211001,-14.9147,-69.8697,3878,14672,4988,34.0,True,papa,8.4,25,3.8,-10.4,0.0,0,9.3,6,18,heladas_invernales,-1.1,5,alto
2024-06-07,2024-06-07T19:00,Puno,San Antonio de Putina,Putina,211001,-14.9147,-69.8697,3878,14672,4988,34.0,True,papa,5.6,34,1.3,-9.0,0.0,0,8.4,6,19,heladas_invernales,-1.1,5,alto
2024-06-07,2024-06-07T20:00,Puno,San Antonio de Putina,Putina,211001,-14.9147,-69.8697,3878,14672,4988,34.0,True,papa,3.0,38,-1.3,-10.1,0.0,0,6.9,6,20,heladas_invernales,-1.1,5,alto
2024-06-07,2024-06-07T21:00,Puno,San Antonio de Putina,Putina,211001,-14.9147,-69.8697,3878,14672,4988,34.0,True,papa,0.7,43,-3.4,-10.6,0.0,0,6.0,6,21,heladas_invernales,-1.1,5,alto
2024-06-07,2024-06-07T22:00,Puno,San Antonio de Putina,Putina,211001,-14.9147,-69.8697,3878,14672,4988,34.0,True,papa,-0.5,40,-4.8,-12.4,0.0,0,6.3,6,22,heladas_invernales,-1.1,5,alto
2024-06-07,2024-06-07T23:00,Puno,San Antonio de Putina,Putina,211001,-14.9147,-69.8697,3878,14672,4988,34.0,True,papa,-1.1,37,-5.5,-13.9,0.0,0,6.7,6,23,heladas_invernales,-1.1,5,alto
2024-06-08,2024-06-08T00:00,Puno,San Antonio de Putina,Putina,211001,-14.9147,-69.8697,3878,14672,4988,34.0,True,papa,-1.6,34,-6.2,-15.6,0.0,0,6.8,6,0,heladas_invernales,-1.6,7,alto
2024-06-08,2024-06-08T01:00,Puno,San Antonio de Putina,Putina,211001,-14.9147,-69.8697,3878,14672,4988,34.0,True,papa,-0.4,25,-5.0,-18.3,0.0,0,5.6,6,1,heladas_invernales,-1.6,7,alto
2024-06-08,2024-06-08T02:00,Puno,San Antonio de Putina,Putina,211001,-14.9147,-69.8697,3878,14672,4988,34.0,True,papa,-0.7,21,-5.3,-20.5,0.0,0,5.9,6,2,heladas_invernales,-1.6,7,alto
2024-06-08,2024-06-08T03:00,Puno,San Antonio de Putina,Putina,211001,-14.9147,-69.8697,3878,14672,4988,34.0,True,papa,-1.1,19,-5.8,-21.6,0.0,0,6.3,6,3,heladas_invernales,-1.6,7,alto
2024-06-08,2024-06-08T04:00,Puno,San Antonio de Putina,Putina,211001,-14.9147,-69.8697,3878,14672,4988,34.0,True,papa,-1.4,20,-6.1,-21.6,0.0,0,6.1,6,4,heladas_invernales,-1.6,7,alto
2024-06-08,2024-06-08T05:00,Puno,San Antonio de Putina,Putina,211001,-14.9147,-69.8697,3878,14672,4988,34.0,True,papa,-1.0,19,-5.7,-21.7,0.0,0,6.0,6,5,heladas_invernales,-1.6,7,alto
2024-06-08,2024-06-08T06:00,Puno,San Antonio de Putina,Putina,211001,-14.9147,-69.8697,3878,14672,4988,34.0,True,papa,-0.5,18,-5.2,-22.1,0.0,0,5.8,6,6,heladas_invernales,-1.6,7,alto
2024-06-08,2024-06-08T07:00,Puno,San Antonio de Putina,Putina,211001,-14.9147,-69.8697,3878,14672,4988,34.0,True,papa,1.0,25,-3.1,-16.8,0.0,0,2.6,6,7,heladas_invernales,-1.6,7,alto
2024-06-08,2024-06-08T08:00,Puno,San Antonio de Putina,Putina,211001,-14.9147,-69.8697,3878,14672,4988,34.0,True,papa,4.0,23,0.0,-15.3,0.0,0,2.7,6,8,heladas_invernales,-1.6,7,alto
2024-06-08,2024-06-08T09:00,Puno,San Antonio de Putina,Putina,211001,-14.9147,-69.8697,3878,14672,4988,34.0,True,papa,8.5,15,4.9,-16.9,0.0,0,0.4,6,9,heladas_invernales,-1.6,7,alto
2024-06-08,2024-06-08T10:00,Puno,San Antonio de Putina,Putina,211001,-14.9147,-69.8697,3878,14672,4988,34.0,True,papa,11.6,11,8.5,-18.5,0.0,0,3.8,6,10,heladas_invernales,-1.6,7,alto
2024-06-08,2024-06-08T11:00,Puno,San Antonio de Putina,Putina,211001,-14.9147,-69.8697,3878,14672,4988,34.0,True,papa,13.7,9,11.2,-18.3,0.0,0,4.8,6,11,heladas_invernales,-1.6,7,alto
2024-06-08,2024-06-08T12:00,Puno,San Antonio de Putina,Putina,211001,-14.9147,-69.8697,3878,14672,4988,34.0,True,papa,15.1,10,12.9,-16.5,0.0,54,5.7,6,12,heladas_invernales,-1.6,7,alto
2024-06-08,2024-06-08T13:00,Puno,San Antonio de Putina,Putina,211001,-14.9147,-69.8697,3878,14672,4988,34.0,True,papa,16.3,10,13.9,-15.9,0.0,60,5.7,6,13,heladas_invernales,-1.6,7,alto
2024-06-08,2024-06-08T14:00,Puno,San Antonio de Putina,Putina,211001,-14.9147,-69.8697,3878,14672,4988,34.0,True,papa,17.2,8,13.9,-16.9,0.0,66,6.5,6,14,heladas_invernales,-1.6,7,alto
2024-06-08,2024-06-08T15:00,Puno,San Antonio de Putina,Putina,211001,-14.9147,-69.8697,3878,14672,4988,34.0,True,papa,17.1,8,11.8,-17.6,0.0,82,12.7,6,15,heladas_invernales,-1.6,7,alto
2024-06-08,2024-06-08T16:00,Puno,San Antonio de Putina,Putina,211001,-14.9147,-69.8697,3878,14672,4988,34.0,True,papa,15.8,10,9.8,-15.6,0.0,100,16.6,6,16,heladas_invernales,-1.6,7,alto
2024-06-08,2024-06-08T17:00,Puno,San Antonio de Putina,Putina,211001,-14.9147,-69.8697,3878,14672,4988,34.0,True,papa,11.4,21,7.1,-10.1,0.0,100,6.8,6,17,heladas_invernales,-1.6,7,alto
2024-06-08,2024-06-08T18:00,Puno,San Antonio de Putina,Putina,211001,-14.9147,-69.8697,3878,14672,4988,34.0,True,papa,8.0,28,3.4,-9.5,0.0,100,9.9,6,18,heladas_invernales,-1.6,7,alto
2024-06-08,2024-06-08T19:00,Puno,San Antonio de Putina,Putina,211001,-14.9147,-69.8697,3878,14672,4988,34.0,True,papa,9.5,24,5.6,-10.0,0.0,0,4.9,6,19,heladas_invernales,-1.6,7,alto
2024-06-08,2024-06-08T20:00,Puno,San Antonio de Putina,Putina,211001,-14.9147,-69.8697,3878,14672,4988,34.0,True,papa,6.7,29,3.3,-10.0,0.0,3,1.1,6,20,heladas_invernales,-1.6,7,alto
2024-06-08,2024-06-08T21:00,Puno,San Antonio de Putina,Putina,211001,-14.9147,-69.8697,3878,14672,4988,34.0,True,papa,5.6,30,1.9,-10.5,0.0,22,2.5,6,21,heladas_invernales,-1.6,7,alto
2024-06-08,2024-06-08T22:00,Puno,San Antonio de Putina,Putina,211001,-14.9147,-69.8697,3878,14672,4988,34.0,True,papa,1.2,47,-3.0,-9.0,0.0,35,7.0,6,22,heladas_invernales,-1.6,7,alto
2024-06-08,2024-06-08T23:00,Puno,San Antonio de Putina,Putina,211001,-14.9147,-69.8697,3878,14672,4988,34.0,True,papa,0.3,50,-3.8,-8.8,0.0,38,6.6,6,23,heladas_invernales,-1.6,7,alto
2024-06-09,2024-06-09T00:00,Puno,San Antonio de Putina,Putina,211001,-14.9147,-69.8697,3878,14672,4988,34.0,True,papa,1.2,43,-2.8,-10.1,0.0,23,5.1,6,0,heladas_invernales,-0.4,1,alto
2024-06-09,2024-06-09T01:00,Puno,San Antonio de Putina,Putina,211001,-14.9147,-69.8697,3878,14672,4988,34.0,True,papa,2.5,38,-1.1,-10.2,0.0,19,2.4,6,1,heladas_invernales,-0.4,1,alto
2024-06-09,2024-06-09T02:00,Puno,San Antonio de Putina,Putina,211001,-14.9147,-69.8697,3878,14672,4988,34.0,True,papa,0.6,48,-3.2,-9.1,0.0,69,4.1,6,2,heladas_invernales,-0.4,1,alto
2024-06-09,2024-06-09T03:00,Puno,San Antonio de Putina,Putina,211001,-14.9147,-69.8697,3878,14672,4988,34.0,True,papa,0.8,52,-2.8,-8.0,0.0,98,3.9,6,3,heladas_invernales,-0.4,1,alto
2024-06-09,2024-06-09T04:00,Puno,San Antonio de Putina,Putina,211001,-14.9147,-69.8697,3878,14672,4988,34.0,True,papa,-0.4,62,-4.2,-6.7,0.0,89,5.7,6,4,heladas_invernales,-0.4,1,alto
2024-06-09,2024-06-09T05:00,Puno,San Antonio de Putina,Putina,211001,-14.9147,-69.8697,3878,14672,4988,34.0,True,papa,0.2,61,-3.6,-6.3,0.0,97,6.0,6,5,heladas_invernales,-0.4,1,alto
2024-06-09,2024-06-09T06:00,Puno,San Antonio de Putina,Putina,211001,-14.9147,-69.8697,3878,14672,4988,34.0,True,papa,1.0,57,-2.6,-6.6,0.0,96,5.1,6,6,heladas_invernales,-0.4,1,alto
2024-06-09,2024-06-09T07:00,Puno,San Antonio de Putina,Putina,211001,-14.9147,-69.8697,3878,14672,4988,34.0,True,papa,2.5,54,-0.7,-5.8,0.0,91,2.5,6,7,heladas_invernales,-0.4,1,alto
2024-06-09,2024-06-09T08:00,Puno,San Antonio de Putina,Putina,211001,-14.9147,-69.8697,3878,14672,4988,34.0,True,papa,5.5,39,2.2,-7.4,0.0,86,1.8,6,8,heladas_invernales,-0.4,1,alto
2024-06-09,2024-06-09T09:00,Puno,San Antonio de Putina,Putina,211001,-14.9147,-69.8697,3878,14672,4988,34.0,True,papa,8.9,31,5.8,-7.2,0.0,80,1.1,6,9,heladas_invernales,-0.4,1,alto
2024-06-09,2024-06-09T10:00,Puno,San Antonio de Putina,Putina,211001,-14.9147,-69.8697,3878,14672,4988,34.0,True,papa,11.5,26,9.1,-7.5,0.0,94,3.4,6,10,heladas_invernales,-0.4,1,alto
2024-06-09,2024-06-09T11:00,Puno,San Antonio de Putina,Putina,211001,-14.9147,-69.8697,3878,14672,4988,34.0,True,papa,13.3,20,11.5,-9.5,0.0,69,3.5,6,11,heladas_invernales,-0.4,1,alto
2024-06-09,2024-06-09T12:00,Puno,San Antonio de Putina,Putina,211001,-14.9147,-69.8697,3878,14672,4988,34.0,True,papa,14.4,17,12.9,-10.1,0.0,86,3.1,6,12,heladas_invernales,-0.4,1,alto
2024-06-09,2024-06-09T13:00,Puno,San Antonio de Putina,Putina,211001,-14.9147,-69.8697,3878,14672,4988,34.0,True,papa,15.6,17,13.9,-9.7,0.0,79,3.6,6,13,heladas_invernales,-0.4,1,alto
2024-06-09,2024-06-09T14:00,Puno,San Antonio de Putina,Putina,211001,-14.9147,-69.8697,3878,14672,4988,34.0,True,papa,16.6,15,13.9,-10.2,0.0,95,4.9,6,14,heladas_invernales,-0.4,1,alto
2024-06-09,2024-06-09T15:00,Puno,San Antonio de Putina,Putina,211001,-14.9147,-69.8697,3878,14672,4988,34.0,True,papa,16.9,13,12.7,-11.4,0.0,86,7.2,6,15,heladas_invernales,-0.4,1,alto
2024-06-09,2024-06-09T16:00,Puno,San Antonio de Putina,Putina,211001,-14.9147,-69.8697,3878,14672,4988,34.0,True,papa,15.7,12,10.7,-13.5,0.0,99,10.5,6,16,heladas_invernales,-0.4,1,alto
2024-06-09,2024-06-09T17:00,Puno,San Antonio de Putina,Putina,211001,-14.9147,-69.8697,3878,14672,4988,34.0,True,papa,11.9,21,7.3,-9.8,0.0,96,9.4,6,17,heladas_invernales,-0.4,1,alto
2024-06-09,2024-06-09T18:00,Puno,San Antonio de Putina,Putina,211001,-14.9147,-69.8697,3878,14672,4988,34.0,True,papa,8.2,37,4.2,-5.6,0.0,89,7.8,6,18,heladas_invernales,-0.4,1,alto
2024-06-09,2024-06-09T19:00,Puno,San Antonio de Putina,Putina,211001,-14.9147,-69.8697,3878,14672,4988,34.0,True,papa,9.0,34,5.5,-5.9,0.0,95,4.7,6,19,heladas_invernales,-0.4,1,alto
2024-06-09,2024-06-09T20:00,Puno,San Antonio de Putina,Putina,211001,-14.9147,-69.8697,3878,14672,4988,34.0,True,papa,7.9,34,4.7,-6.9,0.0,96,1.4,6,20,heladas_invernales,-0.4,1,alto
2024-06-09,2024-06-09T21:00,Puno,San Antonio de Putina,Putina,211001,-14.9147,-69.8697,3878,14672,4988,34.0,True,papa,6.7,37,3.4,-7.1,0.0,44,2.6,6,21,heladas_invernales,-0.4,1,alto
2024-06-09,2024-06-09T22:00,Puno,San Antonio de Putina,Putina,211001,-14.9147,-69.8697,3878,14672,4988,34.0,True,papa,3.1,48,-0.6,-6.9,0.0,7,4.9,6,22,heladas_invernales,-0.4,1,alto
2024-06-09,2024-06-09T23:00,Puno,San Antonio de Putina,Putina,211001,-14.9147,-69.8697,3878,14672,4988,34.0,True,papa,1.9,53,-1.8,-6.6,0.0,67,5.5,6,23,heladas_invernales,-0.4,1,alto
2024-06-10,2024-06-10T00:00,Puno,San Antonio de Putina,Putina,211001,-14.9147,-69.8697,3878,14672,4988,34.0,True,papa,2.6,51,-0.9,-6.4,0.0,77,4.0,6,0,heladas_invernales,-1.2,4,alto
2024-06-10,2024-06-10T01:00,Puno,San Antonio de Putina,Putina,211001,-14.9147,-69.8697,3878,14672,4988,34.0,True,papa,0.7,57,-3.0,-6.8,0.0,35,4.8,6,1,heladas_invernales,-1.2,4,alto
2024-06-10,2024-06-10T02:00,Puno,San Antonio de Putina,Putina,211001,-14.9147,-69.8697,3878,14672,4988,34.0,True,papa,-0.1,59,-4.1,-7.3,0.0,3,6.6,6,2,heladas_invernales,-1.2,4,alto
2024-06-10,2024-06-10T03:00,Puno,San Antonio de Putina,Putina,211001,-14.9147,-69.8697,3878,14672,4988,34.0,True,papa,-0.5,61,-4.6,-7.2,0.0,0,7.4,6,3,heladas_invernales,-1.2,4,alto
2024-06-10,2024-06-10T04:00,Puno,San Antonio de Putina,Putina,211001,-14.9147,-69.8697,3878,14672,4988,34.0,True,papa,-0.9,63,-5.0,-7.1,0.0,0,7.3,6,4,heladas_invernales,-1.2,4,alto
2024-06-10,2024-06-10T05:00,Puno,San Antonio de Putina,Putina,211001,-14.9147,-69.8697,3878,14672,4988,34.0,True,papa,-1.2,64,-5.2,-7.1,0.0,4,7.0,6,5,heladas_invernales,-1.2,4,alto
2024-06-10,2024-06-10T06:00,Puno,San Antonio de Putina,Putina,211001,-14.9147,-69.8697,3878,14672,4988,34.0,True,papa,0.2,57,-3.6,-7.3,0.0,29,5.8,6,6,heladas_invernales,-1.2,4,alto
2024-06-10,2024-06-10T07:00,Puno,San Antonio de Putina,Putina,211001,-14.9147,-69.8697,3878,14672,4988,34.0,True,papa,2.7,49,-0.9,-6.9,0.0,89,4.4,6,7,heladas_invernales,-1.2,4,alto
2024-06-10,2024-06-10T08:00,Puno,San Antonio de Putina,Putina,211001,-14.9147,-69.8697,3878,14672,4988,34.0,True,papa,5.8,35,2.1,-8.6,0.0,100,4.2,6,8,heladas_invernales,-1.2,4,alto
2024-06-10,2024-06-10T09:00,Puno,San Antonio de Putina,Putina,211001,-14.9147,-69.8697,3878,14672,4988,34.0,True,papa,9.1,28,5.7,-8.7,0.0,60,2.2,6,9,heladas_invernales,-1.2,4,alto
2024-06-10,2024-06-10T10:00,Puno,San Antonio de Putina,Putina,211001,-14.9147,-69.8697,3878,14672,4988,34.0,True,papa,11.8,23,9.5,-8.7,0.0,40,2.1,6,10,heladas_invernales,-1.2,4,alto
2024-06-10,2024-06-10T11:00,Puno,San Antonio de Putina,Putina,211001,-14.9147,-69.8697,3878,14672,4988,34.0,True,papa,13.7,21,11.6,-8.4,0.0,20,5.4,6,11,heladas_invernales,-1.2,4,alto
2024-06-10,2024-06-10T12:00,Puno,San Antonio de Putina,Putina,211001,-14.9147,-69.8697,3878,14672,4988,34.0,True,papa,14.9,19,13.1,-8.7,0.0,77,5.4,6,12,heladas_invernales,-1.2,4,alto
2024-06-10,2024-06-10T13:00,Puno,San Antonio de Putina,Putina,211001,-14.9147,-69.8697,3878,14672,4988,34.0,True,papa,15.7,17,13.7,-9.1,0.0,80,5.3,6,13,heladas_invernales,-1.2,4,alto
2024-06-10,2024-06-10T14:00,Puno,San Antonio de Putina,Putina,211001,-14.9147,-69.8697,3878,14672,4988,34.0,True,papa,16.0,17,13.1,-9.4,0.0,51,7.0,6,14,heladas_invernales,-1.2,4,alto
2024-06-10,2024-06-10T15:00,Puno,San Antonio de Putina,Putina,211001,-14.9147,-69.8697,3878,14672,4988,34.0,True,papa,15.7,18,11.2,-8.7,0.0,36,11.0,6,15,heladas_invernales,-1.2,4,alto
2024-06-10,2024-06-10T16:00,Puno,San Antonio de Putina,Putina,211001,-14.9147,-69.8697,3878,14672,4988,34.0,True,papa,14.3,21,9.1,-7.9,0.0,4,14.8,6,16,heladas_invernales,-1.2,4,alto
2024-06-10,2024-06-10T17:00,Puno,San Antonio de Putina,Putina,211001,-14.9147,-69.8697,3878,14672,4988,34.0,True,papa,11.6,26,7.3,-7.5,0.0,5,8.4,6,17,heladas_invernales,-1.2,4,alto
2024-06-10,2024-06-10T18:00,Puno,San Antonio de Putina,Putina,211001,-14.9147,-69.8697,3878,14672,4988,34.0,True,papa,9.4,31,5.5,-6.8,0.0,11,6.5,6,18,heladas_invernales,-1.2,4,alto
2024-06-10,2024-06-10T19:00,Puno,San Antonio de Putina,Putina,211001,-14.9147,-69.8697,3878,14672,4988,34.0,True,papa,9.7,30,6.1,-7.0,0.0,13,4.8,6,19,heladas_invernales,-1.2,4,alto
2024-06-10,2024-06-10T20:00,Puno,San Antonio de Putina,Putina,211001,-14.9147,-69.8697,3878,14672,4988,34.0,True,papa,9.4,29,5.9,-7.7,0.0,26,3.2,6,20,heladas_invernales,-1.2,4,alto
2024-06-10,2024-06-10T21:00,Puno,San Antonio de Putina,Putina,211001,-14.9147,-69.8697,3878,14672,4988,34.0,True,papa,7.9,33,4.6,-7.6,0.0,72,1.6,6,21,heladas_invernales,-1.2,4,alto
2024-06-10,2024-06-10T22:00,Puno,San Antonio de Putina,Putina,211001,-14.9147,-69.8697,3878,14672,4988,34.0,True,papa,3.1,49,-0.9,-6.7,0.0,89,7.4,6,22,heladas_invernales,-1.2,4,alto
2024-06-10,2024-06-10T23:00,Puno,San Antonio de Putina,Putina,211001,-14.9147,-69.8697,3878,14672,4988,34.0,True,papa,2.7,50,-1.0,-6.6,0.0,100,5.7,6,23,heladas_invernales,-1.2,4,alto
2024-06-11,2024-06-11T00:00,Puno,San Antonio de Putina,Putina,211001,-14.9147,-69.8697,3878,14672,4988,34.0,True,papa,1.8,55,-1.8,-6.3,0.0,95,4.7,6,0,heladas_invernales,-0.8,3,alto
2024-06-11,2024-06-11T01:00,Puno,San Antonio de Putina,Putina,211001,-14.9147,-69.8697,3878,14672,4988,34.0,True,papa,1.7,52,-2.1,-7.1,0.0,100,5.4,6,1,heladas_invernales,-0.8,3,alto
2024-06-11,2024-06-11T02:00,Puno,San Antonio de Putina,Putina,211001,-14.9147,-69.8697,3878,14672,4988,34.0,True,papa,3.5,45,0.0,-7.4,0.0,100,3.6,6,2,heladas_invernales,-0.8,3,alto
2024-06-11,2024-06-11T03:00,Puno,San Antonio de Putina,Putina,211001,-14.9147,-69.8697,3878,14672,4988,34.0,True,papa,1.7,55,-1.8,-6.4,0.0,99,4.0,6,3,heladas_invernales,-0.8,3,alto
2024-06-11,2024-06-11T04:00,Puno,San Antonio de Putina,Putina,211001,-14.9147,-69.8697,3878,14672,4988,34.0,True,papa,-0.3,68,-4.0,-5.4,0.0,100,6.3,6,4,heladas_invernales,-0.8,3,alto
2024-06-11,2024-06-11T05:00,Puno,San Antonio de Putina,Putina,211001,-14.9147,-69.8697,3878,14672,4988,34.0,True,papa,-0.5,74,-4.1,-4.6,0.0,100,6.2,6,5,heladas_invernales,-0.8,3,alto
2024-06-11,2024-06-11T06:00,Puno,San Antonio de Putina,Putina,211001,-14.9147,-69.8697,3878,14672,4988,34.0,True,papa,-0.8,78,-4.3,-4.1,0.0,99,6.1,6,6,heladas_invernales,-0.8,3,alto
2024-06-11,2024-06-11T07:00,Puno,San Antonio de Putina,Putina,211001,-14.9147,-69.8697,3878,14672,4988,34.0,True,papa,3.1,68,-0.0,-2.3,0.0,50,4.7,6,7,heladas_invernales,-0.8,3,alto
2024-06-11,2024-06-11T08:00,Puno,San Antonio de Putina,Putina,211001,-14.9147,-69.8697,3878,14672,4988,34.0,True,papa,6.9,48,3.9,-3.5,0.0,100,2.6,6,8,heladas_invernales,-0.8,3,alto
2024-06-11,2024-06-11T09:00,Puno,San Antonio de Putina,Putina,211001,-14.9147,-69.8697,3878,14672,4988,34.0,True,papa,10.0,41,7.2,-2.6,0.0,100,2.0,6,9,heladas_invernales,-0.8,3,alto
2024-06-11,2024-06-11T10:00,Puno,San Antonio de Putina,Putina,211001,-14.9147,-69.8697,3878,14672,4988,34.0,True,papa,12.3,38,10.1,-1.5,0.0,98,4.6,6,10,heladas_invernales,-0.8,3,alto
2024-06-11,2024-06-11T11:00,Puno,San Antonio de Putina,Putina,211001,-14.9147,-69.8697,3878,14672,4988,34.0,True,papa,13.8,34,12.3,-2.0,0.0,90,4.6,6,11,heladas_invernales,-0.8,3,alto
2024-06-11,2024-06-11T12:00,Puno,San Antonio de Putina,Putina,211001,-14.9147,-69.8697,3878,14672,4988,34.0,True,papa,15.0,28,14.0,-3.2,0.0,78,3.3,6,12,heladas_invernales,-0.8,3,alto
2024-06-11,2024-06-11T13:00,Puno,San Antonio de Putina,Putina,211001,-14.9147,-69.8697,3878,14672,4988,34.0,True,papa,16.0,24,14.2,-4.7,0.0,64,5.7,6,13,heladas_invernales,-0.8,3,alto
2024-06-11,2024-06-11T14:00,Puno,San Antonio de Putina,Putina,211001,-14.9147,-69.8697,3878,14672,4988,34.0,True,papa,16.6,21,13.8,-5.6,0.0,4,7.8,6,14,heladas_invernales,-0.8,3,alto
2024-06-11,2024-06-11T15:00,Puno,San Antonio de Putina,Putina,211001,-14.9147,-69.8697,3878,14672,4988,34.0,True,papa,16.7,20,13.0,-6.2,0.0,17,6.8,6,15,heladas_invernales,-0.8,3,alto
2024-06-11,2024-06-11T16:00,Puno,San Antonio de Putina,Putina,211001,-14.9147,-69.8697,3878,14672,4988,34.0,True,papa,16.1,21,11.8,-6.6,0.0,24,9.3,6,16,heladas_invernales,-0.8,3,alto
2024-06-11,2024-06-11T17:00,Puno,San Antonio de Putina,Putina,211001,-14.9147,-69.8697,3878,14672,4988,34.0,True,papa,12.9,34,8.9,-2.4,0.0,51,11.2,6,17,heladas_invernales,-0.8,3,alto
2024-06-11,2024-06-11T18:00,Puno,San Antonio de Putina,Putina,211001,-14.9147,-69.8697,3878,14672,4988,34.0,True,papa,9.9,44,6.5,-1.6,0.0,77,7.2,6,18,heladas_invernales,-0.8,3,alto
2024-06-11,2024-06-11T19:00,Puno,San Antonio de Putina,Putina,211001,-14.9147,-69.8697,3878,14672,4988,34.0,True,papa,10.4,44,7.4,-1.4,0.0,30,4.8,6,19,heladas_invernales,-0.8,3,alto
2024-06-11,2024-06-11T20:00,Puno,San Antonio de Putina,Putina,211001,-14.9147,-69.8697,3878,14672,4988,34.0,True,papa,9.0,48,6.3,-1.3,0.0,47,2.7,6,20,heladas_invernales,-0.8,3,alto
2024-06-11,2024-06-11T21:00,Puno,San Antonio de Putina,Putina,211001,-14.9147,-69.8697,3878,14672,4988,34.0,True,papa,5.0,64,2.0,-1.1,0.0,64,5.4,6,21,heladas_invernales,-0.8,3,alto
2024-06-11,2024-06-11T22:00,Puno,San Antonio de Putina,Putina,211001,-14.9147,-69.8697,3878,14672,4988,34.0,True,papa,4.5,65,1.7,-1.5,0.0,63,3.4,6,22,heladas_invernales,-0.8,3,alto
2024-06-11,2024-06-11T23:00,Puno,San Antonio de Putina,Putina,211001,-14.9147,-69.8697,3878,14672,4988,34.0,True,papa,3.3,70,0.4,-1.6,0.0,97,3.7,6,23,heladas_invernales,-0.8,3,alto
2024-06-12,2024-06-12T00:00,Puno,San Antonio de Putina,Putina,211001,-14.9147,-69.8697,3878,14672,4988,34.0,True,papa,2.1,75,-0.9,-1.8,0.0,100,4.5,6,0,heladas_invernales,0.4,0,medio
2024-06-12,2024-06-12T01:00,Puno,San Antonio de Putina,Putina,211001,-14.9147,-69.8697,3878,14672,4988,34.0,True,papa,1.2,79,-2.1,-2.1,0.0,90,6.0,6,1,heladas_invernales,0.4,0,medio
2024-06-12,2024-06-12T02:00,Puno,San Antonio de Putina,Putina,211001,-14.9147,-69.8697,3878,14672,4988,34.0,True,papa,1.3,78,-1.7,-2.2,0.0,6,4.1,6,2,heladas_invernales,0.4,0,medio
2024-06-12,2024-06-12T03:00,Puno,San Antonio de Putina,Putina,211001,-14.9147,-69.8697,3878,14672,4988,34.0,True,papa,1.1,79,-1.9,-2.2,0.0,36,4.0,6,3,heladas_invernales,0.4,0,medio
2024-06-12,2024-06-12T04:00,Puno,San Antonio de Putina,Putina,211001,-14.9147,-69.8697,3878,14672,4988,34.0,True,papa,1.4,78,-1.7,-2.0,0.0,19,4.6,6,4,heladas_invernales,0.4,0,medio
2024-06-12,2024-06-12T05:00,Puno,San Antonio de Putina,Putina,211001,-14.9147,-69.8697,3878,14672,4988,34.0,True,papa,0.8,82,-2.5,-2.0,0.0,84,5.9,6,5,heladas_invernales,0.4,0,medio
2024-06-12,2024-06-12T06:00,Puno,San Antonio de Putina,Putina,211001,-14.9147,-69.8697,3878,14672,4988,34.0,True,papa,0.4,85,-2.9,-1.8,0.0,8,6.2,6,6,heladas_invernales,0.4,0,medio
2024-06-12,2024-06-12T07:00,Puno,San Antonio de Putina,Putina,211001,-14.9147,-69.8697,3878,14672,4988,34.0,True,papa,3.8,75,1.0,-0.3,0.0,1,4.8,6,7,heladas_invernales,0.4,0,medio
2024-06-12,2024-06-12T08:00,Puno,San Antonio de Putina,Putina,211001,-14.9147,-69.8697,3878,14672,4988,34.0,True,papa,7.0,58,4.2,-0.6,0.0,0,4.7,6,8,heladas_invernales,0.4,0,medio
2024-06-12,2024-06-12T09:00,Puno,San Antonio de Putina,Putina,211001,-14.9147,-69.8697,3878,14672,4988,34.0,True,papa,10.6,46,7.9,-0.6,0.0,11,3.6,6,9,heladas_invernales,0.4,0,medio
2024-06-12,2024-06-12T10:00,Puno,San Antonio de Putina,Putina,211001,-14.9147,-69.8697,3878,14672,4988,34.0,True,papa,13.1,38,11.4,-1.1,0.0,18,2.6,6,10,heladas_invernales,0.4,0,medio
2024-06-12,2024-06-12T11:00,Puno,San Antonio de Putina,Putina,211001,-14.9147,-69.8697,3878,14672,4988,34.0,True,papa,14.9,30,14.1,-2.4,0.0,0,1.1,6,11,heladas_invernales,0.4,0,medio
2024-06-12,2024-06-12T12:00,Puno,San Antonio de Putina,Putina,211001,-14.9147,-69.8697,3878,14672,4988,34.0,True,papa,16.2,27,15.6,-2.6,0.0,25,1.8,6,12,heladas_invernales,0.4,0,medio
2024-06-12,2024-06-12T13:00,Puno,San Antonio de Putina,Putina,211001,-14.9147,-69.8697,3878,14672,4988,34.0,True,papa,17.0,26,15.9,-2.7,0.0,58,3.3,6,13,heladas_invernales,0.4,0,medio
2024-06-12,2024-06-12T14:00,Puno,San Antonio de Putina,Putina,211001,-14.9147,-69.8697,3878,14672,4988,34.0,True,papa,17.5,25,15.5,-2.7,0.0,24,5.1,6,14,heladas_invernales,0.4,0,medio
2024-06-12,2024-06-12T15:00,Puno,San Antonio de Putina,Putina,211001,-14.9147,-69.8697,3878,14672,4988,34.0,True,papa,17.3,26,13.9,-2.6,0.0,71,7.4,6,15,heladas_invernales,0.4,0,medio
2024-06-12,2024-06-12T16:00,Puno,San Antonio de Putina,Putina,211001,-14.9147,-69.8697,3878,14672,4988,34.0,True,papa,16.2,27,12.0,-3.0,0.0,82,11.8,6,16,heladas_invernales,0.4,0,medio
2024-06-12,2024-06-12T17:00,Puno,San Antonio de Putina,Putina,211001,-14.9147,-69.8697,3878,14672,4988,34.0,True,papa,13.5,33,9.4,-2.4,0.0,66,11.3,6,17,heladas_invernales,0.4,0,medio
2024-06-12,2024-06-12T18:00,Puno,San Antonio de Putina,Putina,211001,-14.9147,-69.8697,3878,14672,4988,34.0,True,papa,9.8,44,6.2,-1.9,0.0,0,8.6,6,18,heladas_invernales,0.4,0,medio
2024-06-12,2024-06-12T19:00,Puno,San Antonio de Putina,Putina,211001,-14.9147,-69.8697,3878,14672,4988,34.0,True,papa,11.3,37,8.3,-2.7,0.0,0,3.5,6,19,heladas_invernales,0.4,0,medio
2024-06-12,2024-06-12T20:00,Puno,San Antonio de Putina,Putina,211001,-14.9147,-69.8697,3878,14672,4988,34.0,True,papa,9.7,42,6.7,-2.5,0.0,2,3.7,6,20,heladas_invernales,0.4,0,medio
2024-06-12,2024-06-12T21:00,Puno,San Antonio de Putina,Putina,211001,-14.9147,-69.8697,3878,14672,4988,34.0,True,papa,8.5,46,5.3,-2.6,0.0,0,5.0,6,21,heladas_invernales,0.4,0,medio
2024-06-12,2024-06-12T22:00,Puno,San Antonio de Putina,Putina,211001,-14.9147,-69.8697,3878,14672,4988,34.0,True,papa,5.0,61,1.6,-2.0,0.0,0,7.1,6,22,heladas_invernales,0.4,0,medio
2024-06-12,2024-06-12T23:00,Puno,San Antonio de Putina,Putina,211001,-14.9147,-69.8697,3878,14672,4988,34.0,True,papa,3.8,63,0.5,-2.5,0.0,1,5.9,6,23,heladas_invernales,0.4,0,medio
2024-06-13,2024-06-13T00:00,Puno,San Antonio de Putina,Putina,211001,-14.9147,-69.8697,3878,14672,4988,34.0,True,papa,3.4,64,0.3,-2.7,0.0,10,4.3,6,0,heladas_invernales,1.2,0,medio
2024-06-13,2024-06-13T01:00,Puno,San Antonio de Putina,Putina,211001,-14.9147,-69.8697,3878,14672,4988,34.0,True,papa,2.1,75,-1.5,-1.9,0.0,91,8.0,6,1,heladas_invernales,1.2,0,medio
2024-06-13,2024-06-13T02:00,Puno,San Antonio de Putina,Putina,211001,-14.9147,-69.8697,3878,14672,4988,34.0,True,papa,1.7,79,-1.8,-1.5,0.0,83,8.1,6,2,heladas_invernales,1.2,0,medio
2024-06-13,2024-06-13T03:00,Puno,San Antonio de Putina,Putina,211001,-14.9147,-69.8697,3878,14672,4988,34.0,True,papa,1.4,80,-2.0,-1.8,0.0,55,6.9,6,3,heladas_invernales,1.2,0,medio
2024-06-13,2024-06-13T04:00,Puno,San Antonio de Putina,Putina,211001,-14.9147,-69.8697,3878,14672,4988,34.0,True,papa,1.2,79,-2.2,-2.1,0.0,80,7.0,6,4,heladas_invernales,1.2,0,medio
2024-06-13,2024-06-13T05:00,Puno,San Antonio de Putina,Putina,211001,-14.9147,-69.8697,3878,14672,4988,34.0,True,papa,1.4,76,-2.0,-2.5,0.0,70,6.1,6,5,heladas_invernales,1.2,0,medio
2024-06-13,2024-06-13T06:00,Puno,San Antonio de Putina,Putina,211001,-14.9147,-69.8697,3878,14672,4988,34.0,True,papa,3.0,66,-0.1,-2.7,0.0,72,4.7,6,6,heladas_invernales,1.2,0,medio
2024-06-13,2024-06-13T07:00,Puno,San Antonio de Putina,Putina,211001,-14.9147,-69.8697,3878,14672,4988,34.0,True,papa,4.6,61,1.7,-2.3,0.0,97,2.9,6,7,heladas_invernales,1.2,0,medio
2024-06-13,2024-06-13T08:00,Puno,San Antonio de Putina,Putina,211001,-14.9147,-69.8697,3878,14672,4988,34.0,True,papa,8.1,50,5.1,-1.8,0.0,97,4.3,6,8,heladas_invernales,1.2,0,medio
2024-06-13,2024-06-13T09:00,Puno,San Antonio de Putina,Putina,211001,-14.9147,-69.8697,3878,14672,4988,34.0,True,papa,11.2,39,8.3,-2.3,0.0,99,3.4,6,9,heladas_invernales,1.2,0,medio
2024-06-13,2024-06-13T10:00,Puno,San Antonio de Putina,Putina,211001,-14.9147,-69.8697,3878,14672,4988,34.0,True,papa,13.5,35,11.9,-1.8,0.0,20,1.4,6,10,heladas_invernales,1.2,0,medio
2024-06-13,2024-06-13T11:00,Puno,San Antonio de Putina,Putina,211001,-14.9147,-69.8697,3878,14672,4988,34.0,True,papa,15.1,32,13.8,-1.7,0.0,40,4.6,6,11,heladas_invernales,1.2,0,medio
2024-06-13,2024-06-13T12:00,Puno,San Antonio de Putina,Putina,211001,-14.9147,-69.8697,3878,14672,4988,34.0,True,papa,16.4,28,14.6,-2.0,0.0,95,8.3,6,12,heladas_invernales,1.2,0,medio
2024-06-13,2024-06-13T13:00,Puno,San Antonio de Putina,Putina,211001,-14.9147,-69.8697,3878,14672,4988,34.0,True,papa,17.4,24,14.5,-3.3,0.0,98,13.4,6,13,heladas_invernales,1.2,0,medio
2024-06-13,2024-06-13T14:00,Puno,San Antonio de Putina,Putina,211001,-14.9147,-69.8697,3878,14672,4988,34.0,True,papa,16.8,23,12.9,-4.3,0.0,100,15.0,6,14,heladas_invernales,1.2,0,medio
2024-06-13,2024-06-13T15:00,Puno,San Antonio de Putina,Putina,211001,-14.9147,-69.8697,3878,14672,4988,34.0,True,papa,16.7,21,12.2,-5.7,0.0,99,12.0,6,15,heladas_invernales,1.2,0,medio
2024-06-13,2024-06-13T16:00,Puno,San Antonio de Putina,Putina,211001,-14.9147,-69.8697,3878,14672,4988,34.0,True,papa,16.3,21,11.8,-6.0,0.0,98,10.8,6,16,heladas_invernales,1.2,0,medio
2024-06-13,2024-06-13T17:00,Puno,San Antonio de Putina,Putina,211001,-14.9147,-69.8697,3878,14672,4988,34.0,True,papa,13.6,29,10.0,-4.1,0.0,99,6.5,6,17,heladas_invernales,1.2,0,medio
2024-06-13,2024-06-13T18:00,Puno,San Antonio de Putina,Putina,211001,-14.9147,-69.8697,3878,14672,4988,34.0,True,papa,10.0,38,6.1,-3.7,0.0,98,9.2,6,18,heladas_invernales,1.2,0,medio
2024-06-13,2024-06-13T19:00,Puno,San Antonio de Putina,Putina,211001,-14.9147,-69.8697,3878,14672,4988,34.0,True,papa,11.1,33,8.1,-4.4,0.0,64,2.3,6,19,heladas_invernales,1.2,0,medio
2024-06-13,2024-06-13T20:00,Puno,San Antonio de Putina,Putina,211001,-14.9147,-69.8697,3878,14672,4988,34.0,True,papa,9.9,35,6.3,-4.8,0.0,96,5.5,6,20,heladas_invernales,1.2,0,medio
2024-06-13,2024-06-13T21:00,Puno,San Antonio de Putina,Putina,211001,-14.9147,-69.8697,3878,14672,4988,34.0,True,papa,6.9,44,2.5,-4.6,0.0,68,11.4,6,21,heladas_invernales,1.2,0,medio
2024-06-13,2024-06-13T22:00,Puno,San Antonio de Putina,Putina,211001,-14.9147,-69.8697,3878,14672,4988,34.0,True,papa,5.5,46,1.0,-5.3,0.0,4,12.1,6,22,heladas_invernales,1.2,0,medio
2024-06-13,2024-06-13T23:00,Puno,San Antonio de Putina,Putina,211001,-14.9147,-69.8697,3878,14672,4988,34.0,True,papa,7.9,36,4.0,-6.2,0.0,15,6.5,6,23,heladas_invernales,1.2,0,medio
2024-06-14,2024-06-14T00:00,Puno,San Antonio de Putina,Putina,211001,-14.9147,-69.8697,3878,14672,4988,34.0,True,papa,6.6,39,3.5,-6.2,0.0,30,1.6,6,0,heladas_invernales,0.4,0,medio
2024-06-14,2024-06-14T01:00,Puno,San Antonio de Putina,Putina,211001,-14.9147,-69.8697,3878,14672,4988,34.0,True,papa,5.5,42,2.5,-6.4,0.0,94,0.8,6,1,heladas_invernales,0.4,0,medio
2024-06-14,2024-06-14T02:00,Puno,San Antonio de Putina,Putina,211001,-14.9147,-69.8697,3878,14672,4988,34.0,True,papa,4.5,44,1.4,-6.6,0.0,96,1.3,6,2,heladas_invernales,0.4,0,medio
2024-06-14,2024-06-14T03:00,Puno,San Antonio de Putina,Putina,211001,-14.9147,-69.8697,3878,14672,4988,34.0,True,papa,3.4,48,0.2,-6.6,0.0,89,1.9,6,3,heladas_invernales,0.4,0,medio
2024-06-14,2024-06-14T04:00,Puno,San Antonio de Putina,Putina,211001,-14.9147,-69.8697,3878,14672,4988,34.0,True,papa,1.5,56,-1.8,-6.3,0.0,93,2.5,6,4,heladas_invernales,0.4,0,medio
2024-06-14,2024-06-14T05:00,Puno,San Antonio de Putina,Putina,211001,-14.9147,-69.8697,3878,14672,4988,34.0,True,papa,0.5,60,-2.9,-6.3,0.0,57,3.8,6,5,heladas_invernales,0.4,0,medio
2024-06-14,2024-06-14T06:00,Puno,San Antonio de Putina,Putina,211001,-14.9147,-69.8697,3878,14672,4988,34.0,True,papa,0.4,62,-3.2,-6.1,0.0,14,4.9,6,6,heladas_invernales,0.4,0,medio
2024-06-14,2024-06-14T07:00,Puno,San Antonio de Putina,Putina,211001,-14.9147,-69.8697,3878,14672,4988,34.0,True,papa,3.7,51,0.2,-5.6,0.0,10,4.5,6,7,heladas_invernales,0.4,0,medio
2024-06-14,2024-06-14T08:00,Puno,San Antonio de Putina,Putina,211001,-14.9147,-69.8697,3878,14672,4988,34.0,True,papa,6.8,42,3.6,-5.4,0.0,3,2.3,6,8,heladas_invernales,0.4,0,medio
2024-06-14,2024-06-14T09:00,Puno,San Antonio de Putina,Putina,211001,-14.9147,-69.8697,3878,14672,4988,34.0,True,papa,9.7,34,6.6,-5.4,0.0,0,2.1,6,9,heladas_invernales,0.4,0,medio
2024-06-14,2024-06-14T10:00,Puno,San Antonio de Putina,Putina,211001,-14.9147,-69.8697,3878,14672,4988,34.0,True,papa,12.0,30,9.8,-5.2,0.0,0,2.9,6,10,heladas_invernales,0.4,0,medio
2024-06-14,2024-06-14T11:00,Puno,San Antonio de Putina,Putina,211001,-14.9147,-69.8697,3878,14672,4988,34.0,True,papa,13.7,27,12.1,-5.2,0.0,0,3.9,6,11,heladas_invernales,0.4,0,medio
2024-06-14,2024-06-14T12:00,Puno,San Antonio de Putina,Putina,211001,-14.9147,-69.8697,3878,14672,4988,34.0,True,papa,15.1,24,13.4,-5.3,0.0,0,6.1,6,12,heladas_invernales,0.4,0,medio
2024-06-14,2024-06-14T13:00,Puno,San Antonio de Putina,Putina,211001,-14.9147,-69.8697,3878,14672,4988,34.0,True,papa,16.1,22,13.7,-5.4,0.0,0,8.8,6,13,heladas_invernales,0.4,0,medio
2024-06-14,2024-06-14T14:00,Puno,San Antonio de Putina,Putina,211001,-14.9147,-69.8697,3878,14672,4988,34.0,True,papa,16.5,19,12.9,-6.9,0.0,0,12.2,6,14,heladas_invernales,0.4,0,medio
2024-06-14,2024-06-14T15:00,Puno,San Antonio de Putina,Putina,211001,-14.9147,-69.8697,3878,14672,4988,34.0,True,papa,16.3,15,11.3,-10.6,0.0,0,13.7,6,15,heladas_invernales,0.4,0,medio
2024-06-14,2024-06-14T16:00,Puno,San Antonio de Putina,Putina,211001,-14.9147,-69.8697,3878,14672,4988,34.0,True,papa,15.7,15,10.6,-10.7,0.0,0,12.6,6,16,heladas_invernales,0.4,0,medio
2024-06-14,2024-06-14T17:00,Puno,San Antonio de Putina,Putina,211001,-14.9147,-69.8697,3878,14672,4988,34.0,True,papa,12.6,27,8.8,-6.1,0.0,0,6.8,6,17,heladas_invernales,0.4,0,medio
2024-06-14,2024-06-14T18:00,Puno,San Antonio de Putina,Putina,211001,-14.9147,-69.8697,3878,14672,4988,34.0,True,papa,10.9,27,6.9,-7.3,0.0,0,6.9,6,18,heladas_invernales,0.4,0,medio
2024-06-14,2024-06-14T19:00,Puno,San Antonio de Putina,Putina,211001,-14.9147,-69.8697,3878,14672,4988,34.0,True,papa,10.4,27,7.2,-7.9,0.0,0,1.0,6,19,heladas_invernales,0.4,0,medio
2024-06-14,2024-06-14T20:00,Puno,San Antonio de Putina,Putina,211001,-14.9147,-69.8697,3878,14672,4988,34.0,True,papa,9.3,29,5.7,-8.1,0.0,0,3.4,6,20,heladas_invernales,0.4,0,medio
2024-06-14,2024-06-14T21:00,Puno,San Antonio de Putina,Putina,211001,-14.9147,-69.8697,3878,14672,4988,34.0,True,papa,8.4,30,5.1,-8.0,0.0,0,1.1,6,21,heladas_invernales,0.4,0,medio
2024-06-14,2024-06-14T22:00,Puno,San Antonio de Putina,Putina,211001,-14.9147,-69.8697,3878,14672,4988,34.0,True,papa,7.7,32,4.4,-8.1,0.0,0,1.6,6,22,heladas_invernales,0.4,0,medio
2024-06-14,2024-06-14T23:00,Puno,San Antonio de Putina,Putina,211001,-14.9147,-69.8697,3878,14672,4988,34.0,True,papa,6.9,33,3.4,-8.2,0.0,0,2.6,6,23,heladas_invernales,0.4,0,medio
2024-06-01,2024-06-01T00:00,Puno,San Roman,Juliaca,211101,-15.4997,-70.1333,3825,276110,22089,8.0,True,papa,3.5,40,-1.3,-8.7,0.0,0,11.8,6,0,heladas_invernales,-1.5,3,alto
2024-06-01,2024-06-01T01:00,Puno,San Roman,Juliaca,211101,-15.4997,-70.1333,3825,276110,22089,8.0,True,papa,2.7,39,-2.5,-9.8,0.0,0,12.9,6,1,heladas_invernales,-1.5,3,alto
2024-06-01,2024-06-01T02:00,Puno,San Roman,Juliaca,211101,-15.4997,-70.1333,3825,276110,22089,8.0,True,papa,1.2,45,-3.7,-9.4,0.0,0,11.6,6,2,heladas_invernales,-1.5,3,alto
2024-06-01,2024-06-01T03:00,Puno,San Roman,Juliaca,211101,-15.4997,-70.1333,3825,276110,22089,8.0,True,papa,0.0,51,-4.6,-8.9,0.0,0,9.7,6,3,heladas_invernales,-1.5,3,alto
2024-06-01,2024-06-01T04:00,Puno,San Roman,Juliaca,211101,-15.4997,-70.1333,3825,276110,22089,8.0,True,papa,-1.1,57,-5.4,-8.5,0.0,0,7.9,6,4,heladas_invernales,-1.5,3,alto
2024-06-01,2024-06-01T05:00,Puno,San Roman,Juliaca,211101,-15.4997,-70.1333,3825,276110,22089,8.0,True,papa,-1.1,55,-5.2,-9.0,0.0,0,6.2,6,5,heladas_invernales,-1.5,3,alto
2024-06-01,2024-06-01T06:00,Puno,San Roman,Juliaca,211101,-15.4997,-70.1333,3825,276110,22089,8.0,True,papa,-1.5,64,-5.5,-7.6,0.0,0,6.2,6,6,heladas_invernales,-1.5,3,alto
2024-06-01,2024-06-01T07:00,Puno,San Roman,Juliaca,211101,-15.4997,-70.1333,3825,276110,22089,8.0,True,papa,0.3,64,-3.1,-5.7,0.0,0,4.4,6,7,heladas_invernales,-1.5,3,alto
2024-06-01,2024-06-01T08:00,Puno,San Roman,Juliaca,211101,-15.4997,-70.1333,3825,276110,22089,8.0,True,papa,4.1,53,1.0,-4.6,0.0,0,2.2,6,8,heladas_invernales,-1.5,3,alto
2024-06-01,2024-06-01T09:00,Puno,San Roman,Juliaca,211101,-15.4997,-70.1333,3825,276110,22089,8.0,True,papa,7.8,34,4.5,-7.0,0.0,0,2.8,6,9,heladas_invernales,-1.5,3,alto
2024-06-01,2024-06-01T10:00,Puno,San Roman,Juliaca,211101,-15.4997,-70.1333,3825,276110,22089,8.0,True,papa,10.4,25,7.9,-8.6,0.0,20,4.1,6,10,heladas_invernales,-1.5,3,alto
2024-06-01,2024-06-01T11:00,Puno,San Roman,Juliaca,211101,-15.4997,-70.1333,3825,276110,22089,8.0,True,papa,12.1,19,10.2,-10.7,0.0,0,3.8,6,11,heladas_invernales,-1.5,3,alto
2024-06-01,2024-06-01T12:00,Puno,San Roman,Juliaca,211101,-15.4997,-70.1333,3825,276110,22089,8.0,True,papa,13.4,16,11.8,-11.9,0.0,0,3.5,6,12,heladas_invernales,-1.5,3,alto
2024-06-01,2024-06-01T13:00,Puno,San Roman,Juliaca,211101,-15.4997,-70.1333,3825,276110,22089,8.0,True,papa,14.4,14,12.6,-12.4,0.0,0,3.2,6,13,heladas_invernales,-1.5,3,alto
2024-06-01,2024-06-01T14:00,Puno,San Roman,Juliaca,211101,-15.4997,-70.1333,3825,276110,22089,8.0,True,papa,15.1,12,12.6,-13.8,0.0,0,3.3,6,14,heladas_invernales,-1.5,3,alto
2024-06-01,2024-06-01T15:00,Puno,San Roman,Juliaca,211101,-15.4997,-70.1333,3825,276110,22089,8.0,True,papa,15.6,11,11.9,-15.1,0.0,0,2.8,6,15,heladas_invernales,-1.5,3,alto
2024-06-01,2024-06-01T16:00,Puno,San Roman,Juliaca,211101,-15.4997,-70.1333,3825,276110,22089,8.0,True,papa,15.4,10,11.5,-15.7,0.0,0,2.4,6,16,heladas_invernales,-1.5,3,alto
2024-06-01,2024-06-01T17:00,Puno,San Roman,Juliaca,211101,-15.4997,-70.1333,3825,276110,22089,8.0,True,papa,13.4,20,8.6,-9.0,0.0,0,11.0,6,17,heladas_invernales,-1.5,3,alto
2024-06-01,2024-06-01T18:00,Puno,San Roman,Juliaca,211101,-15.4997,-70.1333,3825,276110,22089,8.0,True,papa,9.9,46,5.5,-1.0,0.0,0,14.6,6,18,heladas_invernales,-1.5,3,alto
2024-06-01,2024-06-01T19:00,Puno,San Roman,Juliaca,211101,-15.4997,-70.1333,3825,276110,22089,8.0,True,papa,8.2,54,4.7,-0.5,0.0,0,9.4,6,19,heladas_invernales,-1.5,3,alto
2024-06-01,2024-06-01T20:00,Puno,San Roman,Juliaca,211101,-15.4997,-70.1333,3825,276110,22089,8.0,True,papa,8.1,46,5.1,-2.8,0.0,0,3.1,6,20,heladas_invernales,-1.5,3,alto
2024-06-01,2024-06-01T21:00,Puno,San Roman,Juliaca,211101,-15.4997,-70.1333,3825,276110,22089,8.0,True,papa,7.4,47,4.7,-3.0,0.0,0,1.1,6,21,heladas_invernales,-1.5,3,alto
2024-06-01,2024-06-01T22:00,Puno,San Roman,Juliaca,211101,-15.4997,-70.1333,3825,276110,22089,8.0,True,papa,4.3,65,0.7,-1.6,0.0,0,8.2,6,22,heladas_invernales,-1.5,3,alto
2024-06-01,2024-06-01T23:00,Puno,San Roman,Juliaca,211101,-15.4997,-70.1333,3825,276110,22089,8.0,True,papa,3.8,62,0.4,-2.8,0.0,0,5.8,6,23,heladas_invernales,-1.5,3,alto
2024-06-02,2024-06-02T00:00,Puno,San Roman,Juliaca,211101,-15.4997,-70.1333,3825,276110,22089,8.0,True,papa,4.6,53,1.2,-4.1,0.0,0,4.7,6,0,heladas_invernales,-1.2,2,alto
2024-06-02,2024-06-02T01:00,Puno,San Roman,Juliaca,211101,-15.4997,-70.1333,3825,276110,22089,8.0,True,papa,2.1,68,-1.5,-3.2,0.0,0,7.4,6,1,heladas_invernales,-1.2,2,alto
2024-06-02,2024-06-02T02:00,Puno,San Roman,Juliaca,211101,-15.4997,-70.1333,3825,276110,22089,8.0,True,papa,0.9,77,-2.8,-2.8,0.0,0,8.0,6,2,heladas_invernales,-1.2,2,alto
2024-06-02,2024-06-02T03:00,Puno,San Roman,Juliaca,211101,-15.4997,-70.1333,3825,276110,22089,8.0,True,papa,0.4,73,-3.1,-3.8,0.0,0,6.1,6,3,heladas_invernales,-1.2,2,alto
2024-06-02,2024-06-02T04:00,Puno,San Roman,Juliaca,211101,-15.4997,-70.1333,3825,276110,22089,8.0,True,papa,1.4,61,-1.9,-5.3,0.0,0,3.3,6,4,heladas_invernales,-1.2,2,alto
2024-06-02,2024-06-02T05:00,Puno,San Roman,Juliaca,211101,-15.4997,-70.1333,3825,276110,22089,8.0,True,papa,0.2,66,-2.9,-5.4,0.0,0,1.9,6,5,heladas_invernales,-1.2,2,alto
2024-06-02,2024-06-02T06:00,Puno,San Roman,Juliaca,211101,-15.4997,-70.1333,3825,276110,22089,8.0,True,papa,-1.2,78,-4.5,-4.6,0.0,0,3.8,6,6,heladas_invernales,-1.2,2,alto
2024-06-02,2024-06-02T07:00,Puno,San Roman,Juliaca,211101,-15.4997,-70.1333,3825,276110,22089,8.0,True,papa,-1.2,83,-4.4,-3.7,0.0,1,3.7,6,7,heladas_invernales,-1.2,2,alto
2024-06-02,2024-06-02T08:00,Puno,San Roman,Juliaca,211101,-15.4997,-70.1333,3825,276110,22089,8.0,True,papa,3.2,59,0.1,-4.0,0.0,0,3.1,6,8,heladas_invernales,-1.2,2,alto
2024-06-02,2024-06-02T09:00,Puno,San Roman,Juliaca,211101,-15.4997,-70.1333,3825,276110,22089,8.0,True,papa,7.6,39,4.2,-5.6,0.0,0,3.4,6,9,heladas_invernales,-1.2,2,alto
2024-06-02,2024-06-02T10:00,Puno,San Roman,Juliaca,211101,-15.4997,-70.1333,3825,276110,22089,8.0,True,papa,10.4,30,8.2,-6.6,0.0,0,2.4,6,10,heladas_invernales,-1.2,2,alto
2024-06-02,2024-06-02T11:00,Puno,San Roman,Juliaca,211101,-15.4997,-70.1333,3825,276110,22089,8.0,True,papa,12.3,22,10.9,-8.9,0.0,18,1.3,6,11,heladas_invernales,-1.2,2,alto
2024-06-02,2024-06-02T12:00,Puno,San Roman,Juliaca,211101,-15.4997,-70.1333,3825,276110,22089,8.0,True,papa,13.7,17,12.4,-10.6,0.0,47,1.8,6,12,heladas_invernales,-1.2,2,alto
2024-06-02,2024-06-02T13:00,Puno,San Roman,Juliaca,211101,-15.4997,-70.1333,3825,276110,22089,8.0,True,papa,14.8,15,13.3,-11.9,0.0,74,1.8,6,13,heladas_invernales,-1.2,2,alto
2024-06-02,2024-06-02T14:00,Puno,San Roman,Juliaca,211101,-15.4997,-70.1333,3825,276110,22089,8.0,True,papa,15.4,13,13.1,-13.2,0.0,89,1.9,6,14,heladas_invernales,-1.2,2,alto
2024-06-02,2024-06-02T15:00,Puno,San Roman,Juliaca,211101,-15.4997,-70.1333,3825,276110,22089,8.0,True,papa,15.8,12,12.0,-14.0,0.0,88,3.9,6,15,heladas_invernales,-1.2,2,alto
2024-06-02,2024-06-02T16:00,Puno,San Roman,Juliaca,211101,-15.4997,-70.1333,3825,276110,22089,8.0,True,papa,15.3,15,10.3,-11.1,0.0,15,11.5,6,16,heladas_invernales,-1.2,2,alto
2024-06-02,2024-06-02T17:00,Puno,San Roman,Juliaca,211101,-15.4997,-70.1333,3825,276110,22089,8.0,True,papa,12.5,31,7.2,-4.1,0.0,2,17.9,6,17,heladas_invernales,-1.2,2,alto
2024-06-02,2024-06-02T18:00,Puno,San Roman,Juliaca,211101,-15.4997,-70.1333,3825,276110,22089,8.0,True,papa,9.9,41,5.2,-2.7,0.0,2,15.0,6,18,heladas_invernales,-1.2,2,alto
2024-06-02,2024-06-02T19:00,Puno,San Roman,Juliaca,211101,-15.4997,-70.1333,3825,276110,22089,8.0,True,papa,8.3,44,4.1,-3.3,0.0,3,10.8,6,19,heladas_invernales,-1.2,2,alto
2024-06-02,2024-06-02T20:00,Puno,San Roman,Juliaca,211101,-15.4997,-70.1333,3825,276110,22089,8.0,True,papa,7.5,48,4.4,-2.9,0.0,7,3.9,6,20,heladas_invernales,-1.2,2,alto
2024-06-02,2024-06-02T21:00,Puno,San Roman,Juliaca,211101,-15.4997,-70.1333,3825,276110,22089,8.0,True,papa,5.2,63,2.0,-1.3,0.0,0,6.3,6,21,heladas_invernales,-1.2,2,alto
2024-06-02,2024-06-02T22:00,Puno,San Roman,Juliaca,211101,-15.4997,-70.1333,3825,276110,22089,8.0,True,papa,4.8,61,1.6,-2.2,0.0,0,5.5,6,22,heladas_invernales,-1.2,2,alto
2024-06-02,2024-06-02T23:00,Puno,San Roman,Juliaca,211101,-15.4997,-70.1333,3825,276110,22089,8.0,True,papa,6.7,47,3.5,-3.9,0.0,0,3.1,6,23,heladas_invernales,-1.2,2,alto
2024-06-03,2024-06-03T00:00,Puno,San Roman,Juliaca,211101,-15.4997,-70.1333,3825,276110,22089,8.0,True,papa,6.2,47,2.9,-4.2,0.0,0,4.5,6,0,heladas_invernales,-0.3,1,alto
2024-06-03,2024-06-03T01:00,Puno,San Roman,Juliaca,211101,-15.4997,-70.1333,3825,276110,22089,8.0,True,papa,3.8,57,0.4,-3.9,0.0,14,5.8,6,1,heladas_invernales,-0.3,1,alto
2024-06-03,2024-06-03T02:00,Puno,San Roman,Juliaca,211101,-15.4997,-70.1333,3825,276110,22089,8.0,True,papa,4.2,55,0.9,-4.0,0.0,3,4.7,6,2,heladas_invernales,-0.3,1,alto
2024-06-03,2024-06-03T03:00,Puno,San Roman,Juliaca,211101,-15.4997,-70.1333,3825,276110,22089,8.0,True,papa,4.0,61,0.8,-2.8,0.0,12,4.3,6,3,heladas_invernales,-0.3,1,alto
2024-06-03,2024-06-03T04:00,Puno,San Roman,Juliaca,211101,-15.4997,-70.1333,3825,276110,22089,8.0,True,papa,1.8,72,-1.6,-2.8,0.0,25,6.0,6,4,heladas_invernales,-0.3,1,alto
2024-06-03,2024-06-03T05:00,Puno,San Roman,Juliaca,211101,-15.4997,-70.1333,3825,276110,22089,8.0,True,papa,0.6,76,-2.9,-3.2,0.0,38,6.4,6,5,heladas_invernales,-0.3,1,alto
2024-06-03,2024-06-03T06:00,Puno,San Roman,Juliaca,211101,-15.4997,-70.1333,3825,276110,22089,8.0,True,papa,-0.3,79,-3.8,-3.5,0.0,51,5.7,6,6,heladas_invernales,-0.3,1,alto
2024-06-03,2024-06-03T07:00,Puno,San Roman,Juliaca,211101,-15.4997,-70.1333,3825,276110,22089,8.0,True,papa,1.6,69,-1.6,-3.3,0.0,9,4.7,6,7,heladas_invernales,-0.3,1,alto
2024-06-03,2024-06-03T08:00,Puno,San Roman,Juliaca,211101,-15.4997,-70.1333,3825,276110,22089,8.0,True,papa,5.7,44,2.3,-5.6,0.0,0,3.7,6,8,heladas_invernales,-0.3,1,alto
2024-06-03,2024-06-03T09:00,Puno,San Roman,Juliaca,211101,-15.4997,-70.1333,3825,276110,22089,8.0,True,papa,9.1,32,5.5,-6.8,0.0,4,4.8,6,9,heladas_invernales,-0.3,1,alto
2024-06-03,2024-06-03T10:00,Puno,San Roman,Juliaca,211101,-15.4997,-70.1333,3825,276110,22089,8.0,True,papa,11.4,30,8.9,-5.8,0.0,0,4.6,6,10,heladas_invernales,-0.3,1,alto
2024-06-03,2024-06-03T11:00,Puno,San Roman,Juliaca,211101,-15.4997,-70.1333,3825,276110,22089,8.0,True,papa,13.1,25,11.6,-6.3,0.0,13,3.2,6,11,heladas_invernales,-0.3,1,alto
2024-06-03,2024-06-03T12:00,Puno,San Roman,Juliaca,211101,-15.4997,-70.1333,3825,276110,22089,8.0,True,papa,14.5,20,13.4,-8.4,0.0,13,1.5,6,12,heladas_invernales,-0.3,1,alto
2024-06-03,2024-06-03T13:00,Puno,San Roman,Juliaca,211101,-15.4997,-70.1333,3825,276110,22089,8.0,True,papa,15.4,16,13.8,-10.1,0.0,28,2.2,6,13,heladas_invernales,-0.3,1,alto
2024-06-03,2024-06-03T14:00,Puno,San Roman,Juliaca,211101,-15.4997,-70.1333,3825,276110,22089,8.0,True,papa,15.7,15,13.7,-10.6,0.0,19,0.7,6,14,heladas_invernales,-0.3,1,alto
2024-06-03,2024-06-03T15:00,Puno,San Roman,Juliaca,211101,-15.4997,-70.1333,3825,276110,22089,8.0,True,papa,16.0,15,13.0,-10.4,0.0,3,0.0,6,15,heladas_invernales,-0.3,1,alto
2024-06-03,2024-06-03T16:00,Puno,San Roman,Juliaca,211101,-15.4997,-70.1333,3825,276110,22089,8.0,True,papa,16.5,15,11.7,-10.4,0.0,2,9.9,6,16,heladas_invernales,-0.3,1,alto
2024-06-03,2024-06-03T17:00,Puno,San Roman,Juliaca,211101,-15.4997,-70.1333,3825,276110,22089,8.0,True,papa,12.4,37,6.2,-2.0,0.0,8,25.8,6,17,heladas_invernales,-0.3,1,alto
2024-06-03,2024-06-03T18:00,Puno,San Roman,Juliaca,211101,-15.4997,-70.1333,3825,276110,22089,8.0,True,papa,10.2,62,6.0,3.3,0.0,3,18.0,6,18,heladas_invernales,-0.3,1,alto
2024-06-03,2024-06-03T19:00,Puno,San Roman,Juliaca,211101,-15.4997,-70.1333,3825,276110,22089,8.0,True,papa,8.9,71,5.4,4.1,0.0,5,14.8,6,19,heladas_invernales,-0.3,1,alto
2024-06-03,2024-06-03T20:00,Puno,San Roman,Juliaca,211101,-15.4997,-70.1333,3825,276110,22089,8.0,True,papa,7.4,79,5.3,4.0,0.0,1,4.7,6,20,heladas_invernales,-0.3,1,alto
2024-06-03,2024-06-03T21:00,Puno,San Roman,Juliaca,211101,-15.4997,-70.1333,3825,276110,22089,8.0,True,papa,6.5,80,3.4,3.2,0.0,0,10.4,6,21,heladas_invernales,-0.3,1,alto
2024-06-03,2024-06-03T22:00,Puno,San Roman,Juliaca,211101,-15.4997,-70.1333,3825,276110,22089,8.0,True,papa,4.9,86,2.0,2.8,0.0,0,9.3,6,22,heladas_invernales,-0.3,1,alto
2024-06-03,2024-06-03T23:00,Puno,San Roman,Juliaca,211101,-15.4997,-70.1333,3825,276110,22089,8.0,True,papa,4.2,87,1.2,2.2,0.0,0,8.4,6,23,heladas_invernales,-0.3,1,alto
2024-06-04,2024-06-04T00:00,Puno,San Roman,Juliaca,211101,-15.4997,-70.1333,3825,276110,22089,8.0,True,papa,3.5,87,0.3,1.5,0.0,0,8.7,6,0,heladas_invernales,0.8,0,medio
2024-06-04,2024-06-04T01:00,Puno,San Roman,Juliaca,211101,-15.4997,-70.1333,3825,276110,22089,8.0,True,papa,2.6,87,-0.7,0.6,0.0,0,8.4,6,1,heladas_invernales,0.8,0,medio
2024-06-04,2024-06-04T02:00,Puno,San Roman,Juliaca,211101,-15.4997,-70.1333,3825,276110,22089,8.0,True,papa,1.9,89,-1.2,0.2,0.0,0,7.2,6,2,heladas_invernales,0.8,0,medio
2024-06-04,2024-06-04T03:00,Puno,San Roman,Juliaca,211101,-15.4997,-70.1333,3825,276110,22089,8.0,True,papa,1.8,91,-1.2,0.4,0.0,1,6.0,6,3,heladas_invernales,0.8,0,medio
2024-06-04,2024-06-04T04:00,Puno,San Roman,Juliaca,211101,-15.4997,-70.1333,3825,276110,22089,8.0,True,papa,2.0,92,-0.7,0.9,0.0,0,4.8,6,4,heladas_invernales,0.8,0,medio
2024-06-04,2024-06-04T05:00,Puno,San Roman,Juliaca,211101,-15.4997,-70.1333,3825,276110,22089,8.0,True,papa,1.4,96,-1.3,0.9,0.0,0,5.0,6,5,heladas_invernales,0.8,0,medio
2024-06-04,2024-06-04T06:00,Puno,San Roman,Juliaca,211101,-15.4997,-70.1333,3825,276110,22089,8.0,True,papa,0.8,100,-2.0,0.8,0.0,95,4.8,6,6,heladas_invernales,0.8,0,medio
2024-06-04,2024-06-04T07:00,Puno,San Roman,Juliaca,211101,-15.4997,-70.1333,3825,276110,22089,8.0,True,papa,2.2,97,0.0,1.8,0.0,88,2.7,6,7,heladas_invernales,0.8,0,medio
2024-06-04,2024-06-04T08:00,Puno,San Roman,Juliaca,211101,-15.4997,-70.1333,3825,276110,22089,8.0,True,papa,5.9,68,3.3,0.4,0.0,1,3.6,6,8,heladas_invernales,0.8,0,medio
2024-06-04,2024-06-04T09:00,Puno,San Roman,Juliaca,211101,-15.4997,-70.1333,3825,276110,22089,8.0,True,papa,8.7,53,6.0,-0.3,0.0,0,3.8,6,9,heladas_invernales,0.8,0,medio
2024-06-04,2024-06-04T10:00,Puno,San Roman,Juliaca,211101,-15.4997,-70.1333,3825,276110,22089,8.0,True,papa,10.5,48,9.0,-0.1,0.0,0,2.5,6,10,heladas_invernales,0.8,0,medio
2024-06-04,2024-06-04T11:00,Puno,San Roman,Juliaca,211101,-15.4997,-70.1333,3825,276110,22089,8.0,True,papa,12.2,40,11.4,-1.1,0.0,0,2.1,6,11,heladas_invernales,0.8,0,medio
2024-06-04,2024-06-04T12:00,Puno,San Roman,Juliaca,211101,-15.4997,-70.1333,3825,276110,22089,8.0,True,papa,13.8,32,13.3,-2.8,0.0,0,0.8,6,12,heladas_invernales,0.8,0,medio
2024-06-04,2024-06-04T13:00,Puno,San Roman,Juliaca,211101,-15.4997,-70.1333,3825,276110,22089,8.0,True,papa,14.9,24,13.8,-5.2,0.0,10,1.9,6,13,heladas_invernales,0.8,0,medio
2024-06-04,2024-06-04T14:00,Puno,San Roman,Juliaca,211101,-15.4997,-70.1333,3825,276110,22089,8.0,True,papa,15.8,18,13.5,-8.2,0.0,30,3.6,6,14,heladas_invernales,0.8,0,medio
2024-06-04,2024-06-04T15:00,Puno,San Roman,Juliaca,211101,-15.4997,-70.1333,3825,276110,22089,8.0,True,papa,16.2,15,12.4,-10.1,0.0,12,5.3,6,15,heladas_invernales,0.8,0,medio
2024-06-04,2024-06-04T16:00,Puno,San Roman,Juliaca,211101,-15.4997,-70.1333,3825,276110,22089,8.0,True,papa,15.7,19,11.3,-7.8,0.0,2,8.9,6,16,heladas_invernales,0.8,0,medio
2024-06-04,2024-06-04T17:00,Puno,San Roman,Juliaca,211101,-15.4997,-70.1333,3825,276110,22089,8.0,True,papa,13.4,34,8.9,-2.3,0.0,0,14.0,6,17,heladas_invernales,0.8,0,medio
2024-06-04,2024-06-04T18:00,Puno,San Roman,Juliaca,211101,-15.4997,-70.1333,3825,276110,22089,8.0,True,papa,10.2,42,5.8,-2.0,0.0,0,13.8,6,18,heladas_invernales,0.8,0,medio
2024-06-04,2024-06-04T19:00,Puno,San Roman,Juliaca,211101,-15.4997,-70.1333,3825,276110,22089,8.0,True,papa,8.7,42,4.2,-3.5,0.0,0,12.9,6,19,heladas_invernales,0.8,0,medio
2024-06-04,2024-06-04T20:00,Puno,San Roman,Juliaca,211101,-15.4997,-70.1333,3825,276110,22089,8.0,True,papa,8.1,38,5.3,-5.2,0.0,0,0.4,6,20,heladas_invernales,0.8,0,medio
2024-06-04,2024-06-04T21:00,Puno,San Roman,Juliaca,211101,-15.4997,-70.1333,3825,276110,22089,8.0,True,papa,5.2,59,1.7,-2.2,0.0,0,7.6,6,21,heladas_invernales,0.8,0,medio
2024-06-04,2024-06-04T22:00,Puno,San Roman,Juliaca,211101,-15.4997,-70.1333,3825,276110,22089,8.0,True,papa,5.0,55,1.7,-3.4,0.0,0,4.6,6,22,heladas_invernales,0.8,0,medio
2024-06-04,2024-06-04T23:00,Puno,San Roman,Juliaca,211101,-15.4997,-70.1333,3825,276110,22089,8.0,True,papa,5.3,52,2.0,-3.7,0.0,0,4.6,6,23,heladas_invernales,0.8,0,medio
2024-06-05,2024-06-05T00:00,Puno,San Roman,Juliaca,211101,-15.4997,-70.1333,3825,276110,22089,8.0,True,papa,3.5,66,-0.1,-2.3,0.0,0,7.4,6,0,heladas_invernales,-1.3,1,alto
2024-06-05,2024-06-05T01:00,Puno,San Roman,Juliaca,211101,-15.4997,-70.1333,3825,276110,22089,8.0,True,papa,2.4,71,-1.4,-2.4,0.0,0,9.1,6,1,heladas_invernales,-1.3,1,alto
2024-06-05,2024-06-05T02:00,Puno,San Roman,Juliaca,211101,-15.4997,-70.1333,3825,276110,22089,8.0,True,papa,1.5,73,-2.1,-2.8,0.0,0,7.8,6,2,heladas_invernales,-1.3,1,alto
2024-06-05,2024-06-05T03:00,Puno,San Roman,Juliaca,211101,-15.4997,-70.1333,3825,276110,22089,8.0,True,papa,3.2,60,-0.0,-3.7,0.0,0,4.4,6,3,heladas_invernales,-1.3,1,alto
2024-06-05,2024-06-05T04:00,Puno,San Roman,Juliaca,211101,-15.4997,-70.1333,3825,276110,22089,8.0,True,papa,3.2,57,-0.0,-4.4,0.0,0,3.4,6,4,heladas_invernales,-1.3,1,alto
2024-06-05,2024-06-05T05:00,Puno,San Roman,Juliaca,211101,-15.4997,-70.1333,3825,276110,22089,8.0,True,papa,1.1,64,-2.3,-4.9,0.0,0,4.3,6,5,heladas_invernales,-1.3,1,alto
2024-06-05,2024-06-05T06:00,Puno,San Roman,Juliaca,211101,-15.4997,-70.1333,3825,276110,22089,8.0,True,papa,-1.3,76,-4.9,-5.0,0.0,0,5.4,6,6,heladas_invernales,-1.3,1,alto
2024-06-05,2024-06-05T07:00,Puno,San Roman,Juliaca,211101,-15.4997,-70.1333,3825,276110,22089,8.0,True,papa,0.2,68,-3.1,-5.1,0.0,0,3.6,6,7,heladas_invernales,-1.3,1,alto
2024-06-05,2024-06-05T08:00,Puno,San Roman,Juliaca,211101,-15.4997,-70.1333,3825,276110,22089,8.0,True,papa,4.3,54,1.4,-4.2,0.0,0,1.4,6,8,heladas_invernales,-1.3,1,alto
2024-06-05,2024-06-05T09:00,Puno,San Roman,Juliaca,211101,-15.4997,-70.1333,3825,276110,22089,8.0,True,papa,7.9,38,4.9,-5.4,0.0,0,1.5,6,9,heladas_invernales,-1.3,1,alto
2024-06-05,2024-06-05T10:00,Puno,San Roman,Juliaca,211101,-15.4997,-70.1333,3825,276110,22089,8.0,True,papa,10.6,29,8.4,-6.8,0.0,0,2.3,6,10,heladas_invernales,-1.3,1,alto
2024-06-05,2024-06-05T11:00,Puno,San Roman,Juliaca,211101,-15.4997,-70.1333,3825,276110,22089,8.0,True,papa,12.4,25,10.6,-7.1,0.0,0,4.0,6,11,heladas_invernales,-1.3,1,alto
2024-06-05,2024-06-05T12:00,Puno,San Roman,Juliaca,211101,-15.4997,-70.1333,3825,276110,22089,8.0,True,papa,13.9,24,12.3,-6.4,0.0,0,4.8,6,12,heladas_invernales,-1.3,1,alto
2024-06-05,2024-06-05T13:00,Puno,San Roman,Juliaca,211101,-15.4997,-70.1333,3825,276110,22089,8.0,True,papa,15.0,23,13.2,-6.1,0.0,0,5.5,6,13,heladas_invernales,-1.3,1,alto
2024-06-05,2024-06-05T14:00,Puno,San Roman,Juliaca,211101,-15.4997,-70.1333,3825,276110,22089,8.0,True,papa,15.6,22,12.6,-6.2,0.0,0,8.8,6,14,heladas_invernales,-1.3,1,alto
2024-06-05,2024-06-05T15:00,Puno,San Roman,Juliaca,211101,-15.4997,-70.1333,3825,276110,22089,8.0,True,papa,15.6,20,11.1,-7.1,0.0,0,11.5,6,15,heladas_invernales,-1.3,1,alto
2024-06-05,2024-06-05T16:00,Puno,San Roman,Juliaca,211101,-15.4997,-70.1333,3825,276110,22089,8.0,True,papa,15.1,19,10.4,-8.2,0.0,0,11.1,6,16,heladas_invernales,-1.3,1,alto
2024-06-05,2024-06-05T17:00,Puno,San Roman,Juliaca,211101,-15.4997,-70.1333,3825,276110,22089,8.0,True,papa,13.4,25,8.8,-6.3,0.0,0,11.2,6,17,heladas_invernales,-1.3,1,alto
2024-06-05,2024-06-05T18:00,Puno,San Roman,Juliaca,211101,-15.4997,-70.1333,3825,276110,22089,8.0,True,papa,10.6,36,6.1,-4.1,0.0,0,12.8,6,18,heladas_invernales,-1.3,1,alto
2024-06-05,2024-06-05T19:00,Puno,San Roman,Juliaca,211101,-15.4997,-70.1333,3825,276110,22089,8.0,True,papa,9.1,50,5.0,-0.8,0.0,0,12.4,6,19,heladas_invernales,-1.3,1,alto
2024-06-05,2024-06-05T20:00,Puno,San Roman,Juliaca,211101,-15.4997,-70.1333,3825,276110,22089,8.0,True,papa,7.6,53,3.8,-1.3,0.0,0,10.0,6,20,heladas_invernales,-1.3,1,alto
2024-06-05,2024-06-05T21:00,Puno,San Roman,Juliaca,211101,-15.4997,-70.1333,3825,276110,22089,8.0,True,papa,5.8,69,2.9,0.6,0.0,0,6.5,6,21,heladas_invernales,-1.3,1,alto
2024-06-05,2024-06-05T22:00,Puno,San Roman,Juliaca,211101,-15.4997,-70.1333,3825,276110,22089,8.0,True,papa,5.2,68,2.1,-0.2,0.0,0,6.2,6,22,heladas_invernales,-1.3,1,alto
2024-06-05,2024-06-05T23:00,Puno,San Roman,Juliaca,211101,-15.4997,-70.1333,3825,276110,22089,8.0,True,papa,3.8,70,0.4,-1.3,0.0,0,6.8,6,23,heladas_invernales,-1.3,1,alto
2024-06-06,2024-06-06T00:00,Puno,San Roman,Juliaca,211101,-15.4997,-70.1333,3825,276110,22089,8.0,True,papa,4.8,58,1.5,-2.9,0.0,0,4.7,6,0,heladas_invernales,1.2,0,medio
2024-06-06,2024-06-06T01:00,Puno,San Roman,Juliaca,211101,-15.4997,-70.1333,3825,276110,22089,8.0,True,papa,5.3,52,2.0,-3.7,0.0,0,4.3,6,1,heladas_invernales,1.2,0,medio
2024-06-06,2024-06-06T02:00,Puno,San Roman,Juliaca,211101,-15.4997,-70.1333,3825,276110,22089,8.0,True,papa,3.5,61,0.0,-3.5,0.0,0,5.5,6,2,heladas_invernales,1.2,0,medio
2024-06-06,2024-06-06T03:00,Puno,San Roman,Juliaca,211101,-15.4997,-70.1333,3825,276110,22089,8.0,True,papa,2.5,67,-0.9,-3.0,0.0,0,6.1,6,3,heladas_invernales,1.2,0,medio
2024-06-06,2024-06-06T04:00,Puno,San Roman,Juliaca,211101,-15.4997,-70.1333,3825,276110,22089,8.0,True,papa,3.5,61,0.3,-3.3,0.0,0,4.3,6,4,heladas_invernales,1.2,0,medio
2024-06-06,2024-06-06T05:00,Puno,San Roman,Juliaca,211101,-15.4997,-70.1333,3825,276110,22089,8.0,True,papa,2.5,64,-0.6,-3.8,0.0,0,3.1,6,5,heladas_invernales,1.2,0,medio
2024-06-06,2024-06-06T06:00,Puno,San Roman,Juliaca,211101,-15.4997,-70.1333,3825,276110,22089,8.0,True,papa,1.4,67,-1.8,-4.0,0.0,0,3.6,6,6,heladas_invernales,1.2,0,medio
2024-06-06,2024-06-06T07:00,Puno,San Roman,Juliaca,211101,-15.4997,-70.1333,3825,276110,22089,8.0,True,papa,1.2,71,-2.1,-3.5,0.0,0,4.6,6,7,heladas_invernales,1.2,0,medio
2024-06-06,2024-06-06T08:00,Puno,San Roman,Juliaca,211101,-15.4997,-70.1333,3825,276110,22089,8.0,True,papa,5.2,58,2.1,-2.5,0.0,0,3.8,6,8,heladas_invernales,1.2,0,medio
2024-06-06,2024-06-06T09:00,Puno,San Roman,Juliaca,211101,-15.4997,-70.1333,3825,276110,22089,8.0,True,papa,8.7,42,5.7,-3.6,0.0,0,2.6,6,9,heladas_invernales,1.2,0,medio
2024-06-06,2024-06-06T10:00,Puno,San Roman,Juliaca,211101,-15.4997,-70.1333,3825,276110,22089,8.0,True,papa,10.8,38,9.1,-3.0,0.0,0,1.3,6,10,heladas_invernales,1.2,0,medio
2024-06-06,2024-06-06T11:00,Puno,San Roman,Juliaca,211101,-15.4997,-70.1333,3825,276110,22089,8.0,True,papa,12.3,37,11.4,-2.0,0.0,0,2.3,6,11,heladas_invernales,1.2,0,medio
2024-06-06,2024-06-06T12:00,Puno,San Roman,Juliaca,211101,-15.4997,-70.1333,3825,276110,22089,8.0,True,papa,13.8,31,12.6,-3.1,0.0,0,4.8,6,12,heladas_invernales,1.2,0,medio
2024-06-06,2024-06-06T13:00,Puno,San Roman,Juliaca,211101,-15.4997,-70.1333,3825,276110,22089,8.0,True,papa,15.3,20,12.8,-7.4,0.0,0,8.6,6,13,heladas_invernales,1.2,0,medio
2024-06-06,2024-06-06T14:00,Puno,San Roman,Juliaca,211101,-15.4997,-70.1333,3825,276110,22089,8.0,True,papa,16.2,14,12.8,-11.1,0.0,0,8.7,6,14,heladas_invernales,1.2,0,medio
2024-06-06,2024-06-06T15:00,Puno,San Roman,Juliaca,211101,-15.4997,-70.1333,3825,276110,22089,8.0,True,papa,16.5,13,11.9,-11.6,0.0,0,10.4,6,15,heladas_invernales,1.2,0,medio
2024-06-06,2024-06-06T16:00,Puno,San Roman,Juliaca,211101,-15.4997,-70.1333,3825,276110,22089,8.0,True,papa,15.8,18,10.3,-8.2,0.0,0,16.2,6,16,heladas_invernales,1.2,0,medio
2024-06-06,2024-06-06T17:00,Puno,San Roman,Juliaca,211101,-15.4997,-70.1333,3825,276110,22089,8.0,True,papa,13.3,27,7.9,-5.5,0.0,0,17.4,6,17,heladas_invernales,1.2,0,medio
2024-06-06,2024-06-06T18:00,Puno,San Roman,Juliaca,211101,-15.4997,-70.1333,3825,276110,22089,8.0,True,papa,10.9,37,5.7,-3.3,0.0,0,18.4,6,18,heladas_invernales,1.2,0,medio
2024-06-06,2024-06-06T19:00,Puno,San Roman,Juliaca,211101,-15.4997,-70.1333,3825,276110,22089,8.0,True,papa,9.7,47,5.3,-1.0,0.0,0,14.7,6,19,heladas_invernales,1.2,0,medio
2024-06-06,2024-06-06T20:00,Puno,San Roman,Juliaca,211101,-15.4997,-70.1333,3825,276110,22089,8.0,True,papa,8.1,57,4.5,0.1,0.0,0,10.1,6,20,heladas_invernales,1.2,0,medio
2024-06-06,2024-06-06T21:00,Puno,San Roman,Juliaca,211101,-15.4997,-70.1333,3825,276110,22089,8.0,True,papa,6.7,66,3.9,0.9,0.0,0,5.4,6,21,heladas_invernales,1.2,0,medio
2024-06-06,2024-06-06T22:00,Puno,San Roman,Juliaca,211101,-15.4997,-70.1333,3825,276110,22089,8.0,True,papa,4.9,71,1.7,0.2,0.0,0,8.0,6,22,heladas_invernales,1.2,0,medio
2024-06-06,2024-06-06T23:00,Puno,San Roman,Juliaca,211101,-15.4997,-70.1333,3825,276110,22089,8.0,True,papa,3.7,69,0.1,-1.4,0.0,0,8.4,6,23,heladas_invernales,1.2,0,medio
2024-06-07,2024-06-07T00:00,Puno,San Roman,Juliaca,211101,-15.4997,-70.1333,3825,276110,22089,8.0,True,papa,2.5,71,-0.8,-2.2,0.0,0,6.3,6,0,heladas_invernales,-0.9,1,alto
2024-06-07,2024-06-07T01:00,Puno,San Roman,Juliaca,211101,-15.4997,-70.1333,3825,276110,22089,8.0,True,papa,2.5,66,-0.9,-3.3,0.0,0,5.4,6,1,heladas_invernales,-0.9,1,alto
2024-06-07,2024-06-07T02:00,Puno,San Roman,Juliaca,211101,-15.4997,-70.1333,3825,276110,22089,8.0,True,papa,1.8,64,-1.8,-4.2,0.0,0,6.0,6,2,heladas_invernales,-0.9,1,alto
2024-06-07,2024-06-07T03:00,Puno,San Roman,Juliaca,211101,-15.4997,-70.1333,3825,276110,22089,8.0,True,papa,2.1,57,-1.5,-5.5,0.0,0,5.0,6,3,heladas_invernales,-0.9,1,alto
2024-06-07,2024-06-07T04:00,Puno,San Roman,Juliaca,211101,-15.4997,-70.1333,3825,276110,22089,8.0,True,papa,2.2,55,-1.3,-5.8,0.0,0,4.5,6,4,heladas_invernales,-0.9,1,alto
2024-06-07,2024-06-07T05:00,Puno,San Roman,Juliaca,211101,-15.4997,-70.1333,3825,276110,22089,8.0,True,papa,1.0,63,-2.4,-5.2,0.0,0,4.2,6,5,heladas_invernales,-0.9,1,alto
2024-06-07,2024-06-07T06:00,Puno,San Roman,Juliaca,211101,-15.4997,-70.1333,3825,276110,22089,8.0,True,papa,-0.9,78,-4.3,-4.3,0.0,7,4.7,6,6,heladas_invernales,-0.9,1,alto
2024-06-07,2024-06-07T07:00,Puno,San Roman,Juliaca,211101,-15.4997,-70.1333,3825,276110,22089,8.0,True,papa,0.0,79,-3.2,-3.2,0.0,23,4.2,6,7,heladas_invernales,-0.9,1,alto
2024-06-07,2024-06-07T08:00,Puno,San Roman,Juliaca,211101,-15.4997,-70.1333,3825,276110,22089,8.0,True,papa,4.5,60,1.8,-2.7,0.0,0,1.6,6,8,heladas_invernales,-0.9,1,alto
2024-06-07,2024-06-07T09:00,Puno,San Roman,Juliaca,211101,-15.4997,-70.1333,3825,276110,22089,8.0,True,papa,7.9,41,5.1,-4.6,0.0,0,0.4,6,9,heladas_invernales,-0.9,1,alto
2024-06-07,2024-06-07T10:00,Puno,San Roman,Juliaca,211101,-15.4997,-70.1333,3825,276110,22089,8.0,True,papa,9.9,35,8.1,-4.8,0.0,0,0.8,6,10,heladas_invernales,-0.9,1,alto
2024-06-07,2024-06-07T11:00,Puno,San Roman,Juliaca,211101,-15.4997,-70.1333,3825,276110,22089,8.0,True,papa,11.8,23,10.1,-8.5,0.0,0,2.9,6,11,heladas_invernales,-0.9,1,alto
2024-06-07,2024-06-07T12:00,Puno,San Roman,Juliaca,211101,-15.4997,-70.1333,3825,276110,22089,8.0,True,papa,13.9,17,11.9,-10.6,0.0,0,5.4,6,12,heladas_invernales,-0.9,1,alto
2024-06-07,2024-06-07T13:00,Puno,San Roman,Juliaca,211101,-15.4997,-70.1333,3825,276110,22089,8.0,True,papa,15.1,17,13.1,-10.0,0.0,0,5.1,6,13,heladas_invernales,-0.9,1,alto
2024-06-07,2024-06-07T14:00,Puno,San Roman,Juliaca,211101,-15.4997,-70.1333,3825,276110,22089,8.0,True,papa,15.9,15,13.3,-11.0,0.0,0,4.0,6,14,heladas_invernales,-0.9,1,alto
2024-06-07,2024-06-07T15:00,Puno,San Roman,Juliaca,211101,-15.4997,-70.1333,3825,276110,22089,8.0,True,papa,16.2,14,12.1,-11.5,0.0,0,6.8,6,15,heladas_invernales,-0.9,1,alto
2024-06-07,2024-06-07T16:00,Puno,San Roman,Juliaca,211101,-15.4997,-70.1333,3825,276110,22089,8.0,True,papa,15.8,15,10.5,-11.2,0.0,0,13.0,6,16,heladas_invernales,-0.9,1,alto
2024-06-07,2024-06-07T17:00,Puno,San Roman,Juliaca,211101,-15.4997,-70.1333,3825,276110,22089,8.0,True,papa,13.1,24,7.8,-6.8,0.0,0,15.9,6,17,heladas_invernales,-0.9,1,alto
2024-06-07,2024-06-07T18:00,Puno,San Roman,Juliaca,211101,-15.4997,-70.1333,3825,276110,22089,8.0,True,papa,10.5,41,5.5,-2.0,0.0,0,17.7,6,18,heladas_invernales,-0.9,1,alto
2024-06-07,2024-06-07T19:00,Puno,San Roman,Juliaca,211101,-15.4997,-70.1333,3825,276110,22089,8.0,True,papa,9.5,53,5.2,0.4,0.0,0,15.3,6,19,heladas_invernales,-0.9,1,alto
2024-06-07,2024-06-07T20:00,Puno,San Roman,Juliaca,211101,-15.4997,-70.1333,3825,276110,22089,8.0,True,papa,9.0,53,6.4,-0.2,0.0,0,3.0,6,20,heladas_invernales,-0.9,1,alto
2024-06-07,2024-06-07T21:00,Puno,San Roman,Juliaca,211101,-15.4997,-70.1333,3825,276110,22089,8.0,True,papa,6.5,60,2.6,-0.6,0.0,0,11.6,6,21,heladas_invernales,-0.9,1,alto
2024-06-07,2024-06-07T22:00,Puno,San Roman,Juliaca,211101,-15.4997,-70.1333,3825,276110,22089,8.0,True,papa,4.8,68,1.7,-0.6,0.0,0,5.6,6,22,heladas_invernales,-0.9,1,alto
2024-06-07,2024-06-07T23:00,Puno,San Roman,Juliaca,211101,-15.4997,-70.1333,3825,276110,22089,8.0,True,papa,6.2,52,3.2,-3.0,0.0,0,3.5,6,23,heladas_invernales,-0.9,1,alto
2024-06-08,2024-06-08T00:00,Puno,San Roman,Juliaca,211101,-15.4997,-70.1333,3825,276110,22089,8.0,True,papa,3.8,64,0.6,-2.3,0.0,0,5.4,6,0,heladas_invernales,-1.2,2,alto
2024-06-08,2024-06-08T01:00,Puno,San Roman,Juliaca,211101,-15.4997,-70.1333,3825,276110,22089,8.0,True,papa,2.5,70,-0.7,-2.4,0.0,0,4.7,6,1,heladas_invernales,-1.2,2,alto
2024-06-08,2024-06-08T02:00,Puno,San Roman,Juliaca,211101,-15.4997,-70.1333,3825,276110,22089,8.0,True,papa,2.0,73,-1.1,-2.5,0.0,0,3.7,6,2,heladas_invernales,-1.2,2,alto
2024-06-08,2024-06-08T03:00,Puno,San Roman,Juliaca,211101,-15.4997,-70.1333,3825,276110,22089,8.0,True,papa,1.4,77,-1.7,-2.2,0.0,0,4.7,6,3,heladas_invernales,-1.2,2,alto
2024-06-08,2024-06-08T04:00,Puno,San Roman,Juliaca,211101,-15.4997,-70.1333,3825,276110,22089,8.0,True,papa,0.0,82,-3.3,-2.7,0.0,0,5.8,6,4,heladas_invernales,-1.2,2,alto
2024-06-08,2024-06-08T05:00,Puno,San Roman,Juliaca,211101,-15.4997,-70.1333,3825,276110,22089,8.0,True,papa,-1.0,81,-4.5,-3.9,0.0,0,6.0,6,5,heladas_invernales,-1.2,2,alto
2024-06-08,2024-06-08T06:00,Puno,San Roman,Juliaca,211101,-15.4997,-70.1333,3825,276110,22089,8.0,True,papa,-1.2,73,-4.9,-5.4,0.0,0,5.4,6,6,heladas_invernales,-1.2,2,alto
2024-06-08,2024-06-08T07:00,Puno,San Roman,Juliaca,211101,-15.4997,-70.1333,3825,276110,22089,8.0,True,papa,0.6,59,-2.8,-6.6,0.0,0,3.0,6,7,heladas_invernales,-1.2,2,alto
2024-06-08,2024-06-08T08:00,Puno,San Roman,Juliaca,211101,-15.4997,-70.1333,3825,276110,22089,8.0,True,papa,3.9,55,0.8,-4.3,0.0,0,2.7,6,8,heladas_invernales,-1.2,2,alto
2024-06-08,2024-06-08T09:00,Puno,San Roman,Juliaca,211101,-15.4997,-70.1333,3825,276110,22089,8.0,True,papa,7.3,47,4.5,-3.2,0.0,0,1.5,6,9,heladas_invernales,-1.2,2,alto
2024-06-08,2024-06-08T10:00,Puno,San Roman,Juliaca,211101,-15.4997,-70.1333,3825,276110,22089,8.0,True,papa,9.7,39,7.8,-3.8,0.0,0,2.3,6,10,heladas_invernales,-1.2,2,alto
2024-06-08,2024-06-08T11:00,Puno,San Roman,Juliaca,211101,-15.4997,-70.1333,3825,276110,22089,8.0,True,papa,11.3,26,10.1,-7.4,0.0,3,0.5,6,11,heladas_invernales,-1.2,2,alto
2024-06-08,2024-06-08T12:00,Puno,San Roman,Juliaca,211101,-15.4997,-70.1333,3825,276110,22089,8.0,True,papa,12.5,18,11.2,-11.1,0.0,74,1.6,6,12,heladas_invernales,-1.2,2,alto
2024-06-08,2024-06-08T13:00,Puno,San Roman,Juliaca,211101,-15.4997,-70.1333,3825,276110,22089,8.0,True,papa,13.4,16,12.0,-11.6,0.0,93,1.1,6,13,heladas_invernales,-1.2,2,alto
2024-06-08,2024-06-08T14:00,Puno,San Roman,Juliaca,211101,-15.4997,-70.1333,3825,276110,22089,8.0,True,papa,14.4,16,11.8,-11.1,0.0,94,3.8,6,14,heladas_invernales,-1.2,2,alto
2024-06-08,2024-06-08T15:00,Puno,San Roman,Juliaca,211101,-15.4997,-70.1333,3825,276110,22089,8.0,True,papa,14.6,15,10.3,-11.4,0.0,99,8.0,6,15,heladas_invernales,-1.2,2,alto
2024-06-08,2024-06-08T16:00,Puno,San Roman,Juliaca,211101,-15.4997,-70.1333,3825,276110,22089,8.0,True,papa,14.1,16,9.6,-11.7,0.0,98,7.9,6,16,heladas_invernales,-1.2,2,alto
2024-06-08,2024-06-08T17:00,Puno,San Roman,Juliaca,211101,-15.4997,-70.1333,3825,276110,22089,8.0,True,papa,12.6,26,8.6,-6.4,0.0,100,6.9,6,17,heladas_invernales,-1.2,2,alto
2024-06-08,2024-06-08T18:00,Puno,San Roman,Juliaca,211101,-15.4997,-70.1333,3825,276110,22089,8.0,True,papa,10.2,31,5.6,-6.0,0.0,83,12.0,6,18,heladas_invernales,-1.2,2,alto
2024-06-08,2024-06-08T19:00,Puno,San Roman,Juliaca,211101,-15.4997,-70.1333,3825,276110,22089,8.0,True,papa,8.8,39,3.5,-4.3,0.0,1,17.7,6,19,heladas_invernales,-1.2,2,alto
2024-06-08,2024-06-08T20:00,Puno,San Roman,Juliaca,211101,-15.4997,-70.1333,3825,276110,22089,8.0,True,papa,6.0,59,2.6,-1.4,0.0,0,7.1,6,20,heladas_invernales,-1.2,2,alto
2024-06-08,2024-06-08T21:00,Puno,San Roman,Juliaca,211101,-15.4997,-70.1333,3825,276110,22089,8.0,True,papa,5.3,54,1.4,-3.2,0.0,0,9.7,6,21,heladas_invernales,-1.2,2,alto
2024-06-08,2024-06-08T22:00,Puno,San Roman,Juliaca,211101,-15.4997,-70.1333,3825,276110,22089,8.0,True,papa,4.8,40,-0.2,-7.8,0.0,6,13.1,6,22,heladas_invernales,-1.2,2,alto
2024-06-08,2024-06-08T23:00,Puno,San Roman,Juliaca,211101,-15.4997,-70.1333,3825,276110,22089,8.0,True,papa,4.4,41,-0.6,-7.8,0.0,8,13.4,6,23,heladas_invernales,-1.2,2,alto
2024-06-09,2024-06-09T00:00,Puno,San Roman,Juliaca,211101,-15.4997,-70.1333,3825,276110,22089,8.0,True,papa,2.3,53,-2.1,-6.2,0.0,9,10.7,6,0,heladas_invernales,-2.2,6,alto
2024-06-09,2024-06-09T01:00,Puno,San Roman,Juliaca,211101,-15.4997,-70.1333,3825,276110,22089,8.0,True,papa,0.8,60,-3.5,-6.0,0.0,0,9.5,6,1,heladas_invernales,-2.2,6,alto
2024-06-09,2024-06-09T02:00,Puno,San Roman,Juliaca,211101,-15.4997,-70.1333,3825,276110,22089,8.0,True,papa,-0.2,63,-4.5,-6.4,0.0,26,9.8,6,2,heladas_invernales,-2.2,6,alto
2024-06-09,2024-06-09T03:00,Puno,San Roman,Juliaca,211101,-15.4997,-70.1333,3825,276110,22089,8.0,True,papa,-1.1,67,-5.3,-6.5,0.0,64,8.1,6,3,heladas_invernales,-2.2,6,alto
2024-06-09,2024-06-09T04:00,Puno,San Roman,Juliaca,211101,-15.4997,-70.1333,3825,276110,22089,8.0,True,papa,-1.8,70,-5.6,-6.6,0.0,86,5.7,6,4,heladas_invernales,-2.2,6,alto
2024-06-09,2024-06-09T05:00,Puno,San Roman,Juliaca,211101,-15.4997,-70.1333,3825,276110,22089,8.0,True,papa,-2.2,78,-5.9,-5.5,0.0,95,6.1,6,5,heladas_invernales,-2.2,6,alto
2024-06-09,2024-06-09T06:00,Puno,San Roman,Juliaca,211101,-15.4997,-70.1333,3825,276110,22089,8.0,True,papa,-2.2,81,-5.9,-5.1,0.0,86,5.7,6,6,heladas_invernales,-2.2,6,alto
2024-06-09,2024-06-09T07:00,Puno,San Roman,Juliaca,211101,-15.4997,-70.1333,3825,276110,22089,8.0,True,papa,-0.3,75,-3.6,-4.2,0.0,84,4.3,6,7,heladas_invernales,-2.2,6,alto
2024-06-09,2024-06-09T08:00,Puno,San Roman,Juliaca,211101,-15.4997,-70.1333,3825,276110,22089,8.0,True,papa,3.4,59,0.3,-3.8,0.0,98,3.0,6,8,heladas_invernales,-2.2,6,alto
2024-06-09,2024-06-09T09:00,Puno,San Roman,Juliaca,211101,-15.4997,-70.1333,3825,276110,22089,8.0,True,papa,6.8,38,3.3,-6.7,0.0,97,3.7,6,9,heladas_invernales,-2.2,6,alto
2024-06-09,2024-06-09T10:00,Puno,San Roman,Juliaca,211101,-15.4997,-70.1333,3825,276110,22089,8.0,True,papa,9.2,29,6.7,-8.0,0.0,63,3.6,6,10,heladas_invernales,-2.2,6,alto
2024-06-09,2024-06-09T11:00,Puno,San Roman,Juliaca,211101,-15.4997,-70.1333,3825,276110,22089,8.0,True,papa,10.9,25,9.6,-8.4,0.0,51,0.8,6,11,heladas_invernales,-2.2,6,alto
2024-06-09,2024-06-09T12:00,Puno,San Roman,Juliaca,211101,-15.4997,-70.1333,3825,276110,22089,8.0,True,papa,12.1,22,11.0,-9.1,0.0,91,1.3,6,12,heladas_invernales,-2.2,6,alto
2024-06-09,2024-06-09T13:00,Puno,San Roman,Juliaca,211101,-15.4997,-70.1333,3825,276110,22089,8.0,True,papa,13.0,19,11.6,-9.9,0.0,98,1.3,6,13,heladas_invernales,-2.2,6,alto
2024-06-09,2024-06-09T14:00,Puno,San Roman,Juliaca,211101,-15.4997,-70.1333,3825,276110,22089,8.0,True,papa,13.8,18,11.3,-10.0,0.0,98,3.6,6,14,heladas_invernales,-2.2,6,alto
2024-06-09,2024-06-09T15:00,Puno,San Roman,Juliaca,211101,-15.4997,-70.1333,3825,276110,22089,8.0,True,papa,14.3,17,10.8,-10.1,0.0,96,3.6,6,15,heladas_invernales,-2.2,6,alto
2024-06-09,2024-06-09T16:00,Puno,San Roman,Juliaca,211101,-15.4997,-70.1333,3825,276110,22089,8.0,True,papa,14.4,16,10.0,-10.9,0.0,96,6.7,6,16,heladas_invernales,-2.2,6,alto
2024-06-09,2024-06-09T17:00,Puno,San Roman,Juliaca,211101,-15.4997,-70.1333,3825,276110,22089,8.0,True,papa,12.9,22,8.0,-8.2,0.0,93,12.0,6,17,heladas_invernales,-2.2,6,alto
2024-06-09,2024-06-09T18:00,Puno,San Roman,Juliaca,211101,-15.4997,-70.1333,3825,276110,22089,8.0,True,papa,10.4,30,5.4,-6.3,0.0,97,14.6,6,18,heladas_invernales,-2.2,6,alto
2024-06-09,2024-06-09T19:00,Puno,San Roman,Juliaca,211101,-15.4997,-70.1333,3825,276110,22089,8.0,True,papa,8.8,44,3.9,-2.8,0.0,89,16.3,6,19,heladas_invernales,-2.2,6,alto
2024-06-09,2024-06-09T20:00,Puno,San Roman,Juliaca,211101,-15.4997,-70.1333,3825,276110,22089,8.0,True,papa,6.4,59,3.1,-1.0,0.0,7,7.1,6,20,heladas_invernales,-2.2,6,alto
2024-06-09,2024-06-09T21:00,Puno,San Roman,Juliaca,211101,-15.4997,-70.1333,3825,276110,22089,8.0,True,papa,6.7,52,3.6,-2.5,0.0,14,4.2,6,21,heladas_invernales,-2.2,6,alto
2024-06-09,2024-06-09T22:00,Puno,San Roman,Juliaca,211101,-15.4997,-70.1333,3825,276110,22089,8.0,True,papa,3.9,68,0.5,-1.5,0.0,84,7.2,6,22,heladas_invernales,-2.2,6,alto
2024-06-09,2024-06-09T23:00,Puno,San Roman,Juliaca,211101,-15.4997,-70.1333,3825,276110,22089,8.0,True,papa,3.8,63,0.7,-2.7,0.0,22,4.7,6,23,heladas_invernales,-2.2,6,alto
2024-06-10,2024-06-10T00:00,Puno,San Roman,Juliaca,211101,-15.4997,-70.1333,3825,276110,22089,8.0,True,papa,2.5,68,-1.2,-2.8,0.0,70,8.0,6,0,heladas_invernales,-3.2,3,alto
2024-06-10,2024-06-10T01:00,Puno,San Roman,Juliaca,211101,-15.4997,-70.1333,3825,276110,22089,8.0,True,papa,2.3,68,-1.7,-3.0,0.0,42,9.9,6,1,heladas_invernales,-3.2,3,alto
2024-06-10,2024-06-10T02:00,Puno,San Roman,Juliaca,211101,-15.4997,-70.1333,3825,276110,22089,8.0,True,papa,1.1,77,-2.5,-2.4,0.0,3,7.5,6,2,heladas_invernales,-3.2,3,alto
2024-06-10,2024-06-10T03:00,Puno,San Roman,Juliaca,211101,-15.4997,-70.1333,3825,276110,22089,8.0,True,papa,0.5,77,-2.9,-3.1,0.0,0,6.0,6,3,heladas_invernales,-3.2,3,alto
2024-06-10,2024-06-10T04:00,Puno,San Roman,Juliaca,211101,-15.4997,-70.1333,3825,276110,22089,8.0,True,papa,0.2,67,-3.2,-5.1,0.0,0,4.7,6,4,heladas_invernales,-3.2,3,alto
2024-06-10,2024-06-10T05:00,Puno,San Roman,Juliaca,211101,-15.4997,-70.1333,3825,276110,22089,8.0,True,papa,-1.2,73,-4.6,-5.6,0.0,56,3.3,6,5,heladas_invernales,-3.2,3,alto
2024-06-10,2024-06-10T06:00,Puno,San Roman,Juliaca,211101,-15.4997,-70.1333,3825,276110,22089,8.0,True,papa,-3.2,87,-6.6,-5.0,0.0,94,4.3,6,6,heladas_invernales,-3.2,3,alto
2024-06-10,2024-06-10T07:00,Puno,San Roman,Juliaca,211101,-15.4997,-70.1333,3825,276110,22089,8.0,True,papa,-1.0,76,-4.2,-4.7,0.0,69,2.9,6,7,heladas_invernales,-3.2,3,alto
2024-06-10,2024-06-10T08:00,Puno,San Roman,Juliaca,211101,-15.4997,-70.1333,3825,276110,22089,8.0,True,papa,3.8,54,0.9,-4.5,0.0,95,1.3,6,8,heladas_invernales,-3.2,3,alto
2024-06-10,2024-06-10T09:00,Puno,San Roman,Juliaca,211101,-15.4997,-70.1333,3825,276110,22089,8.0,True,papa,7.3,36,4.0,-6.6,0.0,92,3.1,6,9,heladas_invernales,-3.2,3,alto
2024-06-10,2024-06-10T10:00,Puno,San Roman,Juliaca,211101,-15.4997,-70.1333,3825,276110,22089,8.0,True,papa,9.8,29,7.4,-7.5,0.0,20,2.5,6,10,heladas_invernales,-3.2,3,alto
2024-06-10,2024-06-10T11:00,Puno,San Roman,Juliaca,211101,-15.4997,-70.1333,3825,276110,22089,8.0,True,papa,11.4,24,9.8,-8.4,0.0,71,2.1,6,11,heladas_invernales,-3.2,3,alto
2024-06-10,2024-06-10T12:00,Puno,San Roman,Juliaca,211101,-15.4997,-70.1333,3825,276110,22089,8.0,True,papa,12.6,21,11.5,-9.1,0.0,82,1.3,6,12,heladas_invernales,-3.2,3,alto
2024-06-10,2024-06-10T13:00,Puno,San Roman,Juliaca,211101,-15.4997,-70.1333,3825,276110,22089,8.0,True,papa,13.6,17,12.1,-10.8,0.0,95,1.8,6,13,heladas_invernales,-3.2,3,alto
2024-06-10,2024-06-10T14:00,Puno,San Roman,Juliaca,211101,-15.4997,-70.1333,3825,276110,22089,8.0,True,papa,14.3,14,11.7,-12.7,0.0,43,3.3,6,14,heladas_invernales,-3.2,3,alto
2024-06-10,2024-06-10T15:00,Puno,San Roman,Juliaca,211101,-15.4997,-70.1333,3825,276110,22089,8.0,True,papa,14.6,13,10.9,-13.8,0.0,45,3.1,6,15,heladas_invernales,-3.2,3,alto
2024-06-10,2024-06-10T16:00,Puno,San Roman,Juliaca,211101,-15.4997,-70.1333,3825,276110,22089,8.0,True,papa,14.1,14,9.9,-12.9,0.0,27,5.5,6,16,heladas_invernales,-3.2,3,alto
2024-06-10,2024-06-10T17:00,Puno,San Roman,Juliaca,211101,-15.4997,-70.1333,3825,276110,22089,8.0,True,papa,12.2,27,7.5,-6.2,0.0,48,13.0,6,17,heladas_invernales,-3.2,3,alto
2024-06-10,2024-06-10T18:00,Puno,San Roman,Juliaca,211101,-15.4997,-70.1333,3825,276110,22089,8.0,True,papa,9.4,44,4.8,-2.3,0.0,47,14.8,6,18,heladas_invernales,-3.2,3,alto
2024-06-10,2024-06-10T19:00,Puno,San Roman,Juliaca,211101,-15.4997,-70.1333,3825,276110,22089,8.0,True,papa,8.1,44,3.8,-3.3,0.0,90,11.9,6,19,heladas_invernales,-3.2,3,alto
2024-06-10,2024-06-10T20:00,Puno,San Roman,Juliaca,211101,-15.4997,-70.1333,3825,276110,22089,8.0,True,papa,6.3,63,3.4,-0.3,0.0,73,5.2,6,20,heladas_invernales,-3.2,3,alto
2024-06-10,2024-06-10T21:00,Puno,San Roman,Juliaca,211101,-15.4997,-70.1333,3825,276110,22089,8.0,True,papa,6.7,51,3.6,-2.8,0.0,86,3.7,6,21,heladas_invernales,-3.2,3,alto
2024-06-10,2024-06-10T22:00,Puno,San Roman,Juliaca,211101,-15.4997,-70.1333,3825,276110,22089,8.0,True,papa,4.3,65,0.7,-1.8,0.0,98,8.7,6,22,heladas_invernales,-3.2,3,alto
2024-06-10,2024-06-10T23:00,Puno,San Roman,Juliaca,211101,-15.4997,-70.1333,3825,276110,22089,8.0,True,papa,3.6,67,-0.1,-2.0,0.0,98,8.9,6,23,heladas_invernales,-3.2,3,alto
2024-06-11,2024-06-11T00:00,Puno,San Roman,Juliaca,211101,-15.4997,-70.1333,3825,276110,22089,8.0,True,papa,3.3,66,-0.1,-2.5,0.0,99,6.5,6,0,heladas_invernales,-0.4,2,alto
2024-06-11,2024-06-11T01:00,Puno,San Roman,Juliaca,211101,-15.4997,-70.1333,3825,276110,22089,8.0,True,papa,2.2,65,-1.6,-3.7,0.0,100,8.0,6,1,heladas_invernales,-0.4,2,alto
2024-06-11,2024-06-11T02:00,Puno,San Roman,Juliaca,211101,-15.4997,-70.1333,3825,276110,22089,8.0,True,papa,1.4,63,-2.6,-4.8,0.0,97,8.4,6,2,heladas_invernales,-0.4,2,alto
2024-06-11,2024-06-11T03:00,Puno,San Roman,Juliaca,211101,-15.4997,-70.1333,3825,276110,22089,8.0,True,papa,0.6,64,-3.0,-5.4,0.0,100,5.9,6,3,heladas_invernales,-0.4,2,alto
2024-06-11,2024-06-11T04:00,Puno,San Roman,Juliaca,211101,-15.4997,-70.1333,3825,276110,22089,8.0,True,papa,0.1,64,-3.6,-6.0,0.0,98,5.0,6,4,heladas_invernales,-0.4,2,alto
2024-06-11,2024-06-11T05:00,Puno,San Roman,Juliaca,211101,-15.4997,-70.1333,3825,276110,22089,8.0,True,papa,-0.4,65,-4.1,-6.1,0.0,100,5.6,6,5,heladas_invernales,-0.4,2,alto
2024-06-11,2024-06-11T06:00,Puno,San Roman,Juliaca,211101,-15.4997,-70.1333,3825,276110,22089,8.0,True,papa,-0.1,71,-3.5,-4.8,0.0,77,4.9,6,6,heladas_invernales,-0.4,2,alto
2024-06-11,2024-06-11T07:00,Puno,San Roman,Juliaca,211101,-15.4997,-70.1333,3825,276110,22089,8.0,True,papa,1.2,69,-2.0,-3.8,0.0,100,3.7,6,7,heladas_invernales,-0.4,2,alto
2024-06-11,2024-06-11T08:00,Puno,San Roman,Juliaca,211101,-15.4997,-70.1333,3825,276110,22089,8.0,True,papa,4.8,51,1.7,-4.4,0.0,39,2.5,6,8,heladas_invernales,-0.4,2,alto
2024-06-11,2024-06-11T09:00,Puno,San Roman,Juliaca,211101,-15.4997,-70.1333,3825,276110,22089,8.0,True,papa,8.1,34,4.8,-6.8,0.0,59,2.8,6,9,heladas_invernales,-0.4,2,alto
2024-06-11,2024-06-11T10:00,Puno,San Roman,Juliaca,211101,-15.4997,-70.1333,3825,276110,22089,8.0,True,papa,10.6,35,8.3,-4.4,0.0,45,3.1,6,10,heladas_invernales,-0.4,2,alto
2024-06-11,2024-06-11T11:00,Puno,San Roman,Juliaca,211101,-15.4997,-70.1333,3825,276110,22089,8.0,True,papa,12.1,36,11.0,-2.5,0.0,3,1.8,6,11,heladas_invernales,-0.4,2,alto
2024-06-11,2024-06-11T12:00,Puno,San Roman,Juliaca,211101,-15.4997,-70.1333,3825,276110,22089,8.0,True,papa,13.2,32,12.0,-3.2,0.0,10,3.9,6,12,heladas_invernales,-0.4,2,alto
2024-06-11,2024-06-11T13:00,Puno,San Roman,Juliaca,211101,-15.4997,-70.1333,3825,276110,22089,8.0,True,papa,14.1,26,12.6,-4.9,0.0,41,3.7,6,13,heladas_invernales,-0.4,2,alto
2024-06-11,2024-06-11T14:00,Puno,San Roman,Juliaca,211101,-15.4997,-70.1333,3825,276110,22089,8.0,True,papa,14.7,23,12.6,-6.2,0.0,75,2.8,6,14,heladas_invernales,-0.4,2,alto
2024-06-11,2024-06-11T15:00,Puno,San Roman,Juliaca,211101,-15.4997,-70.1333,3825,276110,22089,8.0,True,papa,14.9,23,11.4,-6.3,0.0,78,4.9,6,15,heladas_invernales,-0.4,2,alto
2024-06-11,2024-06-11T16:00,Puno,San Roman,Juliaca,211101,-15.4997,-70.1333,3825,276110,22089,8.0,True,papa,14.4,25,10.2,-5.6,0.0,50,9.4,6,16,heladas_invernales,-0.4,2,alto
2024-06-11,2024-06-11T17:00,Puno,San Roman,Juliaca,211101,-15.4997,-70.1333,3825,276110,22089,8.0,True,papa,12.6,30,8.0,-4.4,0.0,62,13.0,6,17,heladas_invernales,-0.4,2,alto
2024-06-11,2024-06-11T18:00,Puno,San Roman,Juliaca,211101,-15.4997,-70.1333,3825,276110,22089,8.0,True,papa,10.3,45,6.0,-1.1,0.0,28,14.1,6,18,heladas_invernales,-0.4,2,alto
2024-06-11,2024-06-11T19:00,Puno,San Roman,Juliaca,211101,-15.4997,-70.1333,3825,276110,22089,8.0,True,papa,9.4,50,5.1,-0.6,0.0,22,13.8,6,19,heladas_invernales,-0.4,2,alto
2024-06-11,2024-06-11T20:00,Puno,San Roman,Juliaca,211101,-15.4997,-70.1333,3825,276110,22089,8.0,True,papa,7.4,61,4.4,0.4,0.0,79,7.2,6,20,heladas_invernales,-0.4,2,alto
2024-06-11,2024-06-11T21:00,Puno,San Roman,Juliaca,211101,-15.4997,-70.1333,3825,276110,22089,8.0,True,papa,8.1,52,5.4,-1.2,0.0,100,3.0,6,21,heladas_invernales,-0.4,2,alto
2024-06-11,2024-06-11T22:00,Puno,San Roman,Juliaca,211101,-15.4997,-70.1333,3825,276110,22089,8.0,True,papa,5.3,69,2.4,0.2,0.0,100,6.2,6,22,heladas_invernales,-0.4,2,alto
2024-06-11,2024-06-11T23:00,Puno,San Roman,Juliaca,211101,-15.4997,-70.1333,3825,276110,22089,8.0,True,papa,4.6,73,1.2,0.2,0.0,28,8.8,6,23,heladas_invernales,-0.4,2,alto
2024-06-12,2024-06-12T00:00,Puno,San Roman,Juliaca,211101,-15.4997,-70.1333,3825,276110,22089,8.0,True,papa,3.5,80,0.3,0.2,0.0,4,7.2,6,0,heladas_invernales,0.5,0,medio
2024-06-12,2024-06-12T01:00,Puno,San Roman,Juliaca,211101,-15.4997,-70.1333,3825,276110,22089,8.0,True,papa,2.9,79,-0.3,-0.4,0.0,7,6.6,6,1,heladas_invernales,0.5,0,medio
2024-06-12,2024-06-12T02:00,Puno,San Roman,Juliaca,211101,-15.4997,-70.1333,3825,276110,22089,8.0,True,papa,2.3,77,-1.0,-1.3,0.0,40,6.6,6,2,heladas_invernales,0.5,0,medio
2024-06-12,2024-06-12T03:00,Puno,San Roman,Juliaca,211101,-15.4997,-70.1333,3825,276110,22089,8.0,True,papa,2.0,73,-1.4,-2.3,0.0,69,5.8,6,3,heladas_invernales,0.5,0,medio
2024-06-12,2024-06-12T04:00,Puno,San Roman,Juliaca,211101,-15.4997,-70.1333,3825,276110,22089,8.0,True,papa,1.4,73,-1.8,-2.9,0.0,46,4.6,6,4,heladas_invernales,0.5,0,medio
2024-06-12,2024-06-12T05:00,Puno,San Roman,Juliaca,211101,-15.4997,-70.1333,3825,276110,22089,8.0,True,papa,0.5,79,-2.6,-2.7,0.0,49,3.8,6,5,heladas_invernales,0.5,0,medio
2024-06-12,2024-06-12T06:00,Puno,San Roman,Juliaca,211101,-15.4997,-70.1333,3825,276110,22089,8.0,True,papa,0.5,82,-2.7,-2.2,0.0,62,5.2,6,6,heladas_invernales,0.5,0,medio
2024-06-12,2024-06-12T07:00,Puno,San Roman,Juliaca,211101,-15.4997,-70.1333,3825,276110,22089,8.0,True,papa,2.7,71,-0.3,-2.0,0.0,47,4.1,6,7,heladas_invernales,0.5,0,medio
2024-06-12,2024-06-12T08:00,Puno,San Roman,Juliaca,211101,-15.4997,-70.1333,3825,276110,22089,8.0,True,papa,6.0,56,3.1,-2.0,0.0,3,3.2,6,8,heladas_invernales,0.5,0,medio
2024-06-12,2024-06-12T09:00,Puno,San Roman,Juliaca,211101,-15.4997,-70.1333,3825,276110,22089,8.0,True,papa,9.2,41,5.9,-3.4,0.0,16,4.9,6,9,heladas_invernales,0.5,0,medio
2024-06-12,2024-06-12T10:00,Puno,San Roman,Juliaca,211101,-15.4997,-70.1333,3825,276110,22089,8.0,True,papa,11.6,34,9.2,-3.8,0.0,24,4.6,6,10,heladas_invernales,0.5,0,medio
2024-06-12,2024-06-12T11:00,Puno,San Roman,Juliaca,211101,-15.4997,-70.1333,3825,276110,22089,8.0,True,papa,13.2,29,11.7,-4.6,0.0,62,3.1,6,11,heladas_invernales,0.5,0,medio
2024-06-12,2024-06-12T12:00,Puno,San Roman,Juliaca,211101,-15.4997,-70.1333,3825,276110,22089,8.0,True,papa,14.5,25,13.6,-5.1,0.0,5,1.4,6,12,heladas_invernales,0.5,0,medio
2024-06-12,2024-06-12T13:00,Puno,San Roman,Juliaca,211101,-15.4997,-70.1333,3825,276110,22089,8.0,True,papa,15.4,23,14.0,-5.6,0.0,72,2.9,6,13,heladas_invernales,0.5,0,medio
2024-06-12,2024-06-12T14:00,Puno,San Roman,Juliaca,211101,-15.4997,-70.1333,3825,276110,22089,8.0,True,papa,16.1,21,14.0,-6.0,0.0,68,3.1,6,14,heladas_invernales,0.5,0,medio
2024-06-12,2024-06-12T15:00,Puno,San Roman,Juliaca,211101,-15.4997,-70.1333,3825,276110,22089,8.0,True,papa,16.5,20,13.5,-6.3,0.0,75,1.8,6,15,heladas_invernales,0.5,0,medio
2024-06-12,2024-06-12T16:00,Puno,San Roman,Juliaca,211101,-15.4997,-70.1333,3825,276110,22089,8.0,True,papa,16.3,21,12.6,-6.3,0.0,77,5.2,6,16,heladas_invernales,0.5,0,medio
2024-06-12,2024-06-12T17:00,Puno,San Roman,Juliaca,211101,-15.4997,-70.1333,3825,276110,22089,8.0,True,papa,13.2,37,8.4,-1.0,0.0,0,17.8,6,17,heladas_invernales,0.5,0,medio
2024-06-12,2024-06-12T18:00,Puno,San Roman,Juliaca,211101,-15.4997,-70.1333,3825,276110,22089,8.0,True,papa,10.4,51,6.4,0.6,0.0,0,14.2,6,18,heladas_invernales,0.5,0,medio
2024-06-12,2024-06-12T19:00,Puno,San Roman,Juliaca,211101,-15.4997,-70.1333,3825,276110,22089,8.0,True,papa,9.7,56,6.4,1.5,0.0,0,9.7,6,19,heladas_invernales,0.5,0,medio
2024-06-12,2024-06-12T20:00,Puno,San Roman,Juliaca,211101,-15.4997,-70.1333,3825,276110,22089,8.0,True,papa,7.8,65,5.1,1.6,0.0,14,6.1,6,20,heladas_invernales,0.5,0,medio
2024-06-12,2024-06-12T21:00,Puno,San Roman,Juliaca,211101,-15.4997,-70.1333,3825,276110,22089,8.0,True,papa,6.8,64,3.4,0.3,0.0,2,8.7,6,21,heladas_invernales,0.5,0,medio
2024-06-12,2024-06-12T22:00,Puno,San Roman,Juliaca,211101,-15.4997,-70.1333,3825,276110,22089,8.0,True,papa,7.0,58,4.3,-0.7,0.0,23,3.4,6,22,heladas_invernales,0.5,0,medio
2024-06-12,2024-06-12T23:00,Puno,San Roman,Juliaca,211101,-15.4997,-70.1333,3825,276110,22089,8.0,True,papa,6.3,62,3.5,-0.4,0.0,8,4.5,6,23,heladas_invernales,0.5,0,medio
2024-06-13,2024-06-13T00:00,Puno,San Roman,Juliaca,211101,-15.4997,-70.1333,3825,276110,22089,8.0,True,papa,4.8,73,1.8,0.2,0.0,12,6.1,6,0,heladas_invernales,-0.8,2,alto
2024-06-13,2024-06-13T01:00,Puno,San Roman,Juliaca,211101,-15.4997,-70.1333,3825,276110,22089,8.0,True,papa,3.3,82,0.1,0.4,0.0,11,8.0,6,1,heladas_invernales,-0.8,2,alto
2024-06-13,2024-06-13T02:00,Puno,San Roman,Juliaca,211101,-15.4997,-70.1333,3825,276110,22089,8.0,True,papa,2.0,86,-1.1,-0.1,0.0,13,6.8,6,2,heladas_invernales,-0.8,2,alto
2024-06-13,2024-06-13T03:00,Puno,San Roman,Juliaca,211101,-15.4997,-70.1333,3825,276110,22089,8.0,True,papa,1.2,79,-2.3,-2.0,0.0,31,7.9,6,3,heladas_invernales,-0.8,2,alto
2024-06-13,2024-06-13T04:00,Puno,San Roman,Juliaca,211101,-15.4997,-70.1333,3825,276110,22089,8.0,True,papa,0.3,72,-3.2,-4.2,0.0,43,5.9,6,4,heladas_invernales,-0.8,2,alto
2024-06-13,2024-06-13T05:00,Puno,San Roman,Juliaca,211101,-15.4997,-70.1333,3825,276110,22089,8.0,True,papa,-0.2,73,-3.9,-4.4,0.0,90,6.4,6,5,heladas_invernales,-0.8,2,alto
2024-06-13,2024-06-13T06:00,Puno,San Roman,Juliaca,211101,-15.4997,-70.1333,3825,276110,22089,8.0,True,papa,-0.8,77,-4.4,-4.2,0.0,92,5.9,6,6,heladas_invernales,-0.8,2,alto
2024-06-13,2024-06-13T07:00,Puno,San Roman,Juliaca,211101,-15.4997,-70.1333,3825,276110,22089,8.0,True,papa,1.0,69,-2.2,-4.0,0.0,97,4.2,6,7,heladas_invernales,-0.8,2,alto
2024-06-13,2024-06-13T08:00,Puno,San Roman,Juliaca,211101,-15.4997,-70.1333,3825,276110,22089,8.0,True,papa,5.2,57,2.4,-2.6,0.0,99,2.4,6,8,heladas_invernales,-0.8,2,alto
2024-06-13,2024-06-13T09:00,Puno,San Roman,Juliaca,211101,-15.4997,-70.1333,3825,276110,22089,8.0,True,papa,9.1,40,6.0,-3.7,0.0,99,2.9,6,9,heladas_invernales,-0.8,2,alto
2024-06-13,2024-06-13T10:00,Puno,San Roman,Juliaca,211101,-15.4997,-70.1333,3825,276110,22089,8.0,True,papa,11.6,32,9.3,-4.5,0.0,100,3.3,6,10,heladas_invernales,-0.8,2,alto
2024-06-13,2024-06-13T11:00,Puno,San Roman,Juliaca,211101,-15.4997,-70.1333,3825,276110,22089,8.0,True,papa,13.8,27,11.0,-5.1,0.0,100,9.4,6,11,heladas_invernales,-0.8,2,alto
2024-06-13,2024-06-13T12:00,Puno,San Roman,Juliaca,211101,-15.4997,-70.1333,3825,276110,22089,8.0,True,papa,15.4,21,12.6,-7.1,0.0,99,10.9,6,12,heladas_invernales,-0.8,2,alto
2024-06-13,2024-06-13T13:00,Puno,San Roman,Juliaca,211101,-15.4997,-70.1333,3825,276110,22089,8.0,True,papa,16.8,18,13.4,-7.8,0.0,99,12.8,6,13,heladas_invernales,-0.8,2,alto
2024-06-13,2024-06-13T14:00,Puno,San Roman,Juliaca,211101,-15.4997,-70.1333,3825,276110,22089,8.0,True,papa,17.6,17,13.6,-8.1,0.0,100,13.0,6,14,heladas_invernales,-0.8,2,alto
2024-06-13,2024-06-13T15:00,Puno,San Roman,Juliaca,211101,-15.4997,-70.1333,3825,276110,22089,8.0,True,papa,17.4,16,13.2,-8.4,0.0,100,7.4,6,15,heladas_invernales,-0.8,2,alto
2024-06-13,2024-06-13T16:00,Puno,San Roman,Juliaca,211101,-15.4997,-70.1333,3825,276110,22089,8.0,True,papa,16.2,18,12.2,-7.9,0.0,100,6.7,6,16,heladas_invernales,-0.8,2,alto
2024-06-13,2024-06-13T17:00,Puno,San Roman,Juliaca,211101,-15.4997,-70.1333,3825,276110,22089,8.0,True,papa,13.7,30,9.6,-3.7,0.0,97,10.2,6,17,heladas_invernales,-0.8,2,alto
2024-06-13,2024-06-13T18:00,Puno,San Roman,Juliaca,211101,-15.4997,-70.1333,3825,276110,22089,8.0,True,papa,11.2,47,7.9,0.3,0.0,93,8.2,6,18,heladas_invernales,-0.8,2,alto
2024-06-13,2024-06-13T19:00,Puno,San Roman,Juliaca,211101,-15.4997,-70.1333,3825,276110,22089,8.0,True,papa,9.9,52,6.4,0.6,0.0,99,10.5,6,19,heladas_invernales,-0.8,2,alto
2024-06-13,2024-06-13T20:00,Puno,San Roman,Juliaca,211101,-15.4997,-70.1333,3825,276110,22089,8.0,True,papa,9.1,29,3.0,-7.8,0.0,77,21.2,6,20,heladas_invernales,-0.8,2,alto
2024-06-13,2024-06-13T21:00,Puno,San Roman,Juliaca,211101,-15.4997,-70.1333,3825,276110,22089,8.0,True,papa,7.9,32,2.0,-7.8,0.0,64,19.3,6,21,heladas_invernales,-0.8,2,alto
2024-06-13,2024-06-13T22:00,Puno,San Roman,Juliaca,211101,-15.4997,-70.1333,3825,276110,22089,8.0,True,papa,7.2,34,1.5,-7.6,0.0,91,18.4,6,22,heladas_invernales,-0.8,2,alto
2024-06-13,2024-06-13T23:00,Puno,San Roman,Juliaca,211101,-15.4997,-70.1333,3825,276110,22089,8.0,True,papa,6.3,37,0.6,-7.2,0.0,18,18.7,6,23,heladas_invernales,-0.8,2,alto
2024-06-14,2024-06-14T00:00,Puno,San Roman,Juliaca,211101,-15.4997,-70.1333,3825,276110,22089,8.0,True,papa,5.4,42,0.1,-6.6,0.0,77,16.7,6,0,heladas_invernales,-0.6,2,alto
2024-06-14,2024-06-14T01:00,Puno,San Roman,Juliaca,211101,-15.4997,-70.1333,3825,276110,22089,8.0,True,papa,4.3,47,-0.5,-5.8,0.0,46,13.7,6,1,heladas_invernales,-0.6,2,alto
2024-06-14,2024-06-14T02:00,Puno,San Roman,Juliaca,211101,-15.4997,-70.1333,3825,276110,22089,8.0,True,papa,3.1,55,-1.2,-5.2,0.0,97,10.5,6,2,heladas_invernales,-0.6,2,alto
2024-06-14,2024-06-14T03:00,Puno,San Roman,Juliaca,211101,-15.4997,-70.1333,3825,276110,22089,8.0,True,papa,1.8,64,-2.2,-4.4,0.0,96,8.2,6,3,heladas_invernales,-0.6,2,alto
2024-06-14,2024-06-14T04:00,Puno,San Roman,Juliaca,211101,-15.4997,-70.1333,3825,276110,22089,8.0,True,papa,0.6,71,-3.1,-4.1,0.0,52,7.2,6,4,heladas_invernales,-0.6,2,alto
2024-06-14,2024-06-14T05:00,Puno,San Roman,Juliaca,211101,-15.4997,-70.1333,3825,276110,22089,8.0,True,papa,-0.1,74,-3.8,-4.1,0.0,99,7.2,6,5,heladas_invernales,-0.6,2,alto
2024-06-14,2024-06-14T06:00,Puno,San Roman,Juliaca,211101,-15.4997,-70.1333,3825,276110,22089,8.0,True,papa,-0.6,77,-4.5,-4.2,0.0,34,8.0,6,6,heladas_invernales,-0.6,2,alto
2024-06-14,2024-06-14T07:00,Puno,San Roman,Juliaca,211101,-15.4997,-70.1333,3825,276110,22089,8.0,True,papa,1.5,68,-2.2,-3.8,0.0,40,6.7,6,7,heladas_invernales,-0.6,2,alto
2024-06-14,2024-06-14T08:00,Puno,San Roman,Juliaca,211101,-15.4997,-70.1333,3825,276110,22089,8.0,True,papa,4.4,56,1.0,-3.5,0.0,0,5.7,6,8,heladas_invernales,-0.6,2,alto
2024-06-14,2024-06-14T09:00,Puno,San Roman,Juliaca,211101,-15.4997,-70.1333,3825,276110,22089,8.0,True,papa,7.5,44,4.1,-3.8,0.0,0,4.9,6,9,heladas_invernales,-0.6,2,alto
2024-06-14,2024-06-14T10:00,Puno,San Roman,Juliaca,211101,-15.4997,-70.1333,3825,276110,22089,8.0,True,papa,9.9,35,7.3,-4.9,0.0,0,5.4,6,10,heladas_invernales,-0.6,2,alto
2024-06-14,2024-06-14T11:00,Puno,San Roman,Juliaca,211101,-15.4997,-70.1333,3825,276110,22089,8.0,True,papa,11.7,28,9.7,-6.0,0.0,0,5.5,6,11,heladas_invernales,-0.6,2,alto
2024-06-14,2024-06-14T12:00,Puno,San Roman,Juliaca,211101,-15.4997,-70.1333,3825,276110,22089,8.0,True,papa,13.0,27,11.5,-5.8,0.0,0,4.2,6,12,heladas_invernales,-0.6,2,alto
2024-06-14,2024-06-14T13:00,Puno,San Roman,Juliaca,211101,-15.4997,-70.1333,3825,276110,22089,8.0,True,papa,14.4,24,12.8,-6.2,0.0,0,4.0,6,13,heladas_invernales,-0.6,2,alto
2024-06-14,2024-06-14T14:00,Puno,San Roman,Juliaca,211101,-15.4997,-70.1333,3825,276110,22089,8.0,True,papa,15.9,19,13.6,-7.8,0.0,0,3.3,6,14,heladas_invernales,-0.6,2,alto
2024-06-14,2024-06-14T15:00,Puno,San Roman,Juliaca,211101,-15.4997,-70.1333,3825,276110,22089,8.0,True,papa,17.1,15,13.1,-9.6,0.0,0,6.9,6,15,heladas_invernales,-0.6,2,alto
2024-06-14,2024-06-14T16:00,Puno,San Roman,Juliaca,211101,-15.4997,-70.1333,3825,276110,22089,8.0,True,papa,15.4,21,10.4,-6.6,0.0,0,14.6,6,16,heladas_invernales,-0.6,2,alto
2024-06-14,2024-06-14T17:00,Puno,San Roman,Juliaca,211101,-15.4997,-70.1333,3825,276110,22089,8.0,True,papa,11.8,35,5.9,-3.3,0.0,0,22.1,6,17,heladas_invernales,-0.6,2,alto
2024-06-14,2024-06-14T18:00,Puno,San Roman,Juliaca,211101,-15.4997,-70.1333,3825,276110,22089,8.0,True,papa,10.6,42,6.7,-1.8,0.0,0,10.2,6,18,heladas_invernales,-0.6,2,alto
2024-06-14,2024-06-14T19:00,Puno,San Roman,Juliaca,211101,-15.4997,-70.1333,3825,276110,22089,8.0,True,papa,9.1,50,5.1,-0.9,0.0,0,11.4,6,19,heladas_invernales,-0.6,2,alto
2024-06-14,2024-06-14T20:00,Puno,San Roman,Juliaca,211101,-15.4997,-70.1333,3825,276110,22089,8.0,True,papa,7.3,51,3.6,-2.0,0.0,0,9.4,6,20,heladas_invernales,-0.6,2,alto
2024-06-14,2024-06-14T21:00,Puno,San Roman,Juliaca,211101,-15.4997,-70.1333,3825,276110,22089,8.0,True,papa,6.3,57,2.7,-1.5,0.0,0,9.3,6,21,heladas_invernales,-0.6,2,alto
2024-06-14,2024-06-14T22:00,Puno,San Roman,Juliaca,211101,-15.4997,-70.1333,3825,276110,22089,8.0,True,papa,6.3,39,1.3,-6.8,0.0,0,14.3,6,22,heladas_invernales,-0.6,2,alto
2024-06-14,2024-06-14T23:00,Puno,San Roman,Juliaca,211101,-15.4997,-70.1333,3825,276110,22089,8.0,True,papa,5.2,35,-0.1,-9.1,0.0,0,14.3,6,23,heladas_invernales,-0.6,2,alto
2024-06-01,2024-06-01T00:00,Puno,Sandia,Sandia,211201,-14.3214,-69.4653,2170,12127,7034,58.0,True,papa,9.6,90,8.9,8.0,0.0,88,1.3,6,0,heladas_invernales,5.8,0,bajo
2024-06-01,2024-06-01T01:00,Puno,Sandia,Sandia,211201,-14.3214,-69.4653,2170,12127,7034,58.0,True,papa,9.5,88,8.6,7.5,0.0,100,1.5,6,1,heladas_invernales,5.8,0,bajo
2024-06-01,2024-06-01T02:00,Puno,Sandia,Sandia,211201,-14.3214,-69.4653,2170,12127,7034,58.0,True,papa,8.8,82,7.4,5.8,0.0,84,2.3,6,2,heladas_invernales,5.8,0,bajo
2024-06-01,2024-06-01T03:00,Puno,Sandia,Sandia,211201,-14.3214,-69.4653,2170,12127,7034,58.0,True,papa,7.5,81,5.9,4.4,0.0,2,2.3,6,3,heladas_invernales,5.8,0,bajo
2024-06-01,2024-06-01T04:00,Puno,Sandia,Sandia,211201,-14.3214,-69.4653,2170,12127,7034,58.0,True,papa,6.4,82,4.5,3.5,0.0,0,2.5,6,4,heladas_invernales,5.8,0,bajo
2024-06-01,2024-06-01T05:00,Puno,Sandia,Sandia,211201,-14.3214,-69.4653,2170,12127,7034,58.0,True,papa,6.1,79,4.0,2.7,0.0,0,2.5,6,5,heladas_invernales,5.8,0,bajo
2024-06-01,2024-06-01T06:00,Puno,Sandia,Sandia,211201,-14.3214,-69.4653,2170,12127,7034,58.0,True,papa,5.8,77,3.5,2.0,0.0,0,3.1,6,6,heladas_invernales,5.8,0,bajo
2024-06-01,2024-06-01T07:00,Puno,Sandia,Sandia,211201,-14.3214,-69.4653,2170,12127,7034,58.0,True,papa,9.5,76,7.8,5.5,0.0,0,3.8,6,7,heladas_invernales,5.8,0,bajo
2024-06-01,2024-06-01T08:00,Puno,Sandia,Sandia,211201,-14.3214,-69.4653,2170,12127,7034,58.0,True,papa,15.4,62,14.8,8.2,0.0,0,0.7,6,8,heladas_invernales,5.8,0,bajo
2024-06-01,2024-06-01T09:00,Puno,Sandia,Sandia,211201,-14.3214,-69.4653,2170,12127,7034,58.0,True,papa,17.0,69,16.7,11.2,0.0,0,4.3,6,9,heladas_invernales,5.8,0,bajo
2024-06-01,2024-06-01T10:00,Puno,Sandia,Sandia,211201,-14.3214,-69.4653,2170,12127,7034,58.0,True,papa,18.3,70,19.1,12.7,0.0,0,5.9,6,10,heladas_invernales,5.8,0,bajo
2024-06-01,2024-06-01T11:00,Puno,Sandia,Sandia,211201,-14.3214,-69.4653,2170,12127,7034,58.0,True,papa,19.3,68,20.8,13.4,0.0,11,7.3,6,11,heladas_invernales,5.8,0,bajo
2024-06-01,2024-06-01T12:00,Puno,Sandia,Sandia,211201,-14.3214,-69.4653,2170,12127,7034,58.0,True,papa,20.0,65,21.5,13.2,0.0,52,8.4,6,12,heladas_invernales,5.8,0,bajo
2024-06-01,2024-06-01T13:00,Puno,Sandia,Sandia,211201,-14.3214,-69.4653,2170,12127,7034,58.0,True,papa,19.8,67,20.8,13.4,0.0,35,9.1,6,13,heladas_invernales,5.8,0,bajo
2024-06-01,2024-06-01T14:00,Puno,Sandia,Sandia,211201,-14.3214,-69.4653,2170,12127,7034,58.0,True,papa,18.7,70,18.7,13.2,0.0,100,9.5,6,14,heladas_invernales,5.8,0,bajo
2024-06-01,2024-06-01T15:00,Puno,Sandia,Sandia,211201,-14.3214,-69.4653,2170,12127,7034,58.0,True,papa,17.2,76,17.1,12.9,0.0,53,7.2,6,15,heladas_invernales,5.8,0,bajo
2024-06-01,2024-06-01T16:00,Puno,Sandia,Sandia,211201,-14.3214,-69.4653,2170,12127,7034,58.0,True,papa,16.1,81,16.5,12.9,0.0,43,3.9,6,16,heladas_invernales,5.8,0,bajo
2024-06-01,2024-06-01T17:00,Puno,Sandia,Sandia,211201,-14.3214,-69.4653,2170,12127,7034,58.0,True,papa,14.3,91,14.8,12.8,0.0,13,2.9,6,17,heladas_invernales,5.8,0,bajo
2024-06-01,2024-06-01T18:00,Puno,Sandia,Sandia,211201,-14.3214,-69.4653,2170,12127,7034,58.0,True,papa,11.3,100,11.5,11.3,0.0,11,1.5,6,18,heladas_invernales,5.8,0,bajo
2024-06-01,2024-06-01T19:00,Puno,Sandia,Sandia,211201,-14.3214,-69.4653,2170,12127,7034,58.0,True,papa,11.8,98,11.9,11.5,0.0,22,2.4,6,19,heladas_invernales,5.8,0,bajo
2024-06-01,2024-06-01T20:00,Puno,Sandia,Sandia,211201,-14.3214,-69.4653,2170,12127,7034,58.0,True,papa,11.1,99,11.3,10.9,0.0,31,0.5,6,20,heladas_invernales,5.8,0,bajo
2024-06-01,2024-06-01T21:00,Puno,Sandia,Sandia,211201,-14.3214,-69.4653,2170,12127,7034,58.0,True,papa,11.3,93,11.2,10.3,0.0,8,1.6,6,21,heladas_invernales,5.8,0,bajo
2024-06-01,2024-06-01T22:00,Puno,Sandia,Sandia,211201,-14.3214,-69.4653,2170,12127,7034,58.0,True,papa,11.3,88,10.9,9.3,0.0,18,1.5,6,22,heladas_invernales,5.8,0,bajo
2024-06-01,2024-06-01T23:00,Puno,Sandia,Sandia,211201,-14.3214,-69.4653,2170,12127,7034,58.0,True,papa,10.6,83,9.8,7.8,0.0,18,1.5,6,23,heladas_invernales,5.8,0,bajo
2024-06-02,2024-06-02T00:00,Puno,Sandia,Sandia,211201,-14.3214,-69.4653,2170,12127,7034,58.0,True,papa,10.2,73,8.7,5.6,0.0,27,3.1,6,0,heladas_invernales,7.1,0,bajo
2024-06-02,2024-06-02T01:00,Puno,Sandia,Sandia,211201,-14.3214,-69.4653,2170,12127,7034,58.0,True,papa,9.1,71,7.0,4.0,0.0,20,4.6,6,1,heladas_invernales,7.1,0,bajo
2024-06-02,2024-06-02T02:00,Puno,Sandia,Sandia,211201,-14.3214,-69.4653,2170,12127,7034,58.0,True,papa,8.0,71,5.6,3.0,0.0,31,5.6,6,2,heladas_invernales,7.1,0,bajo
2024-06-02,2024-06-02T03:00,Puno,Sandia,Sandia,211201,-14.3214,-69.4653,2170,12127,7034,58.0,True,papa,7.5,69,5.0,2.3,0.0,39,5.1,6,3,heladas_invernales,7.1,0,bajo
2024-06-02,2024-06-02T04:00,Puno,Sandia,Sandia,211201,-14.3214,-69.4653,2170,12127,7034,58.0,True,papa,7.3,67,4.8,1.6,0.0,53,4.6,6,4,heladas_invernales,7.1,0,bajo
2024-06-02,2024-06-02T05:00,Puno,Sandia,Sandia,211201,-14.3214,-69.4653,2170,12127,7034,58.0,True,papa,7.1,65,4.6,1.1,0.0,67,4.1,6,5,heladas_invernales,7.1,0,bajo
2024-06-02,2024-06-02T06:00,Puno,Sandia,Sandia,211201,-14.3214,-69.4653,2170,12127,7034,58.0,True,papa,7.1,64,4.4,0.7,0.0,78,4.3,6,6,heladas_invernales,7.1,0,bajo
2024-06-02,2024-06-02T07:00,Puno,Sandia,Sandia,211201,-14.3214,-69.4653,2170,12127,7034,58.0,True,papa,9.9,71,8.0,5.0,0.0,91,4.6,6,7,heladas_invernales,7.1,0,bajo
2024-06-02,2024-06-02T08:00,Puno,Sandia,Sandia,211201,-14.3214,-69.4653,2170,12127,7034,58.0,True,papa,14.3,65,13.4,7.8,0.0,61,2.3,6,8,heladas_invernales,7.1,0,bajo
2024-06-02,2024-06-02T09:00,Puno,Sandia,Sandia,211201,-14.3214,-69.4653,2170,12127,7034,58.0,True,papa,16.0,73,16.1,11.2,0.0,43,2.4,6,9,heladas_invernales,7.1,0,bajo
2024-06-02,2024-06-02T10:00,Puno,Sandia,Sandia,211201,-14.3214,-69.4653,2170,12127,7034,58.0,True,papa,18.1,70,18.4,12.5,0.0,12,4.1,6,10,heladas_invernales,7.1,0,bajo
2024-06-02,2024-06-02T11:00,Puno,Sandia,Sandia,211201,-14.3214,-69.4653,2170,12127,7034,58.0,True,papa,19.3,69,20.1,13.4,0.0,38,7.9,6,11,heladas_invernales,7.1,0,bajo
2024-06-02,2024-06-02T12:00,Puno,Sandia,Sandia,211201,-14.3214,-69.4653,2170,12127,7034,58.0,True,papa,19.6,69,20.7,13.7,0.0,99,9.0,6,12,heladas_invernales,7.1,0,bajo
2024-06-02,2024-06-02T13:00,Puno,Sandia,Sandia,211201,-14.3214,-69.4653,2170,12127,7034,58.0,True,papa,19.3,71,19.8,13.9,0.1,98,9.0,6,13,heladas_invernales,7.1,0,bajo
2024-06-02,2024-06-02T14:00,Puno,Sandia,Sandia,211201,-14.3214,-69.4653,2170,12127,7034,58.0,True,papa,18.1,78,18.1,14.1,0.1,75,9.2,6,14,heladas_invernales,7.1,0,bajo
2024-06-02,2024-06-02T15:00,Puno,Sandia,Sandia,211201,-14.3214,-69.4653,2170,12127,7034,58.0,True,papa,16.9,83,17.3,14.0,0.1,100,6.6,6,15,heladas_invernales,7.1,0,bajo
2024-06-02,2024-06-02T16:00,Puno,Sandia,Sandia,211201,-14.3214,-69.4653,2170,12127,7034,58.0,True,papa,15.6,90,16.3,13.9,0.0,100,3.8,6,16,heladas_invernales,7.1,0,bajo
2024-06-02,2024-06-02T17:00,Puno,Sandia,Sandia,211201,-14.3214,-69.4653,2170,12127,7034,58.0,True,papa,14.6,95,15.5,13.8,0.0,100,2.1,6,17,heladas_invernales,7.1,0,bajo
2024-06-02,2024-06-02T18:00,Puno,Sandia,Sandia,211201,-14.3214,-69.4653,2170,12127,7034,58.0,True,papa,13.9,99,15.0,13.8,0.0,100,0.5,6,18,heladas_invernales,7.1,0,bajo
2024-06-02,2024-06-02T19:00,Puno,Sandia,Sandia,211201,-14.3214,-69.4653,2170,12127,7034,58.0,True,papa,11.9,100,12.0,11.9,0.0,99,2.9,6,19,heladas_invernales,7.1,0,bajo
2024-06-02,2024-06-02T20:00,Puno,Sandia,Sandia,211201,-14.3214,-69.4653,2170,12127,7034,58.0,True,papa,13.2,100,13.5,13.2,0.0,100,4.8,6,20,heladas_invernales,7.1,0,bajo
2024-06-02,2024-06-02T21:00,Puno,Sandia,Sandia,211201,-14.3214,-69.4653,2170,12127,7034,58.0,True,papa,12.6,97,12.7,12.2,0.0,71,4.1,6,21,heladas_invernales,7.1,0,bajo
2024-06-02,2024-06-02T22:00,Puno,Sandia,Sandia,211201,-14.3214,-69.4653,2170,12127,7034,58.0,True,papa,11.6,92,11.6,10.4,0.0,38,1.3,6,22,heladas_invernales,7.1,0,bajo
2024-06-02,2024-06-02T23:00,Puno,Sandia,Sandia,211201,-14.3214,-69.4653,2170,12127,7034,58.0,True,papa,10.9,88,10.5,9.1,0.0,17,1.5,6,23,heladas_invernales,7.1,0,bajo
2024-06-03,2024-06-03T00:00,Puno,Sandia,Sandia,211201,-14.3214,-69.4653,2170,12127,7034,58.0,True,papa,9.7,84,8.6,7.2,0.0,10,2.8,6,0,heladas_invernales,6.0,0,bajo
2024-06-03,2024-06-03T01:00,Puno,Sandia,Sandia,211201,-14.3214,-69.4653,2170,12127,7034,58.0,True,papa,7.4,90,5.8,5.8,0.0,3,3.8,6,1,heladas_invernales,6.0,0,bajo
2024-06-03,2024-06-03T02:00,Puno,Sandia,Sandia,211201,-14.3214,-69.4653,2170,12127,7034,58.0,True,papa,6.4,92,4.6,5.2,0.0,2,4.6,6,2,heladas_invernales,6.0,0,bajo
2024-06-03,2024-06-03T03:00,Puno,Sandia,Sandia,211201,-14.3214,-69.4653,2170,12127,7034,58.0,True,papa,6.2,89,4.4,4.6,0.0,1,3.3,6,3,heladas_invernales,6.0,0,bajo
2024-06-03,2024-06-03T04:00,Puno,Sandia,Sandia,211201,-14.3214,-69.4653,2170,12127,7034,58.0,True,papa,6.1,86,4.3,4.0,0.0,3,2.6,6,4,heladas_invernales,6.0,0,bajo
2024-06-03,2024-06-03T05:00,Puno,Sandia,Sandia,211201,-14.3214,-69.4653,2170,12127,7034,58.0,True,papa,6.0,83,4.1,3.3,0.0,2,2.8,6,5,heladas_invernales,6.0,0,bajo
2024-06-03,2024-06-03T06:00,Puno,Sandia,Sandia,211201,-14.3214,-69.4653,2170,12127,7034,58.0,True,papa,6.6,75,4.6,2.5,0.0,5,2.1,6,6,heladas_invernales,6.0,0,bajo
2024-06-03,2024-06-03T07:00,Puno,Sandia,Sandia,211201,-14.3214,-69.4653,2170,12127,7034,58.0,True,papa,10.5,72,9.1,5.7,0.0,45,2.7,6,7,heladas_invernales,6.0,0,bajo
2024-06-03,2024-06-03T08:00,Puno,Sandia,Sandia,211201,-14.3214,-69.4653,2170,12127,7034,58.0,True,papa,15.5,66,14.9,9.3,0.0,20,3.1,6,8,heladas_invernales,6.0,0,bajo
2024-06-03,2024-06-03T09:00,Puno,Sandia,Sandia,211201,-14.3214,-69.4653,2170,12127,7034,58.0,True,papa,17.1,66,16.6,10.8,0.0,15,5.1,6,9,heladas_invernales,6.0,0,bajo
2024-06-03,2024-06-03T10:00,Puno,Sandia,Sandia,211201,-14.3214,-69.4653,2170,12127,7034,58.0,True,papa,18.3,65,18.5,11.5,0.0,3,6.7,6,10,heladas_invernales,6.0,0,bajo
2024-06-03,2024-06-03T11:00,Puno,Sandia,Sandia,211201,-14.3214,-69.4653,2170,12127,7034,58.0,True,papa,18.9,65,19.7,12.2,0.0,39,7.6,6,11,heladas_invernales,6.0,0,bajo
2024-06-03,2024-06-03T12:00,Puno,Sandia,Sandia,211201,-14.3214,-69.4653,2170,12127,7034,58.0,True,papa,19.2,63,19.9,12.1,0.1,98,8.4,6,12,heladas_invernales,6.0,0,bajo
2024-06-03,2024-06-03T13:00,Puno,Sandia,Sandia,211201,-14.3214,-69.4653,2170,12127,7034,58.0,True,papa,18.6,70,18.9,13.1,0.1,73,8.4,6,13,heladas_invernales,6.0,0,bajo
2024-06-03,2024-06-03T14:00,Puno,Sandia,Sandia,211201,-14.3214,-69.4653,2170,12127,7034,58.0,True,papa,17.9,74,17.7,13.2,0.3,99,8.8,6,14,heladas_invernales,6.0,0,bajo
2024-06-03,2024-06-03T15:00,Puno,Sandia,Sandia,211201,-14.3214,-69.4653,2170,12127,7034,58.0,True,papa,17.1,80,17.1,13.6,0.2,100,8.3,6,15,heladas_invernales,6.0,0,bajo
2024-06-03,2024-06-03T16:00,Puno,Sandia,Sandia,211201,-14.3214,-69.4653,2170,12127,7034,58.0,True,papa,15.7,87,16.0,13.6,0.5,100,5.8,6,16,heladas_invernales,6.0,0,bajo
2024-06-03,2024-06-03T17:00,Puno,Sandia,Sandia,211201,-14.3214,-69.4653,2170,12127,7034,58.0,True,papa,15.0,94,15.7,14.0,0.3,100,4.2,6,17,heladas_invernales,6.0,0,bajo
2024-06-03,2024-06-03T18:00,Puno,Sandia,Sandia,211201,-14.3214,-69.4653,2170,12127,7034,58.0,True,papa,14.6,96,15.4,14.0,0.3,100,3.9,6,18,heladas_invernales,6.0,0,bajo
2024-06-03,2024-06-03T19:00,Puno,Sandia,Sandia,211201,-14.3214,-69.4653,2170,12127,7034,58.0,True,papa,14.2,98,15.1,13.9,0.2,100,2.7,6,19,heladas_invernales,6.0,0,bajo
2024-06-03,2024-06-03T20:00,Puno,Sandia,Sandia,211201,-14.3214,-69.4653,2170,12127,7034,58.0,True,papa,13.8,97,14.7,13.3,0.0,89,1.5,6,20,heladas_invernales,6.0,0,bajo
2024-06-03,2024-06-03T21:00,Puno,Sandia,Sandia,211201,-14.3214,-69.4653,2170,12127,7034,58.0,True,papa,13.8,96,14.5,13.2,0.0,86,2.3,6,21,heladas_invernales,6.0,0,bajo
2024-06-03,2024-06-03T22:00,Puno,Sandia,Sandia,211201,-14.3214,-69.4653,2170,12127,7034,58.0,True,papa,13.7,97,14.4,13.3,0.0,75,2.9,6,22,heladas_invernales,6.0,0,bajo
2024-06-03,2024-06-03T23:00,Puno,Sandia,Sandia,211201,-14.3214,-69.4653,2170,12127,7034,58.0,True,papa,13.3,100,14.1,13.3,0.0,72,1.8,6,23,heladas_invernales,6.0,0,bajo
2024-06-04,2024-06-04T00:00,Puno,Sandia,Sandia,211201,-14.3214,-69.4653,2170,12127,7034,58.0,True,papa,13.2,98,13.9,12.9,0.0,73,1.3,6,0,heladas_invernales,10.2,0,bajo
2024-06-04,2024-06-04T01:00,Puno,Sandia,Sandia,211201,-14.3214,-69.4653,2170,12127,7034,58.0,True,papa,13.1,96,13.7,12.4,0.0,80,1.1,6,1,heladas_invernales,10.2,0,bajo
2024-06-04,2024-06-04T02:00,Puno,Sandia,Sandia,211201,-14.3214,-69.4653,2170,12127,7034,58.0,True,papa,12.6,94,12.8,11.7,0.0,80,1.9,6,2,heladas_invernales,10.2,0,bajo
2024-06-04,2024-06-04T03:00,Puno,Sandia,Sandia,211201,-14.3214,-69.4653,2170,12127,7034,58.0,True,papa,10.7,94,10.2,9.7,0.0,71,2.9,6,3,heladas_invernales,10.2,0,bajo
2024-06-04,2024-06-04T04:00,Puno,Sandia,Sandia,211201,-14.3214,-69.4653,2170,12127,7034,58.0,True,papa,10.6,87,10.0,8.5,0.0,60,1.8,6,4,heladas_invernales,10.2,0,bajo
2024-06-04,2024-06-04T05:00,Puno,Sandia,Sandia,211201,-14.3214,-69.4653,2170,12127,7034,58.0,True,papa,10.2,81,9.1,7.0,0.0,46,2.0,6,5,heladas_invernales,10.2,0,bajo
2024-06-04,2024-06-04T06:00,Puno,Sandia,Sandia,211201,-14.3214,-69.4653,2170,12127,7034,58.0,True,papa,10.8,71,9.5,5.8,0.0,49,2.0,6,6,heladas_invernales,10.2,0,bajo
2024-06-04,2024-06-04T07:00,Puno,Sandia,Sandia,211201,-14.3214,-69.4653,2170,12127,7034,58.0,True,papa,12.2,78,11.0,8.4,0.0,65,5.1,6,7,heladas_invernales,10.2,0,bajo
2024-06-04,2024-06-04T08:00,Puno,Sandia,Sandia,211201,-14.3214,-69.4653,2170,12127,7034,58.0,True,papa,14.3,78,14.2,10.5,0.0,0,1.8,6,8,heladas_invernales,10.2,0,bajo
2024-06-04,2024-06-04T09:00,Puno,Sandia,Sandia,211201,-14.3214,-69.4653,2170,12127,7034,58.0,True,papa,16.1,76,16.2,11.8,0.0,2,3.1,6,9,heladas_invernales,10.2,0,bajo
2024-06-04,2024-06-04T10:00,Puno,Sandia,Sandia,211201,-14.3214,-69.4653,2170,12127,7034,58.0,True,papa,17.8,69,18.4,12.0,0.0,5,4.8,6,10,heladas_invernales,10.2,0,bajo
2024-06-04,2024-06-04T11:00,Puno,Sandia,Sandia,211201,-14.3214,-69.4653,2170,12127,7034,58.0,True,papa,18.8,64,19.6,11.8,0.0,7,7.2,6,11,heladas_invernales,10.2,0,bajo
2024-06-04,2024-06-04T12:00,Puno,Sandia,Sandia,211201,-14.3214,-69.4653,2170,12127,7034,58.0,True,papa,19.5,57,20.1,10.8,0.0,8,8.0,6,12,heladas_invernales,10.2,0,bajo
2024-06-04,2024-06-04T13:00,Puno,Sandia,Sandia,211201,-14.3214,-69.4653,2170,12127,7034,58.0,True,papa,19.5,57,19.5,10.6,0.0,41,7.4,6,13,heladas_invernales,10.2,0,bajo
2024-06-04,2024-06-04T14:00,Puno,Sandia,Sandia,211201,-14.3214,-69.4653,2170,12127,7034,58.0,True,papa,19.0,58,18.2,10.5,0.0,54,6.9,6,14,heladas_invernales,10.2,0,bajo
2024-06-04,2024-06-04T15:00,Puno,Sandia,Sandia,211201,-14.3214,-69.4653,2170,12127,7034,58.0,True,papa,18.3,65,17.7,11.5,0.0,89,6.9,6,15,heladas_invernales,10.2,0,bajo
2024-06-04,2024-06-04T16:00,Puno,Sandia,Sandia,211201,-14.3214,-69.4653,2170,12127,7034,58.0,True,papa,16.4,82,16.4,13.3,0.1,93,7.1,6,16,heladas_invernales,10.2,0,bajo
2024-06-04,2024-06-04T17:00,Puno,Sandia,Sandia,211201,-14.3214,-69.4653,2170,12127,7034,58.0,True,papa,14.6,95,15.2,13.8,0.2,100,4.1,6,17,heladas_invernales,10.2,0,bajo
2024-06-04,2024-06-04T18:00,Puno,Sandia,Sandia,211201,-14.3214,-69.4653,2170,12127,7034,58.0,True,papa,13.8,100,14.9,13.8,0.1,100,1.4,6,18,heladas_invernales,10.2,0,bajo
2024-06-04,2024-06-04T19:00,Puno,Sandia,Sandia,211201,-14.3214,-69.4653,2170,12127,7034,58.0,True,papa,13.6,100,14.5,13.5,0.0,100,1.5,6,19,heladas_invernales,10.2,0,bajo
2024-06-04,2024-06-04T20:00,Puno,Sandia,Sandia,211201,-14.3214,-69.4653,2170,12127,7034,58.0,True,papa,11.8,93,11.7,10.7,0.0,77,2.1,6,20,heladas_invernales,10.2,0,bajo
2024-06-04,2024-06-04T21:00,Puno,Sandia,Sandia,211201,-14.3214,-69.4653,2170,12127,7034,58.0,True,papa,11.3,90,10.9,9.7,0.0,1,1.9,6,21,heladas_invernales,10.2,0,bajo
2024-06-04,2024-06-04T22:00,Puno,Sandia,Sandia,211201,-14.3214,-69.4653,2170,12127,7034,58.0,True,papa,11.0,87,10.5,8.9,0.0,7,1.9,6,22,heladas_invernales,10.2,0,bajo
2024-06-04,2024-06-04T23:00,Puno,Sandia,Sandia,211201,-14.3214,-69.4653,2170,12127,7034,58.0,True,papa,10.9,81,10.1,7.8,0.0,22,1.6,6,23,heladas_invernales,10.2,0,bajo
2024-06-05,2024-06-05T00:00,Puno,Sandia,Sandia,211201,-14.3214,-69.4653,2170,12127,7034,58.0,True,papa,10.4,72,8.9,5.6,0.0,41,2.8,6,0,heladas_invernales,6.7,0,bajo
2024-06-05,2024-06-05T01:00,Puno,Sandia,Sandia,211201,-14.3214,-69.4653,2170,12127,7034,58.0,True,papa,8.7,66,6.4,2.7,0.0,99,4.1,6,1,heladas_invernales,6.7,0,bajo
2024-06-05,2024-06-05T02:00,Puno,Sandia,Sandia,211201,-14.3214,-69.4653,2170,12127,7034,58.0,True,papa,8.4,60,5.9,1.2,0.0,70,3.8,6,2,heladas_invernales,6.7,0,bajo
2024-06-05,2024-06-05T03:00,Puno,Sandia,Sandia,211201,-14.3214,-69.4653,2170,12127,7034,58.0,True,papa,7.9,61,5.4,0.9,0.0,55,3.6,6,3,heladas_invernales,6.7,0,bajo
2024-06-05,2024-06-05T04:00,Puno,Sandia,Sandia,211201,-14.3214,-69.4653,2170,12127,7034,58.0,True,papa,7.2,62,4.8,0.4,0.0,34,2.5,6,4,heladas_invernales,6.7,0,bajo
2024-06-05,2024-06-05T05:00,Puno,Sandia,Sandia,211201,-14.3214,-69.4653,2170,12127,7034,58.0,True,papa,6.7,61,4.0,-0.3,0.0,60,3.6,6,5,heladas_invernales,6.7,0,bajo
2024-06-05,2024-06-05T06:00,Puno,Sandia,Sandia,211201,-14.3214,-69.4653,2170,12127,7034,58.0,True,papa,6.8,59,4.0,-0.7,0.0,68,4.3,6,6,heladas_invernales,6.7,0,bajo
2024-06-05,2024-06-05T07:00,Puno,Sandia,Sandia,211201,-14.3214,-69.4653,2170,12127,7034,58.0,True,papa,9.3,69,7.1,3.9,0.0,68,5.1,6,7,heladas_invernales,6.7,0,bajo
2024-06-05,2024-06-05T08:00,Puno,Sandia,Sandia,211201,-14.3214,-69.4653,2170,12127,7034,58.0,True,papa,14.0,66,13.2,7.8,0.0,38,1.6,6,8,heladas_invernales,6.7,0,bajo
2024-06-05,2024-06-05T09:00,Puno,Sandia,Sandia,211201,-14.3214,-69.4653,2170,12127,7034,58.0,True,papa,16.0,76,16.0,11.9,0.0,36,4.2,6,9,heladas_invernales,6.7,0,bajo
2024-06-05,2024-06-05T10:00,Puno,Sandia,Sandia,211201,-14.3214,-69.4653,2170,12127,7034,58.0,True,papa,17.0,80,17.4,13.5,0.0,45,6.0,6,10,heladas_invernales,6.7,0,bajo
2024-06-05,2024-06-05T11:00,Puno,Sandia,Sandia,211201,-14.3214,-69.4653,2170,12127,7034,58.0,True,papa,18.1,74,18.6,13.3,0.0,37,7.4,6,11,heladas_invernales,6.7,0,bajo
2024-06-05,2024-06-05T12:00,Puno,Sandia,Sandia,211201,-14.3214,-69.4653,2170,12127,7034,58.0,True,papa,19.1,69,20.1,13.2,0.0,18,7.7,6,12,heladas_invernales,6.7,0,bajo
2024-06-05,2024-06-05T13:00,Puno,Sandia,Sandia,211201,-14.3214,-69.4653,2170,12127,7034,58.0,True,papa,19.3,67,20.2,13.0,0.0,27,7.7,6,13,heladas_invernales,6.7,0,bajo
2024-06-05,2024-06-05T14:00,Puno,Sandia,Sandia,211201,-14.3214,-69.4653,2170,12127,7034,58.0,True,papa,19.3,65,19.6,12.6,0.0,20,7.2,6,14,heladas_invernales,6.7,0,bajo
2024-06-05,2024-06-05T15:00,Puno,Sandia,Sandia,211201,-14.3214,-69.4653,2170,12127,7034,58.0,True,papa,18.7,68,18.5,12.7,0.0,49,6.9,6,15,heladas_invernales,6.7,0,bajo
2024-06-05,2024-06-05T16:00,Puno,Sandia,Sandia,211201,-14.3214,-69.4653,2170,12127,7034,58.0,True,papa,16.8,79,16.9,13.1,0.0,68,6.1,6,16,heladas_invernales,6.7,0,bajo
2024-06-05,2024-06-05T17:00,Puno,Sandia,Sandia,211201,-14.3214,-69.4653,2170,12127,7034,58.0,True,papa,14.7,93,15.4,13.5,0.0,95,2.9,6,17,heladas_invernales,6.7,0,bajo
2024-06-05,2024-06-05T18:00,Puno,Sandia,Sandia,211201,-14.3214,-69.4653,2170,12127,7034,58.0,True,papa,13.0,99,13.7,12.9,0.0,100,1.8,6,18,heladas_invernales,6.7,0,bajo
2024-06-05,2024-06-05T19:00,Puno,Sandia,Sandia,211201,-14.3214,-69.4653,2170,12127,7034,58.0,True,papa,13.4,100,13.8,13.3,0.0,100,4.2,6,19,heladas_invernales,6.7,0,bajo
2024-06-05,2024-06-05T20:00,Puno,Sandia,Sandia,211201,-14.3214,-69.4653,2170,12127,7034,58.0,True,papa,12.9,99,13.5,12.8,0.0,100,1.5,6,20,heladas_invernales,6.7,0,bajo
2024-06-05,2024-06-05T21:00,Puno,Sandia,Sandia,211201,-14.3214,-69.4653,2170,12127,7034,58.0,True,papa,12.8,100,13.3,12.8,0.0,100,2.1,6,21,heladas_invernales,6.7,0,bajo
2024-06-05,2024-06-05T22:00,Puno,Sandia,Sandia,211201,-14.3214,-69.4653,2170,12127,7034,58.0,True,papa,11.9,100,12.1,11.8,0.0,100,2.1,6,22,heladas_invernales,6.7,0,bajo
2024-06-05,2024-06-05T23:00,Puno,Sandia,Sandia,211201,-14.3214,-69.4653,2170,12127,7034,58.0,True,papa,10.8,95,10.6,10.0,0.0,100,1.5,6,23,heladas_invernales,6.7,0,bajo
2024-06-06,2024-06-06T00:00,Puno,Sandia,Sandia,211201,-14.3214,-69.4653,2170,12127,7034,58.0,True,papa,10.0,84,9.0,7.5,0.0,100,2.5,6,0,heladas_invernales,6.2,0,bajo
2024-06-06,2024-06-06T01:00,Puno,Sandia,Sandia,211201,-14.3214,-69.4653,2170,12127,7034,58.0,True,papa,8.9,76,7.1,4.9,0.0,100,4.1,6,1,heladas_invernales,6.2,0,bajo
2024-06-06,2024-06-06T02:00,Puno,Sandia,Sandia,211201,-14.3214,-69.4653,2170,12127,7034,58.0,True,papa,8.1,72,5.9,3.4,0.0,100,4.3,6,2,heladas_invernales,6.2,0,bajo
2024-06-06,2024-06-06T03:00,Puno,Sandia,Sandia,211201,-14.3214,-69.4653,2170,12127,7034,58.0,True,papa,7.0,73,4.8,2.5,0.0,27,3.8,6,3,heladas_invernales,6.2,0,bajo
2024-06-06,2024-06-06T04:00,Puno,Sandia,Sandia,211201,-14.3214,-69.4653,2170,12127,7034,58.0,True,papa,6.6,72,4.2,1.9,0.0,39,3.6,6,4,heladas_invernales,6.2,0,bajo
2024-06-06,2024-06-06T05:00,Puno,Sandia,Sandia,211201,-14.3214,-69.4653,2170,12127,7034,58.0,True,papa,6.2,71,3.7,1.3,0.0,27,3.6,6,5,heladas_invernales,6.2,0,bajo
2024-06-06,2024-06-06T06:00,Puno,Sandia,Sandia,211201,-14.3214,-69.4653,2170,12127,7034,58.0,True,papa,6.3,67,3.7,0.7,0.0,40,4.1,6,6,heladas_invernales,6.2,0,bajo
2024-06-06,2024-06-06T07:00,Puno,Sandia,Sandia,211201,-14.3214,-69.4653,2170,12127,7034,58.0,True,papa,9.0,73,7.2,4.4,0.0,46,3.6,6,7,heladas_invernales,6.2,0,bajo
2024-06-06,2024-06-06T08:00,Puno,Sandia,Sandia,211201,-14.3214,-69.4653,2170,12127,7034,58.0,True,papa,15.6,64,15.1,8.7,0.0,21,1.5,6,8,heladas_invernales,6.2,0,bajo
2024-06-06,2024-06-06T09:00,Puno,Sandia,Sandia,211201,-14.3214,-69.4653,2170,12127,7034,58.0,True,papa,17.3,69,16.9,11.5,0.0,24,5.9,6,9,heladas_invernales,6.2,0,bajo
2024-06-06,2024-06-06T10:00,Puno,Sandia,Sandia,211201,-14.3214,-69.4653,2170,12127,7034,58.0,True,papa,18.1,74,18.5,13.3,0.0,21,6.6,6,10,heladas_invernales,6.2,0,bajo
2024-06-06,2024-06-06T11:00,Puno,Sandia,Sandia,211201,-14.3214,-69.4653,2170,12127,7034,58.0,True,papa,19.0,71,20.2,13.7,0.0,56,7.1,6,11,heladas_invernales,6.2,0,bajo
2024-06-06,2024-06-06T12:00,Puno,Sandia,Sandia,211201,-14.3214,-69.4653,2170,12127,7034,58.0,True,papa,19.8,65,21.1,13.1,0.0,96,7.7,6,12,heladas_invernales,6.2,0,bajo
2024-06-06,2024-06-06T13:00,Puno,Sandia,Sandia,211201,-14.3214,-69.4653,2170,12127,7034,58.0,True,papa,19.9,66,21.0,13.3,0.0,76,7.4,6,13,heladas_invernales,6.2,0,bajo
2024-06-06,2024-06-06T14:00,Puno,Sandia,Sandia,211201,-14.3214,-69.4653,2170,12127,7034,58.0,True,papa,19.9,65,20.4,13.2,0.0,26,7.7,6,14,heladas_invernales,6.2,0,bajo
2024-06-06,2024-06-06T15:00,Puno,Sandia,Sandia,211201,-14.3214,-69.4653,2170,12127,7034,58.0,True,papa,19.0,68,18.8,12.9,0.0,34,7.9,6,15,heladas_invernales,6.2,0,bajo
2024-06-06,2024-06-06T16:00,Puno,Sandia,Sandia,211201,-14.3214,-69.4653,2170,12127,7034,58.0,True,papa,17.4,75,17.5,12.9,0.0,26,5.6,6,16,heladas_invernales,6.2,0,bajo
2024-06-06,2024-06-06T17:00,Puno,Sandia,Sandia,211201,-14.3214,-69.4653,2170,12127,7034,58.0,True,papa,15.7,85,16.1,13.2,0.0,11,3.7,6,17,heladas_invernales,6.2,0,bajo
2024-06-06,2024-06-06T18:00,Puno,Sandia,Sandia,211201,-14.3214,-69.4653,2170,12127,7034,58.0,True,papa,14.2,93,14.8,13.1,0.0,0,2.5,6,18,heladas_invernales,6.2,0,bajo
2024-06-06,2024-06-06T19:00,Puno,Sandia,Sandia,211201,-14.3214,-69.4653,2170,12127,7034,58.0,True,papa,11.5,98,11.5,11.2,0.0,2,2.9,6,19,heladas_invernales,6.2,0,bajo
2024-06-06,2024-06-06T20:00,Puno,Sandia,Sandia,211201,-14.3214,-69.4653,2170,12127,7034,58.0,True,papa,11.3,96,11.1,10.7,0.0,6,2.8,6,20,heladas_invernales,6.2,0,bajo
2024-06-06,2024-06-06T21:00,Puno,Sandia,Sandia,211201,-14.3214,-69.4653,2170,12127,7034,58.0,True,papa,11.6,91,11.4,10.1,0.0,6,1.8,6,21,heladas_invernales,6.2,0,bajo
2024-06-06,2024-06-06T22:00,Puno,Sandia,Sandia,211201,-14.3214,-69.4653,2170,12127,7034,58.0,True,papa,11.2,83,10.6,8.4,0.0,2,1.3,6,22,heladas_invernales,6.2,0,bajo
2024-06-06,2024-06-06T23:00,Puno,Sandia,Sandia,211201,-14.3214,-69.4653,2170,12127,7034,58.0,True,papa,10.3,75,9.2,6.1,0.0,0,1.3,6,23,heladas_invernales,6.2,0,bajo
2024-06-07,2024-06-07T00:00,Puno,Sandia,Sandia,211201,-14.3214,-69.4653,2170,12127,7034,58.0,True,papa,8.8,68,6.8,3.2,0.0,2,2.8,6,0,heladas_invernales,5.2,0,bajo
2024-06-07,2024-06-07T01:00,Puno,Sandia,Sandia,211201,-14.3214,-69.4653,2170,12127,7034,58.0,True,papa,6.8,67,4.5,1.0,0.0,0,2.8,6,1,heladas_invernales,5.2,0,bajo
2024-06-07,2024-06-07T02:00,Puno,Sandia,Sandia,211201,-14.3214,-69.4653,2170,12127,7034,58.0,True,papa,5.8,67,3.2,0.1,0.0,31,3.1,6,2,heladas_invernales,5.2,0,bajo
2024-06-07,2024-06-07T03:00,Puno,Sandia,Sandia,211201,-14.3214,-69.4653,2170,12127,7034,58.0,True,papa,5.2,66,2.5,-0.6,0.0,59,3.3,6,3,heladas_invernales,5.2,0,bajo
2024-06-07,2024-06-07T04:00,Puno,Sandia,Sandia,211201,-14.3214,-69.4653,2170,12127,7034,58.0,True,papa,5.2,61,2.3,-1.7,0.0,57,3.3,6,4,heladas_invernales,5.2,0,bajo
2024-06-07,2024-06-07T05:00,Puno,Sandia,Sandia,211201,-14.3214,-69.4653,2170,12127,7034,58.0,True,papa,5.2,55,2.2,-3.2,0.0,56,2.8,6,5,heladas_invernales,5.2,0,bajo
2024-06-07,2024-06-07T06:00,Puno,Sandia,Sandia,211201,-14.3214,-69.4653,2170,12127,7034,58.0,True,papa,5.4,49,2.4,-4.5,0.0,61,2.3,6,6,heladas_invernales,5.2,0,bajo
2024-06-07,2024-06-07T07:00,Puno,Sandia,Sandia,211201,-14.3214,-69.4653,2170,12127,7034,58.0,True,papa,8.2,62,5.9,1.3,0.0,67,2.8,6,7,heladas_invernales,5.2,0,bajo
2024-06-07,2024-06-07T08:00,Puno,Sandia,Sandia,211201,-14.3214,-69.4653,2170,12127,7034,58.0,True,papa,15.4,58,14.4,7.3,0.0,0,1.8,6,8,heladas_invernales,5.2,0,bajo
2024-06-07,2024-06-07T09:00,Puno,Sandia,Sandia,211201,-14.3214,-69.4653,2170,12127,7034,58.0,True,papa,17.9,63,17.5,10.9,0.0,0,4.6,6,9,heladas_invernales,5.2,0,bajo
2024-06-07,2024-06-07T10:00,Puno,Sandia,Sandia,211201,-14.3214,-69.4653,2170,12127,7034,58.0,True,papa,19.2,69,20.1,13.3,0.0,3,6.4,6,10,heladas_invernales,5.2,0,bajo
2024-06-07,2024-06-07T11:00,Puno,Sandia,Sandia,211201,-14.3214,-69.4653,2170,12127,7034,58.0,True,papa,19.9,66,21.3,13.4,0.0,3,8.2,6,11,heladas_invernales,5.2,0,bajo
2024-06-07,2024-06-07T12:00,Puno,Sandia,Sandia,211201,-14.3214,-69.4653,2170,12127,7034,58.0,True,papa,20.2,63,21.6,13.1,0.0,1,8.9,6,12,heladas_invernales,5.2,0,bajo
2024-06-07,2024-06-07T13:00,Puno,Sandia,Sandia,211201,-14.3214,-69.4653,2170,12127,7034,58.0,True,papa,20.1,65,21.4,13.4,0.0,2,8.7,6,13,heladas_invernales,5.2,0,bajo
2024-06-07,2024-06-07T14:00,Puno,Sandia,Sandia,211201,-14.3214,-69.4653,2170,12127,7034,58.0,True,papa,20.1,68,21.3,14.0,0.0,13,6.6,6,14,heladas_invernales,5.2,0,bajo
2024-06-07,2024-06-07T15:00,Puno,Sandia,Sandia,211201,-14.3214,-69.4653,2170,12127,7034,58.0,True,papa,19.8,68,20.0,13.7,0.0,32,7.3,6,15,heladas_invernales,5.2,0,bajo
2024-06-07,2024-06-07T16:00,Puno,Sandia,Sandia,211201,-14.3214,-69.4653,2170,12127,7034,58.0,True,papa,18.3,74,18.5,13.5,0.0,7,6.0,6,16,heladas_invernales,5.2,0,bajo
2024-06-07,2024-06-07T17:00,Puno,Sandia,Sandia,211201,-14.3214,-69.4653,2170,12127,7034,58.0,True,papa,15.3,92,16.1,14.0,0.0,9,3.1,6,17,heladas_invernales,5.2,0,bajo
2024-06-07,2024-06-07T18:00,Puno,Sandia,Sandia,211201,-14.3214,-69.4653,2170,12127,7034,58.0,True,papa,13.4,98,13.9,13.0,0.0,6,3.2,6,18,heladas_invernales,5.2,0,bajo
2024-06-07,2024-06-07T19:00,Puno,Sandia,Sandia,211201,-14.3214,-69.4653,2170,12127,7034,58.0,True,papa,11.4,99,11.3,11.3,0.0,1,3.4,6,19,heladas_invernales,5.2,0,bajo
2024-06-07,2024-06-07T20:00,Puno,Sandia,Sandia,211201,-14.3214,-69.4653,2170,12127,7034,58.0,True,papa,11.1,94,10.7,10.2,0.0,9,3.1,6,20,heladas_invernales,5.2,0,bajo
2024-06-07,2024-06-07T21:00,Puno,Sandia,Sandia,211201,-14.3214,-69.4653,2170,12127,7034,58.0,True,papa,10.6,89,10.0,8.9,0.0,1,2.3,6,21,heladas_invernales,5.2,0,bajo
2024-06-07,2024-06-07T22:00,Puno,Sandia,Sandia,211201,-14.3214,-69.4653,2170,12127,7034,58.0,True,papa,9.5,77,8.1,5.7,0.0,1,2.3,6,22,heladas_invernales,5.2,0,bajo
2024-06-07,2024-06-07T23:00,Puno,Sandia,Sandia,211201,-14.3214,-69.4653,2170,12127,7034,58.0,True,papa,8.6,64,6.4,2.2,0.0,0,2.8,6,23,heladas_invernales,5.2,0,bajo
2024-06-08,2024-06-08T00:00,Puno,Sandia,Sandia,211201,-14.3214,-69.4653,2170,12127,7034,58.0,True,papa,7.4,54,4.7,-1.4,0.0,0,2.5,6,0,heladas_invernales,4.5,0,bajo
2024-06-08,2024-06-08T01:00,Puno,Sandia,Sandia,211201,-14.3214,-69.4653,2170,12127,7034,58.0,True,papa,6.6,48,3.6,-3.6,0.0,0,2.5,6,1,heladas_invernales,4.5,0,bajo
2024-06-08,2024-06-08T02:00,Puno,Sandia,Sandia,211201,-14.3214,-69.4653,2170,12127,7034,58.0,True,papa,5.9,44,2.6,-5.4,0.0,0,3.1,6,2,heladas_invernales,4.5,0,bajo
2024-06-08,2024-06-08T03:00,Puno,Sandia,Sandia,211201,-14.3214,-69.4653,2170,12127,7034,58.0,True,papa,5.2,43,1.8,-6.3,0.0,0,3.1,6,3,heladas_invernales,4.5,0,bajo
2024-06-08,2024-06-08T04:00,Puno,Sandia,Sandia,211201,-14.3214,-69.4653,2170,12127,7034,58.0,True,papa,4.8,41,1.4,-7.3,0.0,0,2.8,6,4,heladas_invernales,4.5,0,bajo
2024-06-08,2024-06-08T05:00,Puno,Sandia,Sandia,211201,-14.3214,-69.4653,2170,12127,7034,58.0,True,papa,4.7,39,1.3,-8.2,0.0,2,2.3,6,5,heladas_invernales,4.5,0,bajo
2024-06-08,2024-06-08T06:00,Puno,Sandia,Sandia,211201,-14.3214,-69.4653,2170,12127,7034,58.0,True,papa,4.5,38,1.0,-8.4,0.0,3,2.8,6,6,heladas_invernales,4.5,0,bajo
2024-06-08,2024-06-08T07:00,Puno,Sandia,Sandia,211201,-14.3214,-69.4653,2170,12127,7034,58.0,True,papa,7.6,57,5.0,-0.3,0.0,0,2.8,6,7,heladas_invernales,4.5,0,bajo
2024-06-08,2024-06-08T08:00,Puno,Sandia,Sandia,211201,-14.3214,-69.4653,2170,12127,7034,58.0,True,papa,15.6,69,15.2,10.0,0.0,0,2.6,6,8,heladas_invernales,4.5,0,bajo
2024-06-08,2024-06-08T09:00,Puno,Sandia,Sandia,211201,-14.3214,-69.4653,2170,12127,7034,58.0,True,papa,18.6,51,17.5,8.2,0.0,0,4.4,6,9,heladas_invernales,4.5,0,bajo
2024-06-08,2024-06-08T10:00,Puno,Sandia,Sandia,211201,-14.3214,-69.4653,2170,12127,7034,58.0,True,papa,19.4,60,19.9,11.5,0.0,0,6.6,6,10,heladas_invernales,4.5,0,bajo
2024-06-08,2024-06-08T11:00,Puno,Sandia,Sandia,211201,-14.3214,-69.4653,2170,12127,7034,58.0,True,papa,19.8,64,21.0,12.7,0.0,85,8.4,6,11,heladas_invernales,4.5,0,bajo
2024-06-08,2024-06-08T12:00,Puno,Sandia,Sandia,211201,-14.3214,-69.4653,2170,12127,7034,58.0,True,papa,19.9,67,21.6,13.5,0.0,84,8.2,6,12,heladas_invernales,4.5,0,bajo
2024-06-08,2024-06-08T13:00,Puno,Sandia,Sandia,211201,-14.3214,-69.4653,2170,12127,7034,58.0,True,papa,20.0,66,21.6,13.4,0.0,83,7.4,6,13,heladas_invernales,4.5,0,bajo
2024-06-08,2024-06-08T14:00,Puno,Sandia,Sandia,211201,-14.3214,-69.4653,2170,12127,7034,58.0,True,papa,20.0,63,20.6,12.8,0.0,89,6.6,6,14,heladas_invernales,4.5,0,bajo
2024-06-08,2024-06-08T15:00,Puno,Sandia,Sandia,211201,-14.3214,-69.4653,2170,12127,7034,58.0,True,papa,19.4,64,19.3,12.4,0.0,86,6.0,6,15,heladas_invernales,4.5,0,bajo
2024-06-08,2024-06-08T16:00,Puno,Sandia,Sandia,211201,-14.3214,-69.4653,2170,12127,7034,58.0,True,papa,17.7,71,17.6,12.5,0.0,99,5.9,6,16,heladas_invernales,4.5,0,bajo
2024-06-08,2024-06-08T17:00,Puno,Sandia,Sandia,211201,-14.3214,-69.4653,2170,12127,7034,58.0,True,papa,14.4,92,14.8,13.2,0.0,99,4.7,6,17,heladas_invernales,4.5,0,bajo
2024-06-08,2024-06-08T18:00,Puno,Sandia,Sandia,211201,-14.3214,-69.4653,2170,12127,7034,58.0,True,papa,13.6,93,14.1,12.6,0.0,100,2.2,6,18,heladas_invernales,4.5,0,bajo
2024-06-08,2024-06-08T19:00,Puno,Sandia,Sandia,211201,-14.3214,-69.4653,2170,12127,7034,58.0,True,papa,11.3,96,11.0,10.8,0.0,99,3.8,6,19,heladas_invernales,4.5,0,bajo
2024-06-08,2024-06-08T20:00,Puno,Sandia,Sandia,211201,-14.3214,-69.4653,2170,12127,7034,58.0,True,papa,11.4,96,11.1,10.7,0.0,100,3.5,6,20,heladas_invernales,4.5,0,bajo
2024-06-08,2024-06-08T21:00,Puno,Sandia,Sandia,211201,-14.3214,-69.4653,2170,12127,7034,58.0,True,papa,10.7,91,10.3,9.4,0.0,99,1.8,6,21,heladas_invernales,4.5,0,bajo
2024-06-08,2024-06-08T22:00,Puno,Sandia,Sandia,211201,-14.3214,-69.4653,2170,12127,7034,58.0,True,papa,10.2,79,9.1,6.8,0.0,96,2.0,6,22,heladas_invernales,4.5,0,bajo
2024-06-08,2024-06-08T23:00,Puno,Sandia,Sandia,211201,-14.3214,-69.4653,2170,12127,7034,58.0,True,papa,9.1,69,7.3,3.8,0.0,98,2.0,6,23,heladas_invernales,4.5,0,bajo
2024-06-09,2024-06-09T00:00,Puno,Sandia,Sandia,211201,-14.3214,-69.4653,2170,12127,7034,58.0,True,papa,8.0,62,5.5,1.1,0.0,94,3.3,6,0,heladas_invernales,3.0,0,medio
2024-06-09,2024-06-09T01:00,Puno,Sandia,Sandia,211201,-14.3214,-69.4653,2170,12127,7034,58.0,True,papa,5.8,61,2.8,-1.2,0.0,95,4.3,6,1,heladas_invernales,3.0,0,medio
2024-06-09,2024-06-09T02:00,Puno,Sandia,Sandia,211201,-14.3214,-69.4653,2170,12127,7034,58.0,True,papa,4.0,62,0.9,-2.6,0.0,99,4.3,6,2,heladas_invernales,3.0,0,medio
2024-06-09,2024-06-09T03:00,Puno,Sandia,Sandia,211201,-14.3214,-69.4653,2170,12127,7034,58.0,True,papa,3.0,62,-0.1,-3.5,0.0,99,3.3,6,3,heladas_invernales,3.0,0,medio
2024-06-09,2024-06-09T04:00,Puno,Sandia,Sandia,211201,-14.3214,-69.4653,2170,12127,7034,58.0,True,papa,3.0,59,-0.2,-4.2,0.0,96,3.6,6,4,heladas_invernales,3.0,0,medio
2024-06-09,2024-06-09T05:00,Puno,Sandia,Sandia,211201,-14.3214,-69.4653,2170,12127,7034,58.0,True,papa,4.1,54,0.9,-4.3,0.0,95,3.8,6,5,heladas_invernales,3.0,0,medio
2024-06-09,2024-06-09T06:00,Puno,Sandia,Sandia,211201,-14.3214,-69.4653,2170,12127,7034,58.0,True,papa,5.3,50,2.0,-4.4,0.0,97,3.8,6,6,heladas_invernales,3.0,0,medio
2024-06-09,2024-06-09T07:00,Puno,Sandia,Sandia,211201,-14.3214,-69.4653,2170,12127,7034,58.0,True,papa,7.9,62,5.3,1.0,0.0,100,4.3,6,7,heladas_invernales,3.0,0,medio
2024-06-09,2024-06-09T08:00,Puno,Sandia,Sandia,211201,-14.3214,-69.4653,2170,12127,7034,58.0,True,papa,14.2,65,12.9,7.7,0.0,100,4.6,6,8,heladas_invernales,3.0,0,medio
2024-06-09,2024-06-09T09:00,Puno,Sandia,Sandia,211201,-14.3214,-69.4653,2170,12127,7034,58.0,True,papa,16.6,56,15.3,7.8,0.0,100,4.6,6,9,heladas_invernales,3.0,0,medio
2024-06-09,2024-06-09T10:00,Puno,Sandia,Sandia,211201,-14.3214,-69.4653,2170,12127,7034,58.0,True,papa,17.0,75,17.0,12.6,0.0,100,5.5,6,10,heladas_invernales,3.0,0,medio
2024-06-09,2024-06-09T11:00,Puno,Sandia,Sandia,211201,-14.3214,-69.4653,2170,12127,7034,58.0,True,papa,17.5,77,17.9,13.5,0.0,100,6.0,6,11,heladas_invernales,3.0,0,medio
2024-06-09,2024-06-09T12:00,Puno,Sandia,Sandia,211201,-14.3214,-69.4653,2170,12127,7034,58.0,True,papa,18.1,79,18.9,14.4,0.2,100,7.7,6,12,heladas_invernales,3.0,0,medio
2024-06-09,2024-06-09T13:00,Puno,Sandia,Sandia,211201,-14.3214,-69.4653,2170,12127,7034,58.0,True,papa,18.2,80,18.7,14.6,0.2,100,9.0,6,13,heladas_invernales,3.0,0,medio
2024-06-09,2024-06-09T14:00,Puno,Sandia,Sandia,211201,-14.3214,-69.4653,2170,12127,7034,58.0,True,papa,18.8,77,19.5,14.7,0.2,100,8.3,6,14,heladas_invernales,3.0,0,medio
2024-06-09,2024-06-09T15:00,Puno,Sandia,Sandia,211201,-14.3214,-69.4653,2170,12127,7034,58.0,True,papa,17.8,82,18.2,14.7,0.1,100,7.8,6,15,heladas_invernales,3.0,0,medio
2024-06-09,2024-06-09T16:00,Puno,Sandia,Sandia,211201,-14.3214,-69.4653,2170,12127,7034,58.0,True,papa,16.7,87,17.5,14.6,0.1,100,5.2,6,16,heladas_invernales,3.0,0,medio
2024-06-09,2024-06-09T17:00,Puno,Sandia,Sandia,211201,-14.3214,-69.4653,2170,12127,7034,58.0,True,papa,14.4,99,15.3,14.2,0.0,100,3.3,6,17,heladas_invernales,3.0,0,medio
2024-06-09,2024-06-09T18:00,Puno,Sandia,Sandia,211201,-14.3214,-69.4653,2170,12127,7034,58.0,True,papa,14.7,99,16.0,14.6,0.0,100,1.5,6,18,heladas_invernales,3.0,0,medio
2024-06-09,2024-06-09T19:00,Puno,Sandia,Sandia,211201,-14.3214,-69.4653,2170,12127,7034,58.0,True,papa,14.7,98,16.0,14.4,0.0,100,1.5,6,19,heladas_invernales,3.0,0,medio
2024-06-09,2024-06-09T20:00,Puno,Sandia,Sandia,211201,-14.3214,-69.4653,2170,12127,7034,58.0,True,papa,14.0,95,14.8,13.3,0.0,100,2.2,6,20,heladas_invernales,3.0,0,medio
2024-06-09,2024-06-09T21:00,Puno,Sandia,Sandia,211201,-14.3214,-69.4653,2170,12127,7034,58.0,True,papa,13.0,97,13.5,12.5,0.0,100,2.3,6,21,heladas_invernales,3.0,0,medio
2024-06-09,2024-06-09T22:00,Puno,Sandia,Sandia,211201,-14.3214,-69.4653,2170,12127,7034,58.0,True,papa,12.0,94,11.7,11.1,0.0,98,4.4,6,22,heladas_invernales,3.0,0,medio
2024-06-09,2024-06-09T23:00,Puno,Sandia,Sandia,211201,-14.3214,-69.4653,2170,12127,7034,58.0,True,papa,9.4,87,8.2,7.3,0.0,60,3.3,6,23,heladas_invernales,3.0,0,medio
2024-06-10,2024-06-10T00:00,Puno,Sandia,Sandia,211201,-14.3214,-69.4653,2170,12127,7034,58.0,True,papa,7.5,76,5.5,3.6,0.0,49,3.3,6,0,heladas_invernales,3.6,0,bajo
2024-06-10,2024-06-10T01:00,Puno,Sandia,Sandia,211201,-14.3214,-69.4653,2170,12127,7034,58.0,True,papa,6.3,71,3.9,1.4,0.0,32,3.6,6,1,heladas_invernales,3.6,0,bajo
2024-06-10,2024-06-10T02:00,Puno,Sandia,Sandia,211201,-14.3214,-69.4653,2170,12127,7034,58.0,True,papa,5.4,71,2.7,0.6,0.0,13,4.3,6,2,heladas_invernales,3.6,0,bajo
2024-06-10,2024-06-10T03:00,Puno,Sandia,Sandia,211201,-14.3214,-69.4653,2170,12127,7034,58.0,True,papa,4.7,71,1.9,-0.1,0.0,20,4.6,6,3,heladas_invernales,3.6,0,bajo
2024-06-10,2024-06-10T04:00,Puno,Sandia,Sandia,211201,-14.3214,-69.4653,2170,12127,7034,58.0,True,papa,4.6,68,1.7,-0.8,0.0,31,4.6,6,4,heladas_invernales,3.6,0,bajo
2024-06-10,2024-06-10T05:00,Puno,Sandia,Sandia,211201,-14.3214,-69.4653,2170,12127,7034,58.0,True,papa,4.1,68,1.0,-1.2,0.0,24,5.4,6,5,heladas_invernales,3.6,0,bajo
2024-06-10,2024-06-10T06:00,Puno,Sandia,Sandia,211201,-14.3214,-69.4653,2170,12127,7034,58.0,True,papa,3.6,70,0.5,-1.4,0.0,20,5.4,6,6,heladas_invernales,3.6,0,bajo
2024-06-10,2024-06-10T07:00,Puno,Sandia,Sandia,211201,-14.3214,-69.4653,2170,12127,7034,58.0,True,papa,7.0,74,4.8,2.6,0.0,51,3.6,6,7,heladas_invernales,3.6,0,bajo
2024-06-10,2024-06-10T08:00,Puno,Sandia,Sandia,211201,-14.3214,-69.4653,2170,12127,7034,58.0,True,papa,15.1,63,14.2,8.1,0.0,94,2.9,6,8,heladas_invernales,3.6,0,bajo
2024-06-10,2024-06-10T09:00,Puno,Sandia,Sandia,211201,-14.3214,-69.4653,2170,12127,7034,58.0,True,papa,17.9,49,16.5,7.1,0.0,65,4.2,6,9,heladas_invernales,3.6,0,bajo
2024-06-10,2024-06-10T10:00,Puno,Sandia,Sandia,211201,-14.3214,-69.4653,2170,12127,7034,58.0,True,papa,19.1,56,19.0,10.0,0.0,22,6.1,6,10,heladas_invernales,3.6,0,bajo
2024-06-10,2024-06-10T11:00,Puno,Sandia,Sandia,211201,-14.3214,-69.4653,2170,12127,7034,58.0,True,papa,19.7,62,20.8,12.1,0.0,22,6.6,6,11,heladas_invernales,3.6,0,bajo
2024-06-10,2024-06-10T12:00,Puno,Sandia,Sandia,211201,-14.3214,-69.4653,2170,12127,7034,58.0,True,papa,20.2,62,21.7,12.7,0.0,58,6.6,6,12,heladas_invernales,3.6,0,bajo
2024-06-10,2024-06-10T13:00,Puno,Sandia,Sandia,211201,-14.3214,-69.4653,2170,12127,7034,58.0,True,papa,20.3,63,21.8,13.0,0.0,26,6.6,6,13,heladas_invernales,3.6,0,bajo
2024-06-10,2024-06-10T14:00,Puno,Sandia,Sandia,211201,-14.3214,-69.4653,2170,12127,7034,58.0,True,papa,19.9,64,20.7,13.0,0.0,33,6.4,6,14,heladas_invernales,3.6,0,bajo
2024-06-10,2024-06-10T15:00,Puno,Sandia,Sandia,211201,-14.3214,-69.4653,2170,12127,7034,58.0,True,papa,19.2,68,19.4,13.1,0.0,72,5.5,6,15,heladas_invernales,3.6,0,bajo
2024-06-10,2024-06-10T16:00,Puno,Sandia,Sandia,211201,-14.3214,-69.4653,2170,12127,7034,58.0,True,papa,17.9,74,18.2,13.1,0.0,46,5.1,6,16,heladas_invernales,3.6,0,bajo
2024-06-10,2024-06-10T17:00,Puno,Sandia,Sandia,211201,-14.3214,-69.4653,2170,12127,7034,58.0,True,papa,15.3,91,16.1,13.8,0.0,60,3.1,6,17,heladas_invernales,3.6,0,bajo
2024-06-10,2024-06-10T18:00,Puno,Sandia,Sandia,211201,-14.3214,-69.4653,2170,12127,7034,58.0,True,papa,13.1,97,13.7,12.7,0.0,40,2.2,6,18,heladas_invernales,3.6,0,bajo
2024-06-10,2024-06-10T19:00,Puno,Sandia,Sandia,211201,-14.3214,-69.4653,2170,12127,7034,58.0,True,papa,12.3,97,12.7,11.9,0.0,38,1.1,6,19,heladas_invernales,3.6,0,bajo
2024-06-10,2024-06-10T20:00,Puno,Sandia,Sandia,211201,-14.3214,-69.4653,2170,12127,7034,58.0,True,papa,12.3,95,12.5,11.5,0.0,40,2.1,6,20,heladas_invernales,3.6,0,bajo
2024-06-10,2024-06-10T21:00,Puno,Sandia,Sandia,211201,-14.3214,-69.4653,2170,12127,7034,58.0,True,papa,12.6,93,12.5,11.5,0.0,100,3.4,6,21,heladas_invernales,3.6,0,bajo
2024-06-10,2024-06-10T22:00,Puno,Sandia,Sandia,211201,-14.3214,-69.4653,2170,12127,7034,58.0,True,papa,12.8,91,13.1,11.4,0.0,100,1.3,6,22,heladas_invernales,3.6,0,bajo
2024-06-10,2024-06-10T23:00,Puno,Sandia,Sandia,211201,-14.3214,-69.4653,2170,12127,7034,58.0,True,papa,13.8,92,14.4,12.6,0.1,100,1.6,6,23,heladas_invernales,3.6,0,bajo
2024-06-11,2024-06-11T00:00,Puno,Sandia,Sandia,211201,-14.3214,-69.4653,2170,12127,7034,58.0,True,papa,13.9,96,14.7,13.3,0.3,100,1.8,6,0,heladas_invernales,12.0,0,bajo
2024-06-11,2024-06-11T01:00,Puno,Sandia,Sandia,211201,-14.3214,-69.4653,2170,12127,7034,58.0,True,papa,13.6,100,14.6,13.6,0.4,100,1.5,6,1,heladas_invernales,12.0,0,bajo
2024-06-11,2024-06-11T02:00,Puno,Sandia,Sandia,211201,-14.3214,-69.4653,2170,12127,7034,58.0,True,papa,13.7,99,14.5,13.5,0.1,100,2.2,6,2,heladas_invernales,12.0,0,bajo
2024-06-11,2024-06-11T03:00,Puno,Sandia,Sandia,211201,-14.3214,-69.4653,2170,12127,7034,58.0,True,papa,14.0,93,14.3,12.9,0.0,100,3.8,6,3,heladas_invernales,12.0,0,bajo
2024-06-11,2024-06-11T04:00,Puno,Sandia,Sandia,211201,-14.3214,-69.4653,2170,12127,7034,58.0,True,papa,14.2,87,14.6,12.1,0.0,100,2.2,6,4,heladas_invernales,12.0,0,bajo
2024-06-11,2024-06-11T05:00,Puno,Sandia,Sandia,211201,-14.3214,-69.4653,2170,12127,7034,58.0,True,papa,13.9,87,14.2,11.8,0.0,100,2.1,6,5,heladas_invernales,12.0,0,bajo
2024-06-11,2024-06-11T06:00,Puno,Sandia,Sandia,211201,-14.3214,-69.4653,2170,12127,7034,58.0,True,papa,13.2,88,13.3,11.3,0.0,99,2.2,6,6,heladas_invernales,12.0,0,bajo
2024-06-11,2024-06-11T07:00,Puno,Sandia,Sandia,211201,-14.3214,-69.4653,2170,12127,7034,58.0,True,papa,13.0,87,12.9,10.8,0.0,99,2.8,6,7,heladas_invernales,12.0,0,bajo
2024-06-11,2024-06-11T08:00,Puno,Sandia,Sandia,211201,-14.3214,-69.4653,2170,12127,7034,58.0,True,papa,15.6,85,16.2,13.0,0.0,100,2.0,6,8,heladas_invernales,12.0,0,bajo
2024-06-11,2024-06-11T09:00,Puno,Sandia,Sandia,211201,-14.3214,-69.4653,2170,12127,7034,58.0,True,papa,17.4,80,18.1,13.8,0.0,100,3.5,6,9,heladas_invernales,12.0,0,bajo
2024-06-11,2024-06-11T10:00,Puno,Sandia,Sandia,211201,-14.3214,-69.4653,2170,12127,7034,58.0,True,papa,18.9,73,19.5,13.8,0.1,100,5.6,6,10,heladas_invernales,12.0,0,bajo
2024-06-11,2024-06-11T11:00,Puno,Sandia,Sandia,211201,-14.3214,-69.4653,2170,12127,7034,58.0,True,papa,19.1,74,19.8,14.3,0.3,93,6.4,6,11,heladas_invernales,12.0,0,bajo
2024-06-11,2024-06-11T12:00,Puno,Sandia,Sandia,211201,-14.3214,-69.4653,2170,12127,7034,58.0,True,papa,19.4,72,20.3,14.2,0.2,100,5.9,6,12,heladas_invernales,12.0,0,bajo
2024-06-11,2024-06-11T13:00,Puno,Sandia,Sandia,211201,-14.3214,-69.4653,2170,12127,7034,58.0,True,papa,19.8,69,20.5,14.0,0.1,99,6.1,6,13,heladas_invernales,12.0,0,bajo
2024-06-11,2024-06-11T14:00,Puno,Sandia,Sandia,211201,-14.3214,-69.4653,2170,12127,7034,58.0,True,papa,20.0,69,21.0,14.1,0.1,100,6.3,6,14,heladas_invernales,12.0,0,bajo
2024-06-11,2024-06-11T15:00,Puno,Sandia,Sandia,211201,-14.3214,-69.4653,2170,12127,7034,58.0,True,papa,18.9,75,19.5,14.4,0.1,100,6.1,6,15,heladas_invernales,12.0,0,bajo
2024-06-11,2024-06-11T16:00,Puno,Sandia,Sandia,211201,-14.3214,-69.4653,2170,12127,7034,58.0,True,papa,17.2,88,18.2,15.2,0.2,100,5.4,6,16,heladas_invernales,12.0,0,bajo
2024-06-11,2024-06-11T17:00,Puno,Sandia,Sandia,211201,-14.3214,-69.4653,2170,12127,7034,58.0,True,papa,16.0,97,17.5,15.5,0.1,97,3.0,6,17,heladas_invernales,12.0,0,bajo
2024-06-11,2024-06-11T18:00,Puno,Sandia,Sandia,211201,-14.3214,-69.4653,2170,12127,7034,58.0,True,papa,14.6,100,16.1,14.6,0.0,100,0.5,6,18,heladas_invernales,12.0,0,bajo
2024-06-11,2024-06-11T19:00,Puno,Sandia,Sandia,211201,-14.3214,-69.4653,2170,12127,7034,58.0,True,papa,14.1,99,15.0,14.0,0.0,100,2.7,6,19,heladas_invernales,12.0,0,bajo
2024-06-11,2024-06-11T20:00,Puno,Sandia,Sandia,211201,-14.3214,-69.4653,2170,12127,7034,58.0,True,papa,12.8,96,13.3,12.3,0.0,23,1.3,6,20,heladas_invernales,12.0,0,bajo
2024-06-11,2024-06-11T21:00,Puno,Sandia,Sandia,211201,-14.3214,-69.4653,2170,12127,7034,58.0,True,papa,12.0,97,12.4,11.5,0.0,100,0.5,6,21,heladas_invernales,12.0,0,bajo
2024-06-11,2024-06-11T22:00,Puno,Sandia,Sandia,211201,-14.3214,-69.4653,2170,12127,7034,58.0,True,papa,12.1,95,12.2,11.3,0.0,100,1.5,6,22,heladas_invernales,12.0,0,bajo
2024-06-11,2024-06-11T23:00,Puno,Sandia,Sandia,211201,-14.3214,-69.4653,2170,12127,7034,58.0,True,papa,13.0,90,13.2,11.3,0.0,100,1.5,6,23,heladas_invernales,12.0,0,bajo
2024-06-12,2024-06-12T00:00,Puno,Sandia,Sandia,211201,-14.3214,-69.4653,2170,12127,7034,58.0,True,papa,13.4,86,13.4,11.2,0.0,100,2.8,6,0,heladas_invernales,8.0,0,bajo
2024-06-12,2024-06-12T01:00,Puno,Sandia,Sandia,211201,-14.3214,-69.4653,2170,12127,7034,58.0,True,papa,14.0,85,14.1,11.5,0.0,99,2.8,6,1,heladas_invernales,8.0,0,bajo
2024-06-12,2024-06-12T02:00,Puno,Sandia,Sandia,211201,-14.3214,-69.4653,2170,12127,7034,58.0,True,papa,12.2,86,11.9,9.9,0.0,99,2.0,6,2,heladas_invernales,8.0,0,bajo
2024-06-12,2024-06-12T03:00,Puno,Sandia,Sandia,211201,-14.3214,-69.4653,2170,12127,7034,58.0,True,papa,10.5,85,9.5,8.0,0.0,92,3.3,6,3,heladas_invernales,8.0,0,bajo
2024-06-12,2024-06-12T04:00,Puno,Sandia,Sandia,211201,-14.3214,-69.4653,2170,12127,7034,58.0,True,papa,9.3,84,8.0,6.8,0.0,45,3.3,6,4,heladas_invernales,8.0,0,bajo
2024-06-12,2024-06-12T05:00,Puno,Sandia,Sandia,211201,-14.3214,-69.4653,2170,12127,7034,58.0,True,papa,8.7,82,7.2,5.8,0.0,37,3.6,6,5,heladas_invernales,8.0,0,bajo
2024-06-12,2024-06-12T06:00,Puno,Sandia,Sandia,211201,-14.3214,-69.4653,2170,12127,7034,58.0,True,papa,8.0,81,6.2,4.9,0.0,14,3.8,6,6,heladas_invernales,8.0,0,bajo
2024-06-12,2024-06-12T07:00,Puno,Sandia,Sandia,211201,-14.3214,-69.4653,2170,12127,7034,58.0,True,papa,11.0,78,9.8,7.2,0.0,75,3.1,6,7,heladas_invernales,8.0,0,bajo
2024-06-12,2024-06-12T08:00,Puno,Sandia,Sandia,211201,-14.3214,-69.4653,2170,12127,7034,58.0,True,papa,16.7,66,16.6,10.3,0.0,92,1.5,6,8,heladas_invernales,8.0,0,bajo
2024-06-12,2024-06-12T09:00,Puno,Sandia,Sandia,211201,-14.3214,-69.4653,2170,12127,7034,58.0,True,papa,18.3,71,18.6,12.8,0.0,16,4.2,6,9,heladas_invernales,8.0,0,bajo
2024-06-12,2024-06-12T10:00,Puno,Sandia,Sandia,211201,-14.3214,-69.4653,2170,12127,7034,58.0,True,papa,19.4,68,19.9,13.4,0.0,56,5.9,6,10,heladas_invernales,8.0,0,bajo
2024-06-12,2024-06-12T11:00,Puno,Sandia,Sandia,211201,-14.3214,-69.4653,2170,12127,7034,58.0,True,papa,20.0,69,20.7,14.1,0.2,95,8.4,6,11,heladas_invernales,8.0,0,bajo
2024-06-12,2024-06-12T12:00,Puno,Sandia,Sandia,211201,-14.3214,-69.4653,2170,12127,7034,58.0,True,papa,19.3,75,19.6,14.7,0.2,100,8.6,6,12,heladas_invernales,8.0,0,bajo
2024-06-12,2024-06-12T13:00,Puno,Sandia,Sandia,211201,-14.3214,-69.4653,2170,12127,7034,58.0,True,papa,19.2,77,19.9,15.1,0.1,100,6.9,6,13,heladas_invernales,8.0,0,bajo
2024-06-12,2024-06-12T14:00,Puno,Sandia,Sandia,211201,-14.3214,-69.4653,2170,12127,7034,58.0,True,papa,19.7,75,20.3,15.2,0.1,100,7.9,6,14,heladas_invernales,8.0,0,bajo
2024-06-12,2024-06-12T15:00,Puno,Sandia,Sandia,211201,-14.3214,-69.4653,2170,12127,7034,58.0,True,papa,18.7,81,19.6,15.4,0.1,100,6.3,6,15,heladas_invernales,8.0,0,bajo
2024-06-12,2024-06-12T16:00,Puno,Sandia,Sandia,211201,-14.3214,-69.4653,2170,12127,7034,58.0,True,papa,18.0,85,19.1,15.4,0.1,95,4.7,6,16,heladas_invernales,8.0,0,bajo
2024-06-12,2024-06-12T17:00,Puno,Sandia,Sandia,211201,-14.3214,-69.4653,2170,12127,7034,58.0,True,papa,16.7,94,18.3,15.7,0.0,89,2.4,6,17,heladas_invernales,8.0,0,bajo
2024-06-12,2024-06-12T18:00,Puno,Sandia,Sandia,211201,-14.3214,-69.4653,2170,12127,7034,58.0,True,papa,15.9,99,17.8,15.7,0.0,100,0.4,6,18,heladas_invernales,8.0,0,bajo
2024-06-12,2024-06-12T19:00,Puno,Sandia,Sandia,211201,-14.3214,-69.4653,2170,12127,7034,58.0,True,papa,14.8,100,16.2,14.8,0.0,100,1.8,6,19,heladas_invernales,8.0,0,bajo
2024-06-12,2024-06-12T20:00,Puno,Sandia,Sandia,211201,-14.3214,-69.4653,2170,12127,7034,58.0,True,papa,13.3,100,14.1,13.2,0.0,100,1.5,6,20,heladas_invernales,8.0,0,bajo
2024-06-12,2024-06-12T21:00,Puno,Sandia,Sandia,211201,-14.3214,-69.4653,2170,12127,7034,58.0,True,papa,13.8,98,14.6,13.6,0.0,100,2.5,6,21,heladas_invernales,8.0,0,bajo
2024-06-12,2024-06-12T22:00,Puno,Sandia,Sandia,211201,-14.3214,-69.4653,2170,12127,7034,58.0,True,papa,13.9,96,14.7,13.3,0.0,100,2.1,6,22,heladas_invernales,8.0,0,bajo
2024-06-12,2024-06-12T23:00,Puno,Sandia,Sandia,211201,-14.3214,-69.4653,2170,12127,7034,58.0,True,papa,14.5,92,15.0,13.2,0.1,100,3.4,6,23,heladas_invernales,8.0,0,bajo
2024-06-13,2024-06-13T00:00,Puno,Sandia,Sandia,211201,-14.3214,-69.4653,2170,12127,7034,58.0,True,papa,15.0,88,15.5,13.1,0.0,100,3.3,6,0,heladas_invernales,9.4,0,bajo
2024-06-13,2024-06-13T01:00,Puno,Sandia,Sandia,211201,-14.3214,-69.4653,2170,12127,7034,58.0,True,papa,14.5,89,15.0,12.7,0.0,99,2.6,6,1,heladas_invernales,9.4,0,bajo
2024-06-13,2024-06-13T02:00,Puno,Sandia,Sandia,211201,-14.3214,-69.4653,2170,12127,7034,58.0,True,papa,14.1,87,14.4,11.9,0.0,64,2.3,6,2,heladas_invernales,9.4,0,bajo
2024-06-13,2024-06-13T03:00,Puno,Sandia,Sandia,211201,-14.3214,-69.4653,2170,12127,7034,58.0,True,papa,12.8,85,12.5,10.4,0.0,11,2.8,6,3,heladas_invernales,9.4,0,bajo
2024-06-13,2024-06-13T04:00,Puno,Sandia,Sandia,211201,-14.3214,-69.4653,2170,12127,7034,58.0,True,papa,11.6,83,10.7,8.8,0.0,77,4.1,6,4,heladas_invernales,9.4,0,bajo
2024-06-13,2024-06-13T05:00,Puno,Sandia,Sandia,211201,-14.3214,-69.4653,2170,12127,7034,58.0,True,papa,10.2,86,9.1,7.9,0.0,52,4.1,6,5,heladas_invernales,9.4,0,bajo
2024-06-13,2024-06-13T06:00,Puno,Sandia,Sandia,211201,-14.3214,-69.4653,2170,12127,7034,58.0,True,papa,9.4,86,7.9,7.3,0.0,99,5.6,6,6,heladas_invernales,9.4,0,bajo
2024-06-13,2024-06-13T07:00,Puno,Sandia,Sandia,211201,-14.3214,-69.4653,2170,12127,7034,58.0,True,papa,11.4,83,10.1,8.7,0.0,74,6.6,6,7,heladas_invernales,9.4,0,bajo
2024-06-13,2024-06-13T08:00,Puno,Sandia,Sandia,211201,-14.3214,-69.4653,2170,12127,7034,58.0,True,papa,16.8,73,16.7,11.9,0.0,23,4.6,6,8,heladas_invernales,9.4,0,bajo
2024-06-13,2024-06-13T09:00,Puno,Sandia,Sandia,211201,-14.3214,-69.4653,2170,12127,7034,58.0,True,papa,18.7,74,19.5,14.0,0.0,31,3.4,6,9,heladas_invernales,9.4,0,bajo
2024-06-13,2024-06-13T10:00,Puno,Sandia,Sandia,211201,-14.3214,-69.4653,2170,12127,7034,58.0,True,papa,20.1,70,21.3,14.5,0.1,97,6.2,6,10,heladas_invernales,9.4,0,bajo
2024-06-13,2024-06-13T11:00,Puno,Sandia,Sandia,211201,-14.3214,-69.4653,2170,12127,7034,58.0,True,papa,19.7,76,20.4,15.3,0.7,100,7.1,6,11,heladas_invernales,9.4,0,bajo
2024-06-13,2024-06-13T12:00,Puno,Sandia,Sandia,211201,-14.3214,-69.4653,2170,12127,7034,58.0,True,papa,19.0,85,20.3,16.4,0.7,100,6.4,6,12,heladas_invernales,9.4,0,bajo
2024-06-13,2024-06-13T13:00,Puno,Sandia,Sandia,211201,-14.3214,-69.4653,2170,12127,7034,58.0,True,papa,19.1,84,20.2,16.3,1.0,100,7.4,6,13,heladas_invernales,9.4,0,bajo
2024-06-13,2024-06-13T14:00,Puno,Sandia,Sandia,211201,-14.3214,-69.4653,2170,12127,7034,58.0,True,papa,17.4,99,18.8,17.3,1.3,100,8.0,6,14,heladas_invernales,9.4,0,bajo
2024-06-13,2024-06-13T15:00,Puno,Sandia,Sandia,211201,-14.3214,-69.4653,2170,12127,7034,58.0,True,papa,16.9,100,18.4,16.9,1.0,100,6.8,6,15,heladas_invernales,9.4,0,bajo
2024-06-13,2024-06-13T16:00,Puno,Sandia,Sandia,211201,-14.3214,-69.4653,2170,12127,7034,58.0,True,papa,16.4,100,17.7,16.4,0.6,100,6.4,6,16,heladas_invernales,9.4,0,bajo
2024-06-13,2024-06-13T17:00,Puno,Sandia,Sandia,211201,-14.3214,-69.4653,2170,12127,7034,58.0,True,papa,15.9,100,17.3,15.9,0.2,100,4.3,6,17,heladas_invernales,9.4,0,bajo
2024-06-13,2024-06-13T18:00,Puno,Sandia,Sandia,211201,-14.3214,-69.4653,2170,12127,7034,58.0,True,papa,15.6,100,17.2,15.6,0.0,100,2.3,6,18,heladas_invernales,9.4,0,bajo
2024-06-13,2024-06-13T19:00,Puno,Sandia,Sandia,211201,-14.3214,-69.4653,2170,12127,7034,58.0,True,papa,14.4,100,15.4,14.4,0.0,100,3.6,6,19,heladas_invernales,9.4,0,bajo
2024-06-13,2024-06-13T20:00,Puno,Sandia,Sandia,211201,-14.3214,-69.4653,2170,12127,7034,58.0,True,papa,14.4,100,15.5,14.4,0.0,100,2.5,6,20,heladas_invernales,9.4,0,bajo
2024-06-13,2024-06-13T21:00,Puno,Sandia,Sandia,211201,-14.3214,-69.4653,2170,12127,7034,58.0,True,papa,13.5,100,13.9,13.5,0.0,100,5.4,6,21,heladas_invernales,9.4,0,bajo
2024-06-13,2024-06-13T22:00,Puno,Sandia,Sandia,211201,-14.3214,-69.4653,2170,12127,7034,58.0,True,papa,13.8,100,14.5,13.7,0.0,100,3.4,6,22,heladas_invernales,9.4,0,bajo
2024-06-13,2024-06-13T23:00,Puno,Sandia,Sandia,211201,-14.3214,-69.4653,2170,12127,7034,58.0,True,papa,13.8,99,14.7,13.7,0.1,100,1.8,6,23,heladas_invernales,9.4,0,bajo
2024-06-14,2024-06-14T00:00,Puno,Sandia,Sandia,211201,-14.3214,-69.4653,2170,12127,7034,58.0,True,papa,13.9,99,14.9,13.8,0.2,100,1.6,6,0,heladas_invernales,13.5,0,bajo
2024-06-14,2024-06-14T01:00,Puno,Sandia,Sandia,211201,-14.3214,-69.4653,2170,12127,7034,58.0,True,papa,14.2,100,15.2,14.2,0.1,100,2.9,6,1,heladas_invernales,13.5,0,bajo
2024-06-14,2024-06-14T02:00,Puno,Sandia,Sandia,211201,-14.3214,-69.4653,2170,12127,7034,58.0,True,papa,14.1,100,15.1,14.1,0.0,100,2.5,6,2,heladas_invernales,13.5,0,bajo
2024-06-14,2024-06-14T03:00,Puno,Sandia,Sandia,211201,-14.3214,-69.4653,2170,12127,7034,58.0,True,papa,13.7,100,14.4,13.7,0.0,100,3.2,6,3,heladas_invernales,13.5,0,bajo
2024-06-14,2024-06-14T04:00,Puno,Sandia,Sandia,211201,-14.3214,-69.4653,2170,12127,7034,58.0,True,papa,13.6,96,14.0,13.1,0.0,100,4.3,6,4,heladas_invernales,13.5,0,bajo
2024-06-14,2024-06-14T05:00,Puno,Sandia,Sandia,211201,-14.3214,-69.4653,2170,12127,7034,58.0,True,papa,13.7,98,14.2,13.4,0.0,100,4.1,6,5,heladas_invernales,13.5,0,bajo
2024-06-14,2024-06-14T06:00,Puno,Sandia,Sandia,211201,-14.3214,-69.4653,2170,12127,7034,58.0,True,papa,13.5,97,13.7,13.0,0.0,100,5.0,6,6,heladas_invernales,13.5,0,bajo
2024-06-14,2024-06-14T07:00,Puno,Sandia,Sandia,211201,-14.3214,-69.4653,2170,12127,7034,58.0,True,papa,14.4,93,14.7,13.3,0.0,100,5.0,6,7,heladas_invernales,13.5,0,bajo
2024-06-14,2024-06-14T08:00,Puno,Sandia,Sandia,211201,-14.3214,-69.4653,2170,12127,7034,58.0,True,papa,15.7,87,16.4,13.5,0.0,39,2.5,6,8,heladas_invernales,13.5,0,bajo
2024-06-14,2024-06-14T09:00,Puno,Sandia,Sandia,211201,-14.3214,-69.4653,2170,12127,7034,58.0,True,papa,17.3,82,18.3,14.2,0.0,68,2.3,6,9,heladas_invernales,13.5,0,bajo
2024-06-14,2024-06-14T10:00,Puno,Sandia,Sandia,211201,-14.3214,-69.4653,2170,12127,7034,58.0,True,papa,18.7,82,20.0,15.6,0.1,100,4.2,6,10,heladas_invernales,13.5,0,bajo
2024-06-14,2024-06-14T11:00,Puno,Sandia,Sandia,211201,-14.3214,-69.4653,2170,12127,7034,58.0,True,papa,18.2,88,19.7,16.1,1.4,100,4.3,6,11,heladas_invernales,13.5,0,bajo
2024-06-14,2024-06-14T12:00,Puno,Sandia,Sandia,211201,-14.3214,-69.4653,2170,12127,7034,58.0,True,papa,17.6,99,19.4,17.4,1.0,100,6.0,6,12,heladas_invernales,13.5,0,bajo
2024-06-14,2024-06-14T13:00,Puno,Sandia,Sandia,211201,-14.3214,-69.4653,2170,12127,7034,58.0,True,papa,18.1,88,19.2,16.1,0.6,90,6.7,6,13,heladas_invernales,13.5,0,bajo
2024-06-14,2024-06-14T14:00,Puno,Sandia,Sandia,211201,-14.3214,-69.4653,2170,12127,7034,58.0,True,papa,18.7,88,20.1,16.7,0.4,65,6.8,6,14,heladas_invernales,13.5,0,bajo
2024-06-14,2024-06-14T15:00,Puno,Sandia,Sandia,211201,-14.3214,-69.4653,2170,12127,7034,58.0,True,papa,18.4,92,19.9,17.0,0.4,100,7.1,6,15,heladas_invernales,13.5,0,bajo
2024-06-14,2024-06-14T16:00,Puno,Sandia,Sandia,211201,-14.3214,-69.4653,2170,12127,7034,58.0,True,papa,17.4,96,19.2,16.8,0.5,100,4.5,6,16,heladas_invernales,13.5,0,bajo
2024-06-14,2024-06-14T17:00,Puno,Sandia,Sandia,211201,-14.3214,-69.4653,2170,12127,7034,58.0,True,papa,16.7,99,18.3,16.5,0.2,100,4.7,6,17,heladas_invernales,13.5,0,bajo
2024-06-14,2024-06-14T18:00,Puno,Sandia,Sandia,211201,-14.3214,-69.4653,2170,12127,7034,58.0,True,papa,15.3,100,16.6,15.3,0.1,100,3.3,6,18,heladas_invernales,13.5,0,bajo
2024-06-14,2024-06-14T19:00,Puno,Sandia,Sandia,211201,-14.3214,-69.4653,2170,12127,7034,58.0,True,papa,15.4,100,17.0,15.4,0.0,100,1.8,6,19,heladas_invernales,13.5,0,bajo
2024-06-14,2024-06-14T20:00,Puno,Sandia,Sandia,211201,-14.3214,-69.4653,2170,12127,7034,58.0,True,papa,15.3,100,17.0,15.3,0.0,100,1.1,6,20,heladas_invernales,13.5,0,bajo
2024-06-14,2024-06-14T21:00,Puno,Sandia,Sandia,211201,-14.3214,-69.4653,2170,12127,7034,58.0,True,papa,14.9,100,16.3,14.9,0.0,100,1.6,6,21,heladas_invernales,13.5,0,bajo
2024-06-14,2024-06-14T22:00,Puno,Sandia,Sandia,211201,-14.3214,-69.4653,2170,12127,7034,58.0,True,papa,14.5,100,15.7,14.5,0.1,100,1.8,6,22,heladas_invernales,13.5,0,bajo
2024-06-14,2024-06-14T23:00,Puno,Sandia,Sandia,211201,-14.3214,-69.4653,2170,12127,7034,58.0,True,papa,14.1,100,15.0,14.1,0.1,100,2.5,6,23,heladas_invernales,13.5,0,bajo
2024-06-01,2024-06-01T00:00,Puno,Yunguyo,Yunguyo,211301,-16.25,-69.0833,3826,25095,10540,42.0,True,papa,8.4,49,5.1,-1.6,0.0,0,6.3,6,0,heladas_invernales,5.9,0,bajo
2024-06-01,2024-06-01T01:00,Puno,Yunguyo,Yunguyo,211301,-16.25,-69.0833,3826,25095,10540,42.0,True,papa,5.9,43,1.9,-5.8,0.0,0,8.0,6,1,heladas_invernales,5.9,0,bajo
2024-06-01,2024-06-01T02:00,Puno,Yunguyo,Yunguyo,211301,-16.25,-69.0833,3826,25095,10540,42.0,True,papa,6.4,39,2.5,-6.4,0.0,0,6.8,6,2,heladas_invernales,5.9,0,bajo
2024-06-01,2024-06-01T03:00,Puno,Yunguyo,Yunguyo,211301,-16.25,-69.0833,3826,25095,10540,42.0,True,papa,7.2,38,3.3,-6.3,0.0,0,6.6,6,3,heladas_invernales,5.9,0,bajo
2024-06-01,2024-06-01T04:00,Puno,Yunguyo,Yunguyo,211301,-16.25,-69.0833,3826,25095,10540,42.0,True,papa,6.2,49,2.5,-3.7,0.0,0,7.1,6,4,heladas_invernales,5.9,0,bajo
2024-06-01,2024-06-01T05:00,Puno,Yunguyo,Yunguyo,211301,-16.25,-69.0833,3826,25095,10540,42.0,True,papa,6.2,58,2.8,-1.5,0.0,0,6.9,6,5,heladas_invernales,5.9,0,bajo
2024-06-01,2024-06-01T06:00,Puno,Yunguyo,Yunguyo,211301,-16.25,-69.0833,3826,25095,10540,42.0,True,papa,6.4,64,3.2,-0.0,0.0,4,6.7,6,6,heladas_invernales,5.9,0,bajo
2024-06-01,2024-06-01T07:00,Puno,Yunguyo,Yunguyo,211301,-16.25,-69.0833,3826,25095,10540,42.0,True,papa,6.0,76,3.1,2.1,0.0,42,7.2,6,7,heladas_invernales,5.9,0,bajo
2024-06-01,2024-06-01T08:00,Puno,Yunguyo,Yunguyo,211301,-16.25,-69.0833,3826,25095,10540,42.0,True,papa,8.9,45,5.6,-2.5,0.0,2,5.7,6,8,heladas_invernales,5.9,0,bajo
2024-06-01,2024-06-01T09:00,Puno,Yunguyo,Yunguyo,211301,-16.25,-69.0833,3826,25095,10540,42.0,True,papa,10.3,37,6.6,-3.9,0.0,0,7.2,6,9,heladas_invernales,5.9,0,bajo
2024-06-01,2024-06-01T10:00,Puno,Yunguyo,Yunguyo,211301,-16.25,-69.0833,3826,25095,10540,42.0,True,papa,11.3,31,8.8,-5.3,0.0,0,5.4,6,10,heladas_invernales,5.9,0,bajo
2024-06-01,2024-06-01T11:00,Puno,Yunguyo,Yunguyo,211301,-16.25,-69.0833,3826,25095,10540,42.0,True,papa,12.2,26,10.9,-6.5,0.0,0,2.0,6,11,heladas_invernales,5.9,0,bajo
2024-06-01,2024-06-01T12:00,Puno,Yunguyo,Yunguyo,211301,-16.25,-69.0833,3826,25095,10540,42.0,True,papa,12.8,24,11.8,-7.1,0.0,1,1.8,6,12,heladas_invernales,5.9,0,bajo
2024-06-01,2024-06-01T13:00,Puno,Yunguyo,Yunguyo,211301,-16.25,-69.0833,3826,25095,10540,42.0,True,papa,13.2,22,11.4,-7.9,0.0,0,4.5,6,13,heladas_invernales,5.9,0,bajo
2024-06-01,2024-06-01T14:00,Puno,Yunguyo,Yunguyo,211301,-16.25,-69.0833,3826,25095,10540,42.0,True,papa,13.5,22,10.4,-8.1,0.0,0,7.9,6,14,heladas_invernales,5.9,0,bajo
2024-06-01,2024-06-01T15:00,Puno,Yunguyo,Yunguyo,211301,-16.25,-69.0833,3826,25095,10540,42.0,True,papa,13.8,20,9.3,-8.5,0.0,0,9.7,6,15,heladas_invernales,5.9,0,bajo
2024-06-01,2024-06-01T16:00,Puno,Yunguyo,Yunguyo,211301,-16.25,-69.0833,3826,25095,10540,42.0,True,papa,13.4,22,8.8,-7.7,0.0,0,10.0,6,16,heladas_invernales,5.9,0,bajo
2024-06-01,2024-06-01T17:00,Puno,Yunguyo,Yunguyo,211301,-16.25,-69.0833,3826,25095,10540,42.0,True,papa,12.2,26,8.2,-6.6,0.0,0,6.9,6,17,heladas_invernales,5.9,0,bajo
2024-06-01,2024-06-01T18:00,Puno,Yunguyo,Yunguyo,211301,-16.25,-69.0833,3826,25095,10540,42.0,True,papa,10.6,51,7.9,1.0,0.0,0,4.8,6,18,heladas_invernales,5.9,0,bajo
2024-06-01,2024-06-01T19:00,Puno,Yunguyo,Yunguyo,211301,-16.25,-69.0833,3826,25095,10540,42.0,True,papa,10.7,39,7.5,-2.8,0.0,0,5.0,6,19,heladas_invernales,5.9,0,bajo
2024-06-01,2024-06-01T20:00,Puno,Yunguyo,Yunguyo,211301,-16.25,-69.0833,3826,25095,10540,42.0,True,papa,8.7,51,5.5,-0.9,0.0,0,6.1,6,20,heladas_invernales,5.9,0,bajo
2024-06-01,2024-06-01T21:00,Puno,Yunguyo,Yunguyo,211301,-16.25,-69.0833,3826,25095,10540,42.0,True,papa,9.5,41,6.1,-3.0,0.0,0,5.6,6,21,heladas_invernales,5.9,0,bajo
2024-06-01,2024-06-01T22:00,Puno,Yunguyo,Yunguyo,211301,-16.25,-69.0833,3826,25095,10540,42.0,True,papa,10.2,41,7.0,-2.3,0.0,0,5.0,6,22,heladas_invernales,5.9,0,bajo
2024-06-01,2024-06-01T23:00,Puno,Yunguyo,Yunguyo,211301,-16.25,-69.0833,3826,25095,10540,42.0,True,papa,9.4,52,6.6,-0.0,0.0,0,4.4,6,23,heladas_invernales,5.9,0,bajo
2024-06-02,2024-06-02T00:00,Puno,Yunguyo,Yunguyo,211301,-16.25,-69.0833,3826,25095,10540,42.0,True,papa,8.8,67,6.7,2.9,0.0,0,2.7,6,0,heladas_invernales,6.0,0,bajo
2024-06-02,2024-06-02T01:00,Puno,Yunguyo,Yunguyo,211301,-16.25,-69.0833,3826,25095,10540,42.0,True,papa,8.4,77,6.9,4.6,0.0,0,1.5,6,1,heladas_invernales,6.0,0,bajo
2024-06-02,2024-06-02T02:00,Puno,Yunguyo,Yunguyo,211301,-16.25,-69.0833,3826,25095,10540,42.0,True,papa,8.2,89,6.9,6.4,0.0,0,2.6,6,2,heladas_invernales,6.0,0,bajo
2024-06-02,2024-06-02T03:00,Puno,Yunguyo,Yunguyo,211301,-16.25,-69.0833,3826,25095,10540,42.0,True,papa,7.9,99,6.7,7.7,0.0,0,4.4,6,3,heladas_invernales,6.0,0,bajo
2024-06-02,2024-06-02T04:00,Puno,Yunguyo,Yunguyo,211301,-16.25,-69.0833,3826,25095,10540,42.0,True,papa,7.7,100,6.3,7.7,0.0,93,5.4,6,4,heladas_invernales,6.0,0,bajo
2024-06-02,2024-06-02T05:00,Puno,Yunguyo,Yunguyo,211301,-16.25,-69.0833,3826,25095,10540,42.0,True,papa,6.9,100,5.3,6.9,0.0,93,4.8,6,5,heladas_invernales,6.0,0,bajo
2024-06-02,2024-06-02T06:00,Puno,Yunguyo,Yunguyo,211301,-16.25,-69.0833,3826,25095,10540,42.0,True,papa,6.2,100,4.5,6.2,0.0,93,5.4,6,6,heladas_invernales,6.0,0,bajo
2024-06-02,2024-06-02T07:00,Puno,Yunguyo,Yunguyo,211301,-16.25,-69.0833,3826,25095,10540,42.0,True,papa,6.0,100,4.2,6.0,0.0,98,5.7,6,7,heladas_invernales,6.0,0,bajo
2024-06-02,2024-06-02T08:00,Puno,Yunguyo,Yunguyo,211301,-16.25,-69.0833,3826,25095,10540,42.0,True,papa,7.9,65,5.6,1.8,0.0,0,3.5,6,8,heladas_invernales,6.0,0,bajo
2024-06-02,2024-06-02T09:00,Puno,Yunguyo,Yunguyo,211301,-16.25,-69.0833,3826,25095,10540,42.0,True,papa,10.3,41,7.2,-2.4,0.0,0,4.1,6,9,heladas_invernales,6.0,0,bajo
2024-06-02,2024-06-02T10:00,Puno,Yunguyo,Yunguyo,211301,-16.25,-69.0833,3826,25095,10540,42.0,True,papa,11.7,35,9.8,-3.4,0.0,0,2.9,6,10,heladas_invernales,6.0,0,bajo
2024-06-02,2024-06-02T11:00,Puno,Yunguyo,Yunguyo,211301,-16.25,-69.0833,3826,25095,10540,42.0,True,papa,12.7,31,11.5,-3.8,0.0,0,2.8,6,11,heladas_invernales,6.0,0,bajo
2024-06-02,2024-06-02T12:00,Puno,Yunguyo,Yunguyo,211301,-16.25,-69.0833,3826,25095,10540,42.0,True,papa,13.4,31,12.6,-3.5,0.0,0,1.8,6,12,heladas_invernales,6.0,0,bajo
2024-06-02,2024-06-02T13:00,Puno,Yunguyo,Yunguyo,211301,-16.25,-69.0833,3826,25095,10540,42.0,True,papa,13.8,32,13.2,-2.7,0.0,0,0.4,6,13,heladas_invernales,6.0,0,bajo
2024-06-02,2024-06-02T14:00,Puno,Yunguyo,Yunguyo,211301,-16.25,-69.0833,3826,25095,10540,42.0,True,papa,14.2,31,12.7,-2.8,0.0,59,1.0,6,14,heladas_invernales,6.0,0,bajo
2024-06-02,2024-06-02T15:00,Puno,Yunguyo,Yunguyo,211301,-16.25,-69.0833,3826,25095,10540,42.0,True,papa,14.4,26,11.5,-5.1,0.0,93,1.4,6,15,heladas_invernales,6.0,0,bajo
2024-06-02,2024-06-02T16:00,Puno,Yunguyo,Yunguyo,211301,-16.25,-69.0833,3826,25095,10540,42.0,True,papa,14.1,23,10.6,-6.7,0.0,52,3.8,6,16,heladas_invernales,6.0,0,bajo
2024-06-02,2024-06-02T17:00,Puno,Yunguyo,Yunguyo,211301,-16.25,-69.0833,3826,25095,10540,42.0,True,papa,13.3,28,9.7,-4.7,0.0,0,5.8,6,17,heladas_invernales,6.0,0,bajo
2024-06-02,2024-06-02T18:00,Puno,Yunguyo,Yunguyo,211301,-16.25,-69.0833,3826,25095,10540,42.0,True,papa,11.8,48,8.6,1.2,0.0,0,8.7,6,18,heladas_invernales,6.0,0,bajo
2024-06-02,2024-06-02T19:00,Puno,Yunguyo,Yunguyo,211301,-16.25,-69.0833,3826,25095,10540,42.0,True,papa,10.0,65,7.7,3.7,0.0,0,5.5,6,19,heladas_invernales,6.0,0,bajo
2024-06-02,2024-06-02T20:00,Puno,Yunguyo,Yunguyo,211301,-16.25,-69.0833,3826,25095,10540,42.0,True,papa,9.4,59,6.7,1.8,0.0,0,5.6,6,20,heladas_invernales,6.0,0,bajo
2024-06-02,2024-06-02T21:00,Puno,Yunguyo,Yunguyo,211301,-16.25,-69.0833,3826,25095,10540,42.0,True,papa,8.9,60,6.0,1.6,0.0,8,6.5,6,21,heladas_invernales,6.0,0,bajo
2024-06-02,2024-06-02T22:00,Puno,Yunguyo,Yunguyo,211301,-16.25,-69.0833,3826,25095,10540,42.0,True,papa,10.6,54,8.2,1.6,0.0,0,3.5,6,22,heladas_invernales,6.0,0,bajo
2024-06-02,2024-06-02T23:00,Puno,Yunguyo,Yunguyo,211301,-16.25,-69.0833,3826,25095,10540,42.0,True,papa,10.2,58,8.1,2.3,0.0,0,2.3,6,23,heladas_invernales,6.0,0,bajo
2024-06-03,2024-06-03T00:00,Puno,Yunguyo,Yunguyo,211301,-16.25,-69.0833,3826,25095,10540,42.0,True,papa,9.7,66,7.7,3.6,0.0,4,3.6,6,0,heladas_invernales,6.9,0,bajo
2024-06-03,2024-06-03T01:00,Puno,Yunguyo,Yunguyo,211301,-16.25,-69.0833,3826,25095,10540,42.0,True,papa,7.7,88,5.7,5.8,0.0,49,6.1,6,1,heladas_invernales,6.9,0,bajo
2024-06-03,2024-06-03T02:00,Puno,Yunguyo,Yunguyo,211301,-16.25,-69.0833,3826,25095,10540,42.0,True,papa,7.1,98,5.3,6.8,0.0,94,6.8,6,2,heladas_invernales,6.9,0,bajo
2024-06-03,2024-06-03T03:00,Puno,Yunguyo,Yunguyo,211301,-16.25,-69.0833,3826,25095,10540,42.0,True,papa,8.6,99,7.4,8.4,0.0,36,4.9,6,3,heladas_invernales,6.9,0,bajo
2024-06-03,2024-06-03T04:00,Puno,Yunguyo,Yunguyo,211301,-16.25,-69.0833,3826,25095,10540,42.0,True,papa,8.3,100,7.3,8.3,0.0,98,3.1,6,4,heladas_invernales,6.9,0,bajo
2024-06-03,2024-06-03T05:00,Puno,Yunguyo,Yunguyo,211301,-16.25,-69.0833,3826,25095,10540,42.0,True,papa,7.7,100,6.6,7.7,0.0,98,3.1,6,5,heladas_invernales,6.9,0,bajo
2024-06-03,2024-06-03T06:00,Puno,Yunguyo,Yunguyo,211301,-16.25,-69.0833,3826,25095,10540,42.0,True,papa,7.3,100,6.1,7.3,0.0,100,3.6,6,6,heladas_invernales,6.9,0,bajo
2024-06-03,2024-06-03T07:00,Puno,Yunguyo,Yunguyo,211301,-16.25,-69.0833,3826,25095,10540,42.0,True,papa,6.9,95,5.3,6.1,0.0,100,3.6,6,7,heladas_invernales,6.9,0,bajo
2024-06-03,2024-06-03T08:00,Puno,Yunguyo,Yunguyo,211301,-16.25,-69.0833,3826,25095,10540,42.0,True,papa,9.3,70,7.1,4.1,0.0,10,5.4,6,8,heladas_invernales,6.9,0,bajo
2024-06-03,2024-06-03T09:00,Puno,Yunguyo,Yunguyo,211301,-16.25,-69.0833,3826,25095,10540,42.0,True,papa,11.0,56,8.2,2.6,0.0,2,6.9,6,9,heladas_invernales,6.9,0,bajo
2024-06-03,2024-06-03T10:00,Puno,Yunguyo,Yunguyo,211301,-16.25,-69.0833,3826,25095,10540,42.0,True,papa,12.2,50,10.2,2.0,0.0,4,7.1,6,10,heladas_invernales,6.9,0,bajo
2024-06-03,2024-06-03T11:00,Puno,Yunguyo,Yunguyo,211301,-16.25,-69.0833,3826,25095,10540,42.0,True,papa,13.0,42,10.5,0.3,0.0,2,12.2,6,11,heladas_invernales,6.9,0,bajo
2024-06-03,2024-06-03T12:00,Puno,Yunguyo,Yunguyo,211301,-16.25,-69.0833,3826,25095,10540,42.0,True,papa,13.6,36,10.9,-1.2,0.0,7,14.1,6,12,heladas_invernales,6.9,0,bajo
2024-06-03,2024-06-03T13:00,Puno,Yunguyo,Yunguyo,211301,-16.25,-69.0833,3826,25095,10540,42.0,True,papa,14.1,29,10.8,-3.7,0.0,68,14.5,6,13,heladas_invernales,6.9,0,bajo
2024-06-03,2024-06-03T14:00,Puno,Yunguyo,Yunguyo,211301,-16.25,-69.0833,3826,25095,10540,42.0,True,papa,14.1,25,10.1,-5.9,0.0,79,13.8,6,14,heladas_invernales,6.9,0,bajo
2024-06-03,2024-06-03T15:00,Puno,Yunguyo,Yunguyo,211301,-16.25,-69.0833,3826,25095,10540,42.0,True,papa,13.7,22,8.7,-7.7,0.0,25,13.7,6,15,heladas_invernales,6.9,0,bajo
2024-06-03,2024-06-03T16:00,Puno,Yunguyo,Yunguyo,211301,-16.25,-69.0833,3826,25095,10540,42.0,True,papa,12.7,24,7.6,-7.3,0.0,10,14.4,6,16,heladas_invernales,6.9,0,bajo
2024-06-03,2024-06-03T17:00,Puno,Yunguyo,Yunguyo,211301,-16.25,-69.0833,3826,25095,10540,42.0,True,papa,11.0,33,6.3,-4.7,0.0,0,12.9,6,17,heladas_invernales,6.9,0,bajo
2024-06-03,2024-06-03T18:00,Puno,Yunguyo,Yunguyo,211301,-16.25,-69.0833,3826,25095,10540,42.0,True,papa,9.6,45,5.6,-1.7,0.0,1,10.8,6,18,heladas_invernales,6.9,0,bajo
2024-06-03,2024-06-03T19:00,Puno,Yunguyo,Yunguyo,211301,-16.25,-69.0833,3826,25095,10540,42.0,True,papa,8.2,62,5.5,1.2,0.0,0,4.7,6,19,heladas_invernales,6.9,0,bajo
2024-06-03,2024-06-03T20:00,Puno,Yunguyo,Yunguyo,211301,-16.25,-69.0833,3826,25095,10540,42.0,True,papa,8.4,49,5.4,-1.6,0.0,0,4.3,6,20,heladas_invernales,6.9,0,bajo
2024-06-03,2024-06-03T21:00,Puno,Yunguyo,Yunguyo,211301,-16.25,-69.0833,3826,25095,10540,42.0,True,papa,8.5,49,5.7,-1.6,0.0,1,3.0,6,21,heladas_invernales,6.9,0,bajo
2024-06-03,2024-06-03T22:00,Puno,Yunguyo,Yunguyo,211301,-16.25,-69.0833,3826,25095,10540,42.0,True,papa,7.9,51,5.3,-1.6,0.0,2,1.6,6,22,heladas_invernales,6.9,0,bajo
2024-06-03,2024-06-03T23:00,Puno,Yunguyo,Yunguyo,211301,-16.25,-69.0833,3826,25095,10540,42.0,True,papa,7.6,55,5.1,-0.9,0.0,0,1.1,6,23,heladas_invernales,6.9,0,bajo
2024-06-04,2024-06-04T00:00,Puno,Yunguyo,Yunguyo,211301,-16.25,-69.0833,3826,25095,10540,42.0,True,papa,7.7,53,4.9,-1.3,0.0,7,3.3,6,0,heladas_invernales,5.0,0,bajo
2024-06-04,2024-06-04T01:00,Puno,Yunguyo,Yunguyo,211301,-16.25,-69.0833,3826,25095,10540,42.0,True,papa,7.7,58,5.1,-0.0,0.0,0,3.1,6,1,heladas_invernales,5.0,0,bajo
2024-06-04,2024-06-04T02:00,Puno,Yunguyo,Yunguyo,211301,-16.25,-69.0833,3826,25095,10540,42.0,True,papa,7.6,66,5.3,1.7,0.0,0,2.9,6,2,heladas_invernales,5.0,0,bajo
2024-06-04,2024-06-04T03:00,Puno,Yunguyo,Yunguyo,211301,-16.25,-69.0833,3826,25095,10540,42.0,True,papa,7.5,75,5.5,3.4,0.0,0,3.2,6,3,heladas_invernales,5.0,0,bajo
2024-06-04,2024-06-04T04:00,Puno,Yunguyo,Yunguyo,211301,-16.25,-69.0833,3826,25095,10540,42.0,True,papa,7.2,86,5.3,5.0,0.0,0,4.3,6,4,heladas_invernales,5.0,0,bajo
2024-06-04,2024-06-04T05:00,Puno,Yunguyo,Yunguyo,211301,-16.25,-69.0833,3826,25095,10540,42.0,True,papa,6.2,90,4.0,4.7,0.0,0,6.0,6,5,heladas_invernales,5.0,0,bajo
2024-06-04,2024-06-04T06:00,Puno,Yunguyo,Yunguyo,211301,-16.25,-69.0833,3826,25095,10540,42.0,True,papa,5.0,88,2.3,3.1,0.0,0,7.0,6,6,heladas_invernales,5.0,0,bajo
2024-06-04,2024-06-04T07:00,Puno,Yunguyo,Yunguyo,211301,-16.25,-69.0833,3826,25095,10540,42.0,True,papa,5.7,88,3.2,3.8,0.0,0,6.5,6,7,heladas_invernales,5.0,0,bajo
2024-06-04,2024-06-04T08:00,Puno,Yunguyo,Yunguyo,211301,-16.25,-69.0833,3826,25095,10540,42.0,True,papa,7.6,73,5.2,3.1,0.0,0,4.9,6,8,heladas_invernales,5.0,0,bajo
2024-06-04,2024-06-04T09:00,Puno,Yunguyo,Yunguyo,211301,-16.25,-69.0833,3826,25095,10540,42.0,True,papa,9.3,53,6.9,0.1,0.0,0,2.2,6,9,heladas_invernales,5.0,0,bajo
2024-06-04,2024-06-04T10:00,Puno,Yunguyo,Yunguyo,211301,-16.25,-69.0833,3826,25095,10540,42.0,True,papa,10.9,48,9.3,0.5,0.0,0,3.6,6,10,heladas_invernales,5.0,0,bajo
2024-06-04,2024-06-04T11:00,Puno,Yunguyo,Yunguyo,211301,-16.25,-69.0833,3826,25095,10540,42.0,True,papa,12.2,42,10.8,-0.3,0.0,0,5.9,6,11,heladas_invernales,5.0,0,bajo
2024-06-04,2024-06-04T12:00,Puno,Yunguyo,Yunguyo,211301,-16.25,-69.0833,3826,25095,10540,42.0,True,papa,13.3,36,11.6,-1.4,0.0,0,8.2,6,12,heladas_invernales,5.0,0,bajo
2024-06-04,2024-06-04T13:00,Puno,Yunguyo,Yunguyo,211301,-16.25,-69.0833,3826,25095,10540,42.0,True,papa,14.5,25,11.5,-5.3,0.0,0,11.9,6,13,heladas_invernales,5.0,0,bajo
2024-06-04,2024-06-04T14:00,Puno,Yunguyo,Yunguyo,211301,-16.25,-69.0833,3826,25095,10540,42.0,True,papa,14.7,20,11.0,-8.2,0.0,0,11.2,6,14,heladas_invernales,5.0,0,bajo
2024-06-04,2024-06-04T15:00,Puno,Yunguyo,Yunguyo,211301,-16.25,-69.0833,3826,25095,10540,42.0,True,papa,14.6,17,10.3,-10.4,0.0,0,7.9,6,15,heladas_invernales,5.0,0,bajo
2024-06-04,2024-06-04T16:00,Puno,Yunguyo,Yunguyo,211301,-16.25,-69.0833,3826,25095,10540,42.0,True,papa,14.1,19,9.8,-9.5,0.0,0,7.5,6,16,heladas_invernales,5.0,0,bajo
2024-06-04,2024-06-04T17:00,Puno,Yunguyo,Yunguyo,211301,-16.25,-69.0833,3826,25095,10540,42.0,True,papa,12.7,27,8.7,-5.9,0.0,0,7.7,6,17,heladas_invernales,5.0,0,bajo
2024-06-04,2024-06-04T18:00,Puno,Yunguyo,Yunguyo,211301,-16.25,-69.0833,3826,25095,10540,42.0,True,papa,10.7,50,7.7,0.7,0.0,0,6.9,6,18,heladas_invernales,5.0,0,bajo
2024-06-04,2024-06-04T19:00,Puno,Yunguyo,Yunguyo,211301,-16.25,-69.0833,3826,25095,10540,42.0,True,papa,9.4,61,6.5,2.2,0.0,0,7.1,6,19,heladas_invernales,5.0,0,bajo
2024-06-04,2024-06-04T20:00,Puno,Yunguyo,Yunguyo,211301,-16.25,-69.0833,3826,25095,10540,42.0,True,papa,10.0,46,7.0,-1.0,0.0,0,5.0,6,20,heladas_invernales,5.0,0,bajo
2024-06-04,2024-06-04T21:00,Puno,Yunguyo,Yunguyo,211301,-16.25,-69.0833,3826,25095,10540,42.0,True,papa,10.8,43,8.0,-1.2,0.0,0,3.6,6,21,heladas_invernales,5.0,0,bajo
2024-06-04,2024-06-04T22:00,Puno,Yunguyo,Yunguyo,211301,-16.25,-69.0833,3826,25095,10540,42.0,True,papa,10.5,45,7.7,-1.0,0.0,0,3.1,6,22,heladas_invernales,5.0,0,bajo
2024-06-04,2024-06-04T23:00,Puno,Yunguyo,Yunguyo,211301,-16.25,-69.0833,3826,25095,10540,42.0,True,papa,9.8,52,7.3,0.5,0.0,0,3.0,6,23,heladas_invernales,5.0,0,bajo
2024-06-05,2024-06-05T00:00,Puno,Yunguyo,Yunguyo,211301,-16.25,-69.0833,3826,25095,10540,42.0,True,papa,9.4,69,7.6,4.0,0.0,0,2.2,6,0,heladas_invernales,5.7,0,bajo
2024-06-05,2024-06-05T01:00,Puno,Yunguyo,Yunguyo,211301,-16.25,-69.0833,3826,25095,10540,42.0,True,papa,9.1,80,7.7,5.8,0.0,0,2.6,6,1,heladas_invernales,5.7,0,bajo
2024-06-05,2024-06-05T02:00,Puno,Yunguyo,Yunguyo,211301,-16.25,-69.0833,3826,25095,10540,42.0,True,papa,8.8,89,7.7,7.1,0.0,0,2.1,6,2,heladas_invernales,5.7,0,bajo
2024-06-05,2024-06-05T03:00,Puno,Yunguyo,Yunguyo,211301,-16.25,-69.0833,3826,25095,10540,42.0,True,papa,8.3,99,7.3,8.2,0.0,0,3.1,6,3,heladas_invernales,5.7,0,bajo
2024-06-05,2024-06-05T04:00,Puno,Yunguyo,Yunguyo,211301,-16.25,-69.0833,3826,25095,10540,42.0,True,papa,8.0,100,6.7,8.0,0.0,93,5.4,6,4,heladas_invernales,5.7,0,bajo
2024-06-05,2024-06-05T05:00,Puno,Yunguyo,Yunguyo,211301,-16.25,-69.0833,3826,25095,10540,42.0,True,papa,7.3,100,5.8,7.3,0.0,92,5.4,6,5,heladas_invernales,5.7,0,bajo
2024-06-05,2024-06-05T06:00,Puno,Yunguyo,Yunguyo,211301,-16.25,-69.0833,3826,25095,10540,42.0,True,papa,6.5,100,4.9,6.5,0.0,93,4.8,6,6,heladas_invernales,5.7,0,bajo
2024-06-05,2024-06-05T07:00,Puno,Yunguyo,Yunguyo,211301,-16.25,-69.0833,3826,25095,10540,42.0,True,papa,5.7,100,3.9,5.7,0.0,93,4.5,6,7,heladas_invernales,5.7,0,bajo
2024-06-05,2024-06-05T08:00,Puno,Yunguyo,Yunguyo,211301,-16.25,-69.0833,3826,25095,10540,42.0,True,papa,8.7,50,5.9,-1.1,0.0,0,3.8,6,8,heladas_invernales,5.7,0,bajo
2024-06-05,2024-06-05T09:00,Puno,Yunguyo,Yunguyo,211301,-16.25,-69.0833,3826,25095,10540,42.0,True,papa,10.7,32,6.8,-5.2,0.0,0,7.0,6,9,heladas_invernales,5.7,0,bajo
2024-06-05,2024-06-05T10:00,Puno,Yunguyo,Yunguyo,211301,-16.25,-69.0833,3826,25095,10540,42.0,True,papa,12.1,28,8.7,-6.0,0.0,0,9.6,6,10,heladas_invernales,5.7,0,bajo
2024-06-05,2024-06-05T11:00,Puno,Yunguyo,Yunguyo,211301,-16.25,-69.0833,3826,25095,10540,42.0,True,papa,13.1,25,10.1,-6.3,0.0,0,11.4,6,11,heladas_invernales,5.7,0,bajo
2024-06-05,2024-06-05T12:00,Puno,Yunguyo,Yunguyo,211301,-16.25,-69.0833,3826,25095,10540,42.0,True,papa,14.0,23,11.6,-7.1,0.0,0,9.0,6,12,heladas_invernales,5.7,0,bajo
2024-06-05,2024-06-05T13:00,Puno,Yunguyo,Yunguyo,211301,-16.25,-69.0833,3826,25095,10540,42.0,True,papa,14.8,19,12.8,-8.4,0.0,0,4.8,6,13,heladas_invernales,5.7,0,bajo
2024-06-05,2024-06-05T14:00,Puno,Yunguyo,Yunguyo,211301,-16.25,-69.0833,3826,25095,10540,42.0,True,papa,15.2,17,12.6,-9.5,0.0,0,3.5,6,14,heladas_invernales,5.7,0,bajo
2024-06-05,2024-06-05T15:00,Puno,Yunguyo,Yunguyo,211301,-16.25,-69.0833,3826,25095,10540,42.0,True,papa,15.4,17,11.6,-9.2,0.0,0,5.2,6,15,heladas_invernales,5.7,0,bajo
2024-06-05,2024-06-05T16:00,Puno,Yunguyo,Yunguyo,211301,-16.25,-69.0833,3826,25095,10540,42.0,True,papa,14.8,23,10.7,-6.3,0.0,0,7.9,6,16,heladas_invernales,5.7,0,bajo
2024-06-05,2024-06-05T17:00,Puno,Yunguyo,Yunguyo,211301,-16.25,-69.0833,3826,25095,10540,42.0,True,papa,13.2,34,9.3,-2.2,0.0,0,9.4,6,17,heladas_invernales,5.7,0,bajo
2024-06-05,2024-06-05T18:00,Puno,Yunguyo,Yunguyo,211301,-16.25,-69.0833,3826,25095,10540,42.0,True,papa,11.9,47,8.8,0.8,0.0,0,7.4,6,18,heladas_invernales,5.7,0,bajo
2024-06-05,2024-06-05T19:00,Puno,Yunguyo,Yunguyo,211301,-16.25,-69.0833,3826,25095,10540,42.0,True,papa,10.6,52,7.6,1.2,0.0,0,7.6,6,19,heladas_invernales,5.7,0,bajo
2024-06-05,2024-06-05T20:00,Puno,Yunguyo,Yunguyo,211301,-16.25,-69.0833,3826,25095,10540,42.0,True,papa,9.8,48,6.7,-0.7,0.0,0,5.8,6,20,heladas_invernales,5.7,0,bajo
2024-06-05,2024-06-05T21:00,Puno,Yunguyo,Yunguyo,211301,-16.25,-69.0833,3826,25095,10540,42.0,True,papa,9.8,48,6.7,-0.8,0.0,0,5.8,6,21,heladas_invernales,5.7,0,bajo
2024-06-05,2024-06-05T22:00,Puno,Yunguyo,Yunguyo,211301,-16.25,-69.0833,3826,25095,10540,42.0,True,papa,11.0,44,8.0,-0.8,0.0,0,4.7,6,22,heladas_invernales,5.7,0,bajo
2024-06-05,2024-06-05T23:00,Puno,Yunguyo,Yunguyo,211301,-16.25,-69.0833,3826,25095,10540,42.0,True,papa,10.3,50,7.5,0.5,0.0,0,4.8,6,23,heladas_invernales,5.7,0,bajo
2024-06-06,2024-06-06T00:00,Puno,Yunguyo,Yunguyo,211301,-16.25,-69.0833,3826,25095,10540,42.0,True,papa,9.8,54,7.2,0.8,0.0,0,4.2,6,0,heladas_invernales,5.2,0,bajo
2024-06-06,2024-06-06T01:00,Puno,Yunguyo,Yunguyo,211301,-16.25,-69.0833,3826,25095,10540,42.0,True,papa,9.4,64,7.3,3.0,0.0,0,3.0,6,1,heladas_invernales,5.2,0,bajo
2024-06-06,2024-06-06T02:00,Puno,Yunguyo,Yunguyo,211301,-16.25,-69.0833,3826,25095,10540,42.0,True,papa,9.3,72,7.7,4.5,0.0,0,1.8,6,2,heladas_invernales,5.2,0,bajo
2024-06-06,2024-06-06T03:00,Puno,Yunguyo,Yunguyo,211301,-16.25,-69.0833,3826,25095,10540,42.0,True,papa,8.9,84,7.6,6.4,0.0,0,2.5,6,3,heladas_invernales,5.2,0,bajo
2024-06-06,2024-06-06T04:00,Puno,Yunguyo,Yunguyo,211301,-16.25,-69.0833,3826,25095,10540,42.0,True,papa,8.4,97,7.2,8.0,0.0,0,4.3,6,4,heladas_invernales,5.2,0,bajo
2024-06-06,2024-06-06T05:00,Puno,Yunguyo,Yunguyo,211301,-16.25,-69.0833,3826,25095,10540,42.0,True,papa,6.3,100,4.3,6.3,0.0,91,6.9,6,5,heladas_invernales,5.2,0,bajo
2024-06-06,2024-06-06T06:00,Puno,Yunguyo,Yunguyo,211301,-16.25,-69.0833,3826,25095,10540,42.0,True,papa,5.2,100,2.9,5.2,0.0,90,7.1,6,6,heladas_invernales,5.2,0,bajo
2024-06-06,2024-06-06T07:00,Puno,Yunguyo,Yunguyo,211301,-16.25,-69.0833,3826,25095,10540,42.0,True,papa,6.5,100,4.8,6.5,0.0,92,5.6,6,7,heladas_invernales,5.2,0,bajo
2024-06-06,2024-06-06T08:00,Puno,Yunguyo,Yunguyo,211301,-16.25,-69.0833,3826,25095,10540,42.0,True,papa,9.3,61,6.8,2.0,0.0,1,4.7,6,8,heladas_invernales,5.2,0,bajo
2024-06-06,2024-06-06T09:00,Puno,Yunguyo,Yunguyo,211301,-16.25,-69.0833,3826,25095,10540,42.0,True,papa,11.2,41,7.7,-1.7,0.0,0,7.1,6,9,heladas_invernales,5.2,0,bajo
2024-06-06,2024-06-06T10:00,Puno,Yunguyo,Yunguyo,211301,-16.25,-69.0833,3826,25095,10540,42.0,True,papa,12.6,35,9.6,-2.6,0.0,0,9.2,6,10,heladas_invernales,5.2,0,bajo
2024-06-06,2024-06-06T11:00,Puno,Yunguyo,Yunguyo,211301,-16.25,-69.0833,3826,25095,10540,42.0,True,papa,13.7,30,11.5,-3.6,0.0,0,8.2,6,11,heladas_invernales,5.2,0,bajo
2024-06-06,2024-06-06T12:00,Puno,Yunguyo,Yunguyo,211301,-16.25,-69.0833,3826,25095,10540,42.0,True,papa,14.5,25,12.7,-5.3,0.0,0,6.3,6,12,heladas_invernales,5.2,0,bajo
2024-06-06,2024-06-06T13:00,Puno,Yunguyo,Yunguyo,211301,-16.25,-69.0833,3826,25095,10540,42.0,True,papa,15.1,22,13.5,-6.4,0.0,0,3.4,6,13,heladas_invernales,5.2,0,bajo
2024-06-06,2024-06-06T14:00,Puno,Yunguyo,Yunguyo,211301,-16.25,-69.0833,3826,25095,10540,42.0,True,papa,15.8,21,13.5,-6.4,0.0,0,3.4,6,14,heladas_invernales,5.2,0,bajo
2024-06-06,2024-06-06T15:00,Puno,Yunguyo,Yunguyo,211301,-16.25,-69.0833,3826,25095,10540,42.0,True,papa,16.0,21,12.5,-6.4,0.0,0,4.7,6,15,heladas_invernales,5.2,0,bajo
2024-06-06,2024-06-06T16:00,Puno,Yunguyo,Yunguyo,211301,-16.25,-69.0833,3826,25095,10540,42.0,True,papa,15.5,23,11.5,-5.4,0.0,0,7.8,6,16,heladas_invernales,5.2,0,bajo
2024-06-06,2024-06-06T17:00,Puno,Yunguyo,Yunguyo,211301,-16.25,-69.0833,3826,25095,10540,42.0,True,papa,14.1,32,9.8,-2.3,0.0,0,12.1,6,17,heladas_invernales,5.2,0,bajo
2024-06-06,2024-06-06T18:00,Puno,Yunguyo,Yunguyo,211301,-16.25,-69.0833,3826,25095,10540,42.0,True,papa,12.6,41,9.1,-0.2,0.0,0,8.7,6,18,heladas_invernales,5.2,0,bajo
2024-06-06,2024-06-06T19:00,Puno,Yunguyo,Yunguyo,211301,-16.25,-69.0833,3826,25095,10540,42.0,True,papa,11.1,56,8.6,2.6,0.0,0,5.5,6,19,heladas_invernales,5.2,0,bajo
2024-06-06,2024-06-06T20:00,Puno,Yunguyo,Yunguyo,211301,-16.25,-69.0833,3826,25095,10540,42.0,True,papa,11.7,45,9.0,0.1,0.0,0,3.8,6,20,heladas_invernales,5.2,0,bajo
2024-06-06,2024-06-06T21:00,Puno,Yunguyo,Yunguyo,211301,-16.25,-69.0833,3826,25095,10540,42.0,True,papa,11.0,53,8.6,1.7,0.0,0,3.4,6,21,heladas_invernales,5.2,0,bajo
2024-06-06,2024-06-06T22:00,Puno,Yunguyo,Yunguyo,211301,-16.25,-69.0833,3826,25095,10540,42.0,True,papa,10.5,56,8.2,2.1,0.0,0,3.1,6,22,heladas_invernales,5.2,0,bajo
2024-06-06,2024-06-06T23:00,Puno,Yunguyo,Yunguyo,211301,-16.25,-69.0833,3826,25095,10540,42.0,True,papa,9.9,62,7.9,3.1,0.0,0,2.6,6,23,heladas_invernales,5.2,0,bajo
2024-06-07,2024-06-07T00:00,Puno,Yunguyo,Yunguyo,211301,-16.25,-69.0833,3826,25095,10540,42.0,True,papa,9.4,76,7.8,5.3,0.0,0,2.7,6,0,heladas_invernales,6.4,0,bajo
2024-06-07,2024-06-07T01:00,Puno,Yunguyo,Yunguyo,211301,-16.25,-69.0833,3826,25095,10540,42.0,True,papa,9.1,84,7.8,6.5,0.0,0,2.6,6,1,heladas_invernales,6.4,0,bajo
2024-06-07,2024-06-07T02:00,Puno,Yunguyo,Yunguyo,211301,-16.25,-69.0833,3826,25095,10540,42.0,True,papa,9.0,89,7.8,7.3,0.0,0,2.9,6,2,heladas_invernales,6.4,0,bajo
2024-06-07,2024-06-07T03:00,Puno,Yunguyo,Yunguyo,211301,-16.25,-69.0833,3826,25095,10540,42.0,True,papa,8.7,94,7.7,7.9,0.0,12,2.9,6,3,heladas_invernales,6.4,0,bajo
2024-06-07,2024-06-07T04:00,Puno,Yunguyo,Yunguyo,211301,-16.25,-69.0833,3826,25095,10540,42.0,True,papa,8.5,100,7.6,8.5,0.0,100,3.2,6,4,heladas_invernales,6.4,0,bajo
2024-06-07,2024-06-07T05:00,Puno,Yunguyo,Yunguyo,211301,-16.25,-69.0833,3826,25095,10540,42.0,True,papa,7.7,100,6.4,7.7,0.0,99,4.7,6,5,heladas_invernales,6.4,0,bajo
2024-06-07,2024-06-07T06:00,Puno,Yunguyo,Yunguyo,211301,-16.25,-69.0833,3826,25095,10540,42.0,True,papa,6.7,100,5.0,6.6,0.0,95,5.7,6,6,heladas_invernales,6.4,0,bajo
2024-06-07,2024-06-07T07:00,Puno,Yunguyo,Yunguyo,211301,-16.25,-69.0833,3826,25095,10540,42.0,True,papa,6.4,96,4.3,5.8,0.0,24,6.9,6,7,heladas_invernales,6.4,0,bajo
2024-06-07,2024-06-07T08:00,Puno,Yunguyo,Yunguyo,211301,-16.25,-69.0833,3826,25095,10540,42.0,True,papa,9.4,70,7.0,4.1,0.0,2,6.2,6,8,heladas_invernales,6.4,0,bajo
2024-06-07,2024-06-07T09:00,Puno,Yunguyo,Yunguyo,211301,-16.25,-69.0833,3826,25095,10540,42.0,True,papa,10.9,59,8.2,3.2,0.0,1,7.4,6,9,heladas_invernales,6.4,0,bajo
2024-06-07,2024-06-07T10:00,Puno,Yunguyo,Yunguyo,211301,-16.25,-69.0833,3826,25095,10540,42.0,True,papa,12.2,54,10.5,3.2,0.0,0,6.6,6,10,heladas_invernales,6.4,0,bajo
2024-06-07,2024-06-07T11:00,Puno,Yunguyo,Yunguyo,211301,-16.25,-69.0833,3826,25095,10540,42.0,True,papa,13.5,44,12.3,1.3,0.0,0,6.0,6,11,heladas_invernales,6.4,0,bajo
2024-06-07,2024-06-07T12:00,Puno,Yunguyo,Yunguyo,211301,-16.25,-69.0833,3826,25095,10540,42.0,True,papa,14.5,32,13.2,-1.9,0.0,0,5.5,6,12,heladas_invernales,6.4,0,bajo
2024-06-07,2024-06-07T13:00,Puno,Yunguyo,Yunguyo,211301,-16.25,-69.0833,3826,25095,10540,42.0,True,papa,15.3,22,12.8,-6.4,0.0,0,8.1,6,13,heladas_invernales,6.4,0,bajo
2024-06-07,2024-06-07T14:00,Puno,Yunguyo,Yunguyo,211301,-16.25,-69.0833,3826,25095,10540,42.0,True,papa,15.5,16,12.2,-10.1,0.0,0,7.2,6,14,heladas_invernales,6.4,0,bajo
2024-06-07,2024-06-07T15:00,Puno,Yunguyo,Yunguyo,211301,-16.25,-69.0833,3826,25095,10540,42.0,True,papa,15.3,17,10.7,-9.7,0.0,0,9.6,6,15,heladas_invernales,6.4,0,bajo
2024-06-07,2024-06-07T16:00,Puno,Yunguyo,Yunguyo,211301,-16.25,-69.0833,3826,25095,10540,42.0,True,papa,14.8,19,9.9,-8.8,0.0,0,11.8,6,16,heladas_invernales,6.4,0,bajo
2024-06-07,2024-06-07T17:00,Puno,Yunguyo,Yunguyo,211301,-16.25,-69.0833,3826,25095,10540,42.0,True,papa,13.8,22,9.2,-7.8,0.0,0,10.0,6,17,heladas_invernales,6.4,0,bajo
2024-06-07,2024-06-07T18:00,Puno,Yunguyo,Yunguyo,211301,-16.25,-69.0833,3826,25095,10540,42.0,True,papa,12.7,29,8.5,-4.7,0.0,0,9.9,6,18,heladas_invernales,6.4,0,bajo
2024-06-07,2024-06-07T19:00,Puno,Yunguyo,Yunguyo,211301,-16.25,-69.0833,3826,25095,10540,42.0,True,papa,11.4,40,7.7,-1.7,0.0,0,8.9,6,19,heladas_invernales,6.4,0,bajo
2024-06-07,2024-06-07T20:00,Puno,Yunguyo,Yunguyo,211301,-16.25,-69.0833,3826,25095,10540,42.0,True,papa,9.5,44,6.1,-2.3,0.0,0,6.6,6,20,heladas_invernales,6.4,0,bajo
2024-06-07,2024-06-07T21:00,Puno,Yunguyo,Yunguyo,211301,-16.25,-69.0833,3826,25095,10540,42.0,True,papa,11.3,43,8.5,-0.8,0.0,0,3.6,6,21,heladas_invernales,6.4,0,bajo
2024-06-07,2024-06-07T22:00,Puno,Yunguyo,Yunguyo,211301,-16.25,-69.0833,3826,25095,10540,42.0,True,papa,11.0,47,8.6,0.2,0.0,0,1.9,6,22,heladas_invernales,6.4,0,bajo
2024-06-07,2024-06-07T23:00,Puno,Yunguyo,Yunguyo,211301,-16.25,-69.0833,3826,25095,10540,42.0,True,papa,10.6,50,8.2,0.6,0.0,0,2.5,6,23,heladas_invernales,6.4,0,bajo
2024-06-08,2024-06-08T00:00,Puno,Yunguyo,Yunguyo,211301,-16.25,-69.0833,3826,25095,10540,42.0,True,papa,10.1,52,7.6,0.6,0.0,0,3.1,6,0,heladas_invernales,7.0,0,bajo
2024-06-08,2024-06-08T01:00,Puno,Yunguyo,Yunguyo,211301,-16.25,-69.0833,3826,25095,10540,42.0,True,papa,9.6,55,7.2,1.0,0.0,0,2.9,6,1,heladas_invernales,7.0,0,bajo
2024-06-08,2024-06-08T02:00,Puno,Yunguyo,Yunguyo,211301,-16.25,-69.0833,3826,25095,10540,42.0,True,papa,9.2,55,6.8,0.7,0.0,0,2.4,6,2,heladas_invernales,7.0,0,bajo
2024-06-08,2024-06-08T03:00,Puno,Yunguyo,Yunguyo,211301,-16.25,-69.0833,3826,25095,10540,42.0,True,papa,8.6,73,6.8,4.1,0.0,0,2.4,6,3,heladas_invernales,7.0,0,bajo
2024-06-08,2024-06-08T04:00,Puno,Yunguyo,Yunguyo,211301,-16.25,-69.0833,3826,25095,10540,42.0,True,papa,8.2,91,6.9,6.8,0.0,0,3.2,6,4,heladas_invernales,7.0,0,bajo
2024-06-08,2024-06-08T05:00,Puno,Yunguyo,Yunguyo,211301,-16.25,-69.0833,3826,25095,10540,42.0,True,papa,8.4,74,6.5,4.1,0.0,0,3.4,6,5,heladas_invernales,7.0,0,bajo
2024-06-08,2024-06-08T06:00,Puno,Yunguyo,Yunguyo,211301,-16.25,-69.0833,3826,25095,10540,42.0,True,papa,8.3,73,6.2,3.7,0.0,0,4.2,6,6,heladas_invernales,7.0,0,bajo
2024-06-08,2024-06-08T07:00,Puno,Yunguyo,Yunguyo,211301,-16.25,-69.0833,3826,25095,10540,42.0,True,papa,7.0,78,4.8,3.5,0.0,0,4.9,6,7,heladas_invernales,7.0,0,bajo
2024-06-08,2024-06-08T08:00,Puno,Yunguyo,Yunguyo,211301,-16.25,-69.0833,3826,25095,10540,42.0,True,papa,9.0,66,6.6,3.0,0.0,1,5.4,6,8,heladas_invernales,7.0,0,bajo
2024-06-08,2024-06-08T09:00,Puno,Yunguyo,Yunguyo,211301,-16.25,-69.0833,3826,25095,10540,42.0,True,papa,10.4,52,8.0,0.9,0.0,0,2.7,6,9,heladas_invernales,7.0,0,bajo
2024-06-08,2024-06-08T10:00,Puno,Yunguyo,Yunguyo,211301,-16.25,-69.0833,3826,25095,10540,42.0,True,papa,11.6,45,10.2,0.2,0.0,0,2.1,6,10,heladas_invernales,7.0,0,bajo
2024-06-08,2024-06-08T11:00,Puno,Yunguyo,Yunguyo,211301,-16.25,-69.0833,3826,25095,10540,42.0,True,papa,12.6,39,11.5,-1.0,0.0,0,3.4,6,11,heladas_invernales,7.0,0,bajo
2024-06-08,2024-06-08T12:00,Puno,Yunguyo,Yunguyo,211301,-16.25,-69.0833,3826,25095,10540,42.0,True,papa,13.5,33,12.0,-2.4,0.0,31,6.0,6,12,heladas_invernales,7.0,0,bajo
2024-06-08,2024-06-08T13:00,Puno,Yunguyo,Yunguyo,211301,-16.25,-69.0833,3826,25095,10540,42.0,True,papa,14.3,28,11.8,-3.8,0.0,94,10.0,6,13,heladas_invernales,7.0,0,bajo
2024-06-08,2024-06-08T14:00,Puno,Yunguyo,Yunguyo,211301,-16.25,-69.0833,3826,25095,10540,42.0,True,papa,14.7,23,10.9,-6.0,0.0,90,13.0,6,14,heladas_invernales,7.0,0,bajo
2024-06-08,2024-06-08T15:00,Puno,Yunguyo,Yunguyo,211301,-16.25,-69.0833,3826,25095,10540,42.0,True,papa,14.5,20,9.4,-8.3,0.0,99,14.1,6,15,heladas_invernales,7.0,0,bajo
2024-06-08,2024-06-08T16:00,Puno,Yunguyo,Yunguyo,211301,-16.25,-69.0833,3826,25095,10540,42.0,True,papa,13.9,20,8.6,-9.0,0.0,98,14.1,6,16,heladas_invernales,7.0,0,bajo
2024-06-08,2024-06-08T17:00,Puno,Yunguyo,Yunguyo,211301,-16.25,-69.0833,3826,25095,10540,42.0,True,papa,12.8,22,8.2,-8.5,0.0,98,9.9,6,17,heladas_invernales,7.0,0,bajo
2024-06-08,2024-06-08T18:00,Puno,Yunguyo,Yunguyo,211301,-16.25,-69.0833,3826,25095,10540,42.0,True,papa,11.4,30,7.5,-5.4,0.0,67,7.3,6,18,heladas_invernales,7.0,0,bajo
2024-06-08,2024-06-08T19:00,Puno,Yunguyo,Yunguyo,211301,-16.25,-69.0833,3826,25095,10540,42.0,True,papa,9.9,42,6.3,-2.5,0.0,0,8.0,6,19,heladas_invernales,7.0,0,bajo
2024-06-08,2024-06-08T20:00,Puno,Yunguyo,Yunguyo,211301,-16.25,-69.0833,3826,25095,10540,42.0,True,papa,9.2,46,5.9,-1.9,0.0,81,5.8,6,20,heladas_invernales,7.0,0,bajo
2024-06-08,2024-06-08T21:00,Puno,Yunguyo,Yunguyo,211301,-16.25,-69.0833,3826,25095,10540,42.0,True,papa,8.6,48,5.3,-1.9,0.0,85,6.3,6,21,heladas_invernales,7.0,0,bajo
2024-06-08,2024-06-08T22:00,Puno,Yunguyo,Yunguyo,211301,-16.25,-69.0833,3826,25095,10540,42.0,True,papa,9.8,46,6.8,-1.3,0.0,36,4.4,6,22,heladas_invernales,7.0,0,bajo
2024-06-08,2024-06-08T23:00,Puno,Yunguyo,Yunguyo,211301,-16.25,-69.0833,3826,25095,10540,42.0,True,papa,8.1,54,5.0,-0.6,0.0,63,6.1,6,23,heladas_invernales,7.0,0,bajo
2024-06-09,2024-06-09T00:00,Puno,Yunguyo,Yunguyo,211301,-16.25,-69.0833,3826,25095,10540,42.0,True,papa,9.5,49,6.6,-0.7,0.0,59,4.7,6,0,heladas_invernales,4.8,0,bajo
2024-06-09,2024-06-09T01:00,Puno,Yunguyo,Yunguyo,211301,-16.25,-69.0833,3826,25095,10540,42.0,True,papa,7.9,58,4.9,0.1,0.0,24,5.9,6,1,heladas_invernales,4.8,0,bajo
2024-06-09,2024-06-09T02:00,Puno,Yunguyo,Yunguyo,211301,-16.25,-69.0833,3826,25095,10540,42.0,True,papa,7.6,57,4.8,-0.4,0.0,45,4.0,6,2,heladas_invernales,4.8,0,bajo
2024-06-09,2024-06-09T03:00,Puno,Yunguyo,Yunguyo,211301,-16.25,-69.0833,3826,25095,10540,42.0,True,papa,7.2,49,4.0,-2.9,0.0,95,4.4,6,3,heladas_invernales,4.8,0,bajo
2024-06-09,2024-06-09T04:00,Puno,Yunguyo,Yunguyo,211301,-16.25,-69.0833,3826,25095,10540,42.0,True,papa,6.9,49,3.5,-3.2,0.0,96,5.5,6,4,heladas_invernales,4.8,0,bajo
2024-06-09,2024-06-09T05:00,Puno,Yunguyo,Yunguyo,211301,-16.25,-69.0833,3826,25095,10540,42.0,True,papa,4.8,62,1.4,-1.9,0.0,91,6.8,6,5,heladas_invernales,4.8,0,bajo
2024-06-09,2024-06-09T06:00,Puno,Yunguyo,Yunguyo,211301,-16.25,-69.0833,3826,25095,10540,42.0,True,papa,4.8,63,1.4,-1.6,0.0,83,6.8,6,6,heladas_invernales,4.8,0,bajo
2024-06-09,2024-06-09T07:00,Puno,Yunguyo,Yunguyo,211301,-16.25,-69.0833,3826,25095,10540,42.0,True,papa,5.0,68,1.9,-0.5,0.0,87,6.0,6,7,heladas_invernales,4.8,0,bajo
2024-06-09,2024-06-09T08:00,Puno,Yunguyo,Yunguyo,211301,-16.25,-69.0833,3826,25095,10540,42.0,True,papa,7.7,39,4.2,-5.4,0.0,90,4.5,6,8,heladas_invernales,4.8,0,bajo
2024-06-09,2024-06-09T09:00,Puno,Yunguyo,Yunguyo,211301,-16.25,-69.0833,3826,25095,10540,42.0,True,papa,9.6,28,5.7,-8.0,0.0,98,4.9,6,9,heladas_invernales,4.8,0,bajo
2024-06-09,2024-06-09T10:00,Puno,Yunguyo,Yunguyo,211301,-16.25,-69.0833,3826,25095,10540,42.0,True,papa,11.0,22,8.0,-9.7,0.0,98,4.4,6,10,heladas_invernales,4.8,0,bajo
2024-06-09,2024-06-09T11:00,Puno,Yunguyo,Yunguyo,211301,-16.25,-69.0833,3826,25095,10540,42.0,True,papa,11.9,24,10.1,-8.2,0.0,100,3.1,6,11,heladas_invernales,4.8,0,bajo
2024-06-09,2024-06-09T12:00,Puno,Yunguyo,Yunguyo,211301,-16.25,-69.0833,3826,25095,10540,42.0,True,papa,12.6,24,11.3,-7.5,0.0,95,1.9,6,12,heladas_invernales,4.8,0,bajo
2024-06-09,2024-06-09T13:00,Puno,Yunguyo,Yunguyo,211301,-16.25,-69.0833,3826,25095,10540,42.0,True,papa,13.2,28,11.3,-5.0,0.0,95,5.4,6,13,heladas_invernales,4.8,0,bajo
2024-06-09,2024-06-09T14:00,Puno,Yunguyo,Yunguyo,211301,-16.25,-69.0833,3826,25095,10540,42.0,True,papa,13.6,30,10.9,-3.7,0.0,98,7.2,6,14,heladas_invernales,4.8,0,bajo
2024-06-09,2024-06-09T15:00,Puno,Yunguyo,Yunguyo,211301,-16.25,-69.0833,3826,25095,10540,42.0,True,papa,13.8,28,9.8,-4.6,0.0,99,8.7,6,15,heladas_invernales,4.8,0,bajo
2024-06-09,2024-06-09T16:00,Puno,Yunguyo,Yunguyo,211301,-16.25,-69.0833,3826,25095,10540,42.0,True,papa,13.5,27,9.3,-5.1,0.0,100,9.6,6,16,heladas_invernales,4.8,0,bajo
2024-06-09,2024-06-09T17:00,Puno,Yunguyo,Yunguyo,211301,-16.25,-69.0833,3826,25095,10540,42.0,True,papa,12.5,26,8.5,-6.5,0.0,99,6.8,6,17,heladas_invernales,4.8,0,bajo
2024-06-09,2024-06-09T18:00,Puno,Yunguyo,Yunguyo,211301,-16.25,-69.0833,3826,25095,10540,42.0,True,papa,11.5,32,7.9,-4.6,0.0,96,5.6,6,18,heladas_invernales,4.8,0,bajo
2024-06-09,2024-06-09T19:00,Puno,Yunguyo,Yunguyo,211301,-16.25,-69.0833,3826,25095,10540,42.0,True,papa,10.2,39,6.6,-3.1,0.0,35,6.9,6,19,heladas_invernales,4.8,0,bajo
2024-06-09,2024-06-09T20:00,Puno,Yunguyo,Yunguyo,211301,-16.25,-69.0833,3826,25095,10540,42.0,True,papa,10.6,32,7.2,-5.4,0.0,29,3.8,6,20,heladas_invernales,4.8,0,bajo
2024-06-09,2024-06-09T21:00,Puno,Yunguyo,Yunguyo,211301,-16.25,-69.0833,3826,25095,10540,42.0,True,papa,8.5,42,5.0,-3.6,0.0,11,5.8,6,21,heladas_invernales,4.8,0,bajo
2024-06-09,2024-06-09T22:00,Puno,Yunguyo,Yunguyo,211301,-16.25,-69.0833,3826,25095,10540,42.0,True,papa,9.9,37,6.6,-4.0,0.0,0,4.7,6,22,heladas_invernales,4.8,0,bajo
2024-06-09,2024-06-09T23:00,Puno,Yunguyo,Yunguyo,211301,-16.25,-69.0833,3826,25095,10540,42.0,True,papa,9.6,45,6.6,-1.9,0.0,1,3.6,6,23,heladas_invernales,4.8,0,bajo
2024-06-10,2024-06-10T00:00,Puno,Yunguyo,Yunguyo,211301,-16.25,-69.0833,3826,25095,10540,42.0,True,papa,8.9,63,6.9,2.3,0.0,1,1.4,6,0,heladas_invernales,4.6,0,bajo
2024-06-10,2024-06-10T01:00,Puno,Yunguyo,Yunguyo,211301,-16.25,-69.0833,3826,25095,10540,42.0,True,papa,9.0,53,6.6,-0.1,0.0,0,1.1,6,1,heladas_invernales,4.6,0,bajo
2024-06-10,2024-06-10T02:00,Puno,Yunguyo,Yunguyo,211301,-16.25,-69.0833,3826,25095,10540,42.0,True,papa,9.0,51,6.1,-0.5,0.0,10,4.5,6,2,heladas_invernales,4.6,0,bajo
2024-06-10,2024-06-10T03:00,Puno,Yunguyo,Yunguyo,211301,-16.25,-69.0833,3826,25095,10540,42.0,True,papa,7.4,68,4.5,1.8,0.0,2,6.6,6,3,heladas_invernales,4.6,0,bajo
2024-06-10,2024-06-10T04:00,Puno,Yunguyo,Yunguyo,211301,-16.25,-69.0833,3826,25095,10540,42.0,True,papa,5.7,80,2.8,2.5,0.0,0,7.6,6,4,heladas_invernales,4.6,0,bajo
2024-06-10,2024-06-10T05:00,Puno,Yunguyo,Yunguyo,211301,-16.25,-69.0833,3826,25095,10540,42.0,True,papa,4.6,89,1.8,2.9,0.0,1,7.9,6,5,heladas_invernales,4.6,0,bajo
2024-06-10,2024-06-10T06:00,Puno,Yunguyo,Yunguyo,211301,-16.25,-69.0833,3826,25095,10540,42.0,True,papa,6.4,90,4.2,4.8,0.0,24,5.8,6,6,heladas_invernales,4.6,0,bajo
2024-06-10,2024-06-10T07:00,Puno,Yunguyo,Yunguyo,211301,-16.25,-69.0833,3826,25095,10540,42.0,True,papa,5.6,93,3.7,4.6,0.0,29,4.2,6,7,heladas_invernales,4.6,0,bajo
2024-06-10,2024-06-10T08:00,Puno,Yunguyo,Yunguyo,211301,-16.25,-69.0833,3826,25095,10540,42.0,True,papa,8.4,51,5.5,-1.2,0.0,99,4.3,6,8,heladas_invernales,4.6,0,bajo
2024-06-10,2024-06-10T09:00,Puno,Yunguyo,Yunguyo,211301,-16.25,-69.0833,3826,25095,10540,42.0,True,papa,10.4,34,6.9,-4.8,0.0,87,5.1,6,9,heladas_invernales,4.6,0,bajo
2024-06-10,2024-06-10T10:00,Puno,Yunguyo,Yunguyo,211301,-16.25,-69.0833,3826,25095,10540,42.0,True,papa,11.5,31,9.0,-4.9,0.0,5,3.8,6,10,heladas_invernales,4.6,0,bajo
2024-06-10,2024-06-10T11:00,Puno,Yunguyo,Yunguyo,211301,-16.25,-69.0833,3826,25095,10540,42.0,True,papa,12.3,29,10.9,-5.3,0.0,56,1.8,6,11,heladas_invernales,4.6,0,bajo
2024-06-10,2024-06-10T12:00,Puno,Yunguyo,Yunguyo,211301,-16.25,-69.0833,3826,25095,10540,42.0,True,papa,12.9,28,11.9,-5.2,0.0,40,1.1,6,12,heladas_invernales,4.6,0,bajo
2024-06-10,2024-06-10T13:00,Puno,Yunguyo,Yunguyo,211301,-16.25,-69.0833,3826,25095,10540,42.0,True,papa,13.4,29,12.0,-4.1,0.0,61,3.2,6,13,heladas_invernales,4.6,0,bajo
2024-06-10,2024-06-10T14:00,Puno,Yunguyo,Yunguyo,211301,-16.25,-69.0833,3826,25095,10540,42.0,True,papa,13.8,30,11.4,-3.5,0.0,64,5.4,6,14,heladas_invernales,4.6,0,bajo
2024-06-10,2024-06-10T15:00,Puno,Yunguyo,Yunguyo,211301,-16.25,-69.0833,3826,25095,10540,42.0,True,papa,13.9,27,10.4,-5.0,0.0,73,5.4,6,15,heladas_invernales,4.6,0,bajo
2024-06-10,2024-06-10T16:00,Puno,Yunguyo,Yunguyo,211301,-16.25,-69.0833,3826,25095,10540,42.0,True,papa,13.8,28,9.7,-4.4,0.0,78,9.4,6,16,heladas_invernales,4.6,0,bajo
2024-06-10,2024-06-10T17:00,Puno,Yunguyo,Yunguyo,211301,-16.25,-69.0833,3826,25095,10540,42.0,True,papa,12.7,35,9.0,-2.6,0.0,21,7.9,6,17,heladas_invernales,4.6,0,bajo
2024-06-10,2024-06-10T18:00,Puno,Yunguyo,Yunguyo,211301,-16.25,-69.0833,3826,25095,10540,42.0,True,papa,11.7,43,8.6,-0.4,0.0,65,6.0,6,18,heladas_invernales,4.6,0,bajo
2024-06-10,2024-06-10T19:00,Puno,Yunguyo,Yunguyo,211301,-16.25,-69.0833,3826,25095,10540,42.0,True,papa,10.2,57,7.7,1.9,0.0,55,4.6,6,19,heladas_invernales,4.6,0,bajo
2024-06-10,2024-06-10T20:00,Puno,Yunguyo,Yunguyo,211301,-16.25,-69.0833,3826,25095,10540,42.0,True,papa,10.6,48,8.2,-0.1,0.0,87,1.4,6,20,heladas_invernales,4.6,0,bajo
2024-06-10,2024-06-10T21:00,Puno,Yunguyo,Yunguyo,211301,-16.25,-69.0833,3826,25095,10540,42.0,True,papa,10.2,51,8.0,0.5,0.0,84,0.8,6,21,heladas_invernales,4.6,0,bajo
2024-06-10,2024-06-10T22:00,Puno,Yunguyo,Yunguyo,211301,-16.25,-69.0833,3826,25095,10540,42.0,True,papa,9.5,56,7.2,1.2,0.0,89,2.7,6,22,heladas_invernales,4.6,0,bajo
2024-06-10,2024-06-10T23:00,Puno,Yunguyo,Yunguyo,211301,-16.25,-69.0833,3826,25095,10540,42.0,True,papa,9.4,56,6.9,1.2,0.0,96,3.9,6,23,heladas_invernales,4.6,0,bajo
2024-06-11,2024-06-11T00:00,Puno,Yunguyo,Yunguyo,211301,-16.25,-69.0833,3826,25095,10540,42.0,True,papa,9.6,54,7.1,0.7,0.0,99,3.3,6,0,heladas_invernales,3.6,0,bajo
2024-06-11,2024-06-11T01:00,Puno,Yunguyo,Yunguyo,211301,-16.25,-69.0833,3826,25095,10540,42.0,True,papa,9.2,61,7.0,2.0,0.0,100,3.0,6,1,heladas_invernales,3.6,0,bajo
2024-06-11,2024-06-11T02:00,Puno,Yunguyo,Yunguyo,211301,-16.25,-69.0833,3826,25095,10540,42.0,True,papa,8.5,71,6.5,3.5,0.0,98,3.3,6,2,heladas_invernales,3.6,0,bajo
2024-06-11,2024-06-11T03:00,Puno,Yunguyo,Yunguyo,211301,-16.25,-69.0833,3826,25095,10540,42.0,True,papa,7.4,67,4.7,1.6,0.0,99,5.6,6,3,heladas_invernales,3.6,0,bajo
2024-06-11,2024-06-11T04:00,Puno,Yunguyo,Yunguyo,211301,-16.25,-69.0833,3826,25095,10540,42.0,True,papa,5.0,62,1.5,-1.6,0.0,100,7.6,6,4,heladas_invernales,3.6,0,bajo
2024-06-11,2024-06-11T05:00,Puno,Yunguyo,Yunguyo,211301,-16.25,-69.0833,3826,25095,10540,42.0,True,papa,4.1,50,0.0,-5.4,0.0,6,8.5,6,5,heladas_invernales,3.6,0,bajo
2024-06-11,2024-06-11T06:00,Puno,Yunguyo,Yunguyo,211301,-16.25,-69.0833,3826,25095,10540,42.0,True,papa,3.6,49,-0.6,-6.3,0.0,0,8.7,6,6,heladas_invernales,3.6,0,bajo
2024-06-11,2024-06-11T07:00,Puno,Yunguyo,Yunguyo,211301,-16.25,-69.0833,3826,25095,10540,42.0,True,papa,6.5,44,2.7,-4.7,0.0,0,7.0,6,7,heladas_invernales,3.6,0,bajo
2024-06-11,2024-06-11T08:00,Puno,Yunguyo,Yunguyo,211301,-16.25,-69.0833,3826,25095,10540,42.0,True,papa,8.7,31,4.7,-7.6,0.0,15,6.0,6,8,heladas_invernales,3.6,0,bajo
2024-06-11,2024-06-11T09:00,Puno,Yunguyo,Yunguyo,211301,-16.25,-69.0833,3826,25095,10540,42.0,True,papa,10.0,29,5.7,-7.4,0.0,14,8.4,6,9,heladas_invernales,3.6,0,bajo
2024-06-11,2024-06-11T10:00,Puno,Yunguyo,Yunguyo,211301,-16.25,-69.0833,3826,25095,10540,42.0,True,papa,11.3,28,8.1,-6.6,0.0,2,7.1,6,10,heladas_invernales,3.6,0,bajo
2024-06-11,2024-06-11T11:00,Puno,Yunguyo,Yunguyo,211301,-16.25,-69.0833,3826,25095,10540,42.0,True,papa,12.3,27,10.3,-6.1,0.0,0,5.1,6,11,heladas_invernales,3.6,0,bajo
2024-06-11,2024-06-11T12:00,Puno,Yunguyo,Yunguyo,211301,-16.25,-69.0833,3826,25095,10540,42.0,True,papa,13.2,27,11.5,-5.7,0.0,0,4.6,6,12,heladas_invernales,3.6,0,bajo
2024-06-11,2024-06-11T13:00,Puno,Yunguyo,Yunguyo,211301,-16.25,-69.0833,3826,25095,10540,42.0,True,papa,14.0,25,11.8,-5.7,0.0,43,6.8,6,13,heladas_invernales,3.6,0,bajo
2024-06-11,2024-06-11T14:00,Puno,Yunguyo,Yunguyo,211301,-16.25,-69.0833,3826,25095,10540,42.0,True,papa,14.5,25,11.5,-5.1,0.0,74,8.4,6,14,heladas_invernales,3.6,0,bajo
2024-06-11,2024-06-11T15:00,Puno,Yunguyo,Yunguyo,211301,-16.25,-69.0833,3826,25095,10540,42.0,True,papa,14.4,28,10.2,-3.7,0.0,88,11.0,6,15,heladas_invernales,3.6,0,bajo
2024-06-11,2024-06-11T16:00,Puno,Yunguyo,Yunguyo,211301,-16.25,-69.0833,3826,25095,10540,42.0,True,papa,13.7,31,9.7,-3.3,0.0,70,9.8,6,16,heladas_invernales,3.6,0,bajo
2024-06-11,2024-06-11T17:00,Puno,Yunguyo,Yunguyo,211301,-16.25,-69.0833,3826,25095,10540,42.0,True,papa,12.6,36,8.8,-2.0,0.0,14,9.4,6,17,heladas_invernales,3.6,0,bajo
2024-06-11,2024-06-11T18:00,Puno,Yunguyo,Yunguyo,211301,-16.25,-69.0833,3826,25095,10540,42.0,True,papa,11.6,44,8.3,-0.4,0.0,2,7.9,6,18,heladas_invernales,3.6,0,bajo
2024-06-11,2024-06-11T19:00,Puno,Yunguyo,Yunguyo,211301,-16.25,-69.0833,3826,25095,10540,42.0,True,papa,10.8,50,8.1,0.6,0.0,8,4.1,6,19,heladas_invernales,3.6,0,bajo
2024-06-11,2024-06-11T20:00,Puno,Yunguyo,Yunguyo,211301,-16.25,-69.0833,3826,25095,10540,42.0,True,papa,10.6,42,8.1,-1.8,0.0,9,0.4,6,20,heladas_invernales,3.6,0,bajo
2024-06-11,2024-06-11T21:00,Puno,Yunguyo,Yunguyo,211301,-16.25,-69.0833,3826,25095,10540,42.0,True,papa,10.4,41,7.3,-2.3,0.0,13,4.2,6,21,heladas_invernales,3.6,0,bajo
2024-06-11,2024-06-11T22:00,Puno,Yunguyo,Yunguyo,211301,-16.25,-69.0833,3826,25095,10540,42.0,True,papa,9.5,49,6.6,-0.7,0.0,25,4.8,6,22,heladas_invernales,3.6,0,bajo
2024-06-11,2024-06-11T23:00,Puno,Yunguyo,Yunguyo,211301,-16.25,-69.0833,3826,25095,10540,42.0,True,papa,9.7,52,7.1,0.2,0.0,18,2.9,6,23,heladas_invernales,3.6,0,bajo
2024-06-12,2024-06-12T00:00,Puno,Yunguyo,Yunguyo,211301,-16.25,-69.0833,3826,25095,10540,42.0,True,papa,9.4,54,6.7,0.6,0.0,97,3.9,6,0,heladas_invernales,4.7,0,bajo
2024-06-12,2024-06-12T01:00,Puno,Yunguyo,Yunguyo,211301,-16.25,-69.0833,3826,25095,10540,42.0,True,papa,9.1,56,6.5,0.8,0.0,100,3.9,6,1,heladas_invernales,4.7,0,bajo
2024-06-12,2024-06-12T02:00,Puno,Yunguyo,Yunguyo,211301,-16.25,-69.0833,3826,25095,10540,42.0,True,papa,9.0,54,6.2,0.2,0.0,100,4.3,6,2,heladas_invernales,4.7,0,bajo
2024-06-12,2024-06-12T03:00,Puno,Yunguyo,Yunguyo,211301,-16.25,-69.0833,3826,25095,10540,42.0,True,papa,8.9,54,6.3,0.1,0.0,99,3.3,6,3,heladas_invernales,4.7,0,bajo
2024-06-12,2024-06-12T04:00,Puno,Yunguyo,Yunguyo,211301,-16.25,-69.0833,3826,25095,10540,42.0,True,papa,7.6,71,5.1,2.8,0.0,99,6.0,6,4,heladas_invernales,4.7,0,bajo
2024-06-12,2024-06-12T05:00,Puno,Yunguyo,Yunguyo,211301,-16.25,-69.0833,3826,25095,10540,42.0,True,papa,4.7,84,1.7,2.2,0.0,33,7.9,6,5,heladas_invernales,4.7,0,bajo
2024-06-12,2024-06-12T06:00,Puno,Yunguyo,Yunguyo,211301,-16.25,-69.0833,3826,25095,10540,42.0,True,papa,4.7,83,1.7,2.0,0.0,11,7.7,6,6,heladas_invernales,4.7,0,bajo
2024-06-12,2024-06-12T07:00,Puno,Yunguyo,Yunguyo,211301,-16.25,-69.0833,3826,25095,10540,42.0,True,papa,6.5,81,4.1,3.5,0.0,0,5.5,6,7,heladas_invernales,4.7,0,bajo
2024-06-12,2024-06-12T08:00,Puno,Yunguyo,Yunguyo,211301,-16.25,-69.0833,3826,25095,10540,42.0,True,papa,9.2,60,7.0,1.8,0.0,5,2.4,6,8,heladas_invernales,4.7,0,bajo
2024-06-12,2024-06-12T09:00,Puno,Yunguyo,Yunguyo,211301,-16.25,-69.0833,3826,25095,10540,42.0,True,papa,10.8,39,8.1,-2.5,0.0,35,1.1,6,9,heladas_invernales,4.7,0,bajo
2024-06-12,2024-06-12T10:00,Puno,Yunguyo,Yunguyo,211301,-16.25,-69.0833,3826,25095,10540,42.0,True,papa,11.8,40,10.1,-1.3,0.0,23,2.2,6,10,heladas_invernales,4.7,0,bajo
2024-06-12,2024-06-12T11:00,Puno,Yunguyo,Yunguyo,211301,-16.25,-69.0833,3826,25095,10540,42.0,True,papa,12.6,43,11.5,0.3,0.0,64,4.0,6,11,heladas_invernales,4.7,0,bajo
2024-06-12,2024-06-12T12:00,Puno,Yunguyo,Yunguyo,211301,-16.25,-69.0833,3826,25095,10540,42.0,True,papa,13.1,45,12.4,1.4,0.0,52,4.7,6,12,heladas_invernales,4.7,0,bajo
2024-06-12,2024-06-12T13:00,Puno,Yunguyo,Yunguyo,211301,-16.25,-69.0833,3826,25095,10540,42.0,True,papa,13.7,41,12.4,0.6,0.0,96,5.5,6,13,heladas_invernales,4.7,0,bajo
2024-06-12,2024-06-12T14:00,Puno,Yunguyo,Yunguyo,211301,-16.25,-69.0833,3826,25095,10540,42.0,True,papa,14.4,30,12.1,-2.9,0.0,62,5.2,6,14,heladas_invernales,4.7,0,bajo
2024-06-12,2024-06-12T15:00,Puno,Yunguyo,Yunguyo,211301,-16.25,-69.0833,3826,25095,10540,42.0,True,papa,14.7,25,11.0,-4.9,0.0,74,6.2,6,15,heladas_invernales,4.7,0,bajo
2024-06-12,2024-06-12T16:00,Puno,Yunguyo,Yunguyo,211301,-16.25,-69.0833,3826,25095,10540,42.0,True,papa,14.2,28,10.6,-3.8,0.0,93,6.5,6,16,heladas_invernales,4.7,0,bajo
2024-06-12,2024-06-12T17:00,Puno,Yunguyo,Yunguyo,211301,-16.25,-69.0833,3826,25095,10540,42.0,True,papa,13.4,34,9.7,-2.3,0.0,8,7.9,6,17,heladas_invernales,4.7,0,bajo
2024-06-12,2024-06-12T18:00,Puno,Yunguyo,Yunguyo,211301,-16.25,-69.0833,3826,25095,10540,42.0,True,papa,12.6,38,9.4,-1.4,0.0,0,6.0,6,18,heladas_invernales,4.7,0,bajo
2024-06-12,2024-06-12T19:00,Puno,Yunguyo,Yunguyo,211301,-16.25,-69.0833,3826,25095,10540,42.0,True,papa,11.5,52,9.2,2.0,0.0,0,3.7,6,19,heladas_invernales,4.7,0,bajo
2024-06-12,2024-06-12T20:00,Puno,Yunguyo,Yunguyo,211301,-16.25,-69.0833,3826,25095,10540,42.0,True,papa,10.6,43,7.6,-1.5,0.0,0,4.4,6,20,heladas_invernales,4.7,0,bajo
2024-06-12,2024-06-12T21:00,Puno,Yunguyo,Yunguyo,211301,-16.25,-69.0833,3826,25095,10540,42.0,True,papa,8.5,53,5.1,-0.6,0.0,2,7.9,6,21,heladas_invernales,4.7,0,bajo
2024-06-12,2024-06-12T22:00,Puno,Yunguyo,Yunguyo,211301,-16.25,-69.0833,3826,25095,10540,42.0,True,papa,9.3,51,6.4,-0.4,0.0,0,5.0,6,22,heladas_invernales,4.7,0,bajo
2024-06-12,2024-06-12T23:00,Puno,Yunguyo,Yunguyo,211301,-16.25,-69.0833,3826,25095,10540,42.0,True,papa,10.4,46,7.5,-0.8,0.0,14,4.2,6,23,heladas_invernales,4.7,0,bajo
2024-06-13,2024-06-13T00:00,Puno,Yunguyo,Yunguyo,211301,-16.25,-69.0833,3826,25095,10540,42.0,True,papa,10.2,45,7.2,-1.2,0.0,44,4.8,6,0,heladas_invernales,6.3,0,bajo
2024-06-13,2024-06-13T01:00,Puno,Yunguyo,Yunguyo,211301,-16.25,-69.0833,3826,25095,10540,42.0,True,papa,9.9,49,7.1,-0.3,0.0,4,4.3,6,1,heladas_invernales,6.3,0,bajo
2024-06-13,2024-06-13T02:00,Puno,Yunguyo,Yunguyo,211301,-16.25,-69.0833,3826,25095,10540,42.0,True,papa,9.8,52,7.3,0.4,0.0,0,2.9,6,2,heladas_invernales,6.3,0,bajo
2024-06-13,2024-06-13T03:00,Puno,Yunguyo,Yunguyo,211301,-16.25,-69.0833,3826,25095,10540,42.0,True,papa,9.6,55,7.1,1.1,0.0,25,3.7,6,3,heladas_invernales,6.3,0,bajo
2024-06-13,2024-06-13T04:00,Puno,Yunguyo,Yunguyo,211301,-16.25,-69.0833,3826,25095,10540,42.0,True,papa,7.9,68,5.2,2.4,0.0,21,6.4,6,4,heladas_invernales,6.3,0,bajo
2024-06-13,2024-06-13T05:00,Puno,Yunguyo,Yunguyo,211301,-16.25,-69.0833,3826,25095,10540,42.0,True,papa,6.3,76,3.6,2.5,0.0,94,7.0,6,5,heladas_invernales,6.3,0,bajo
2024-06-13,2024-06-13T06:00,Puno,Yunguyo,Yunguyo,211301,-16.25,-69.0833,3826,25095,10540,42.0,True,papa,7.9,73,5.6,3.5,0.0,96,5.0,6,6,heladas_invernales,6.3,0,bajo
2024-06-13,2024-06-13T07:00,Puno,Yunguyo,Yunguyo,211301,-16.25,-69.0833,3826,25095,10540,42.0,True,papa,7.0,81,4.9,4.0,0.0,96,4.6,6,7,heladas_invernales,6.3,0,bajo
2024-06-13,2024-06-13T08:00,Puno,Yunguyo,Yunguyo,211301,-16.25,-69.0833,3826,25095,10540,42.0,True,papa,9.6,58,7.1,1.6,0.0,99,4.0,6,8,heladas_invernales,6.3,0,bajo
2024-06-13,2024-06-13T09:00,Puno,Yunguyo,Yunguyo,211301,-16.25,-69.0833,3826,25095,10540,42.0,True,papa,10.8,45,7.7,-0.8,0.0,96,5.8,6,9,heladas_invernales,6.3,0,bajo
2024-06-13,2024-06-13T10:00,Puno,Yunguyo,Yunguyo,211301,-16.25,-69.0833,3826,25095,10540,42.0,True,papa,11.9,38,9.4,-2.1,0.0,81,5.9,6,10,heladas_invernales,6.3,0,bajo
2024-06-13,2024-06-13T11:00,Puno,Yunguyo,Yunguyo,211301,-16.25,-69.0833,3826,25095,10540,42.0,True,papa,12.9,32,11.2,-3.3,0.0,98,4.7,6,11,heladas_invernales,6.3,0,bajo
2024-06-13,2024-06-13T12:00,Puno,Yunguyo,Yunguyo,211301,-16.25,-69.0833,3826,25095,10540,42.0,True,papa,13.6,31,12.3,-3.4,0.0,97,3.6,6,12,heladas_invernales,6.3,0,bajo
2024-06-13,2024-06-13T13:00,Puno,Yunguyo,Yunguyo,211301,-16.25,-69.0833,3826,25095,10540,42.0,True,papa,13.9,34,12.3,-1.9,0.0,97,5.5,6,13,heladas_invernales,6.3,0,bajo
2024-06-13,2024-06-13T14:00,Puno,Yunguyo,Yunguyo,211301,-16.25,-69.0833,3826,25095,10540,42.0,True,papa,13.9,38,11.7,-0.1,0.0,97,6.9,6,14,heladas_invernales,6.3,0,bajo
2024-06-13,2024-06-13T15:00,Puno,Yunguyo,Yunguyo,211301,-16.25,-69.0833,3826,25095,10540,42.0,True,papa,13.6,43,10.7,1.4,0.0,76,6.7,6,15,heladas_invernales,6.3,0,bajo
2024-06-13,2024-06-13T16:00,Puno,Yunguyo,Yunguyo,211301,-16.25,-69.0833,3826,25095,10540,42.0,True,papa,13.4,42,10.0,0.8,0.0,66,9.4,6,16,heladas_invernales,6.3,0,bajo
2024-06-13,2024-06-13T17:00,Puno,Yunguyo,Yunguyo,211301,-16.25,-69.0833,3826,25095,10540,42.0,True,papa,12.8,38,8.9,-1.3,0.0,80,10.2,6,17,heladas_invernales,6.3,0,bajo
2024-06-13,2024-06-13T18:00,Puno,Yunguyo,Yunguyo,211301,-16.25,-69.0833,3826,25095,10540,42.0,True,papa,12.4,46,10.0,1.0,0.0,49,2.5,6,18,heladas_invernales,6.3,0,bajo
2024-06-13,2024-06-13T19:00,Puno,Yunguyo,Yunguyo,211301,-16.25,-69.0833,3826,25095,10540,42.0,True,papa,11.4,47,8.0,0.4,0.0,12,9.0,6,19,heladas_invernales,6.3,0,bajo
2024-06-13,2024-06-13T20:00,Puno,Yunguyo,Yunguyo,211301,-16.25,-69.0833,3826,25095,10540,42.0,True,papa,9.8,68,7.7,4.2,0.0,76,5.2,6,20,heladas_invernales,6.3,0,bajo
2024-06-13,2024-06-13T21:00,Puno,Yunguyo,Yunguyo,211301,-16.25,-69.0833,3826,25095,10540,42.0,True,papa,9.1,61,6.3,2.0,0.0,28,6.3,6,21,heladas_invernales,6.3,0,bajo
2024-06-13,2024-06-13T22:00,Puno,Yunguyo,Yunguyo,211301,-16.25,-69.0833,3826,25095,10540,42.0,True,papa,8.1,53,4.8,-0.8,0.0,1,6.9,6,22,heladas_invernales,6.3,0,bajo
2024-06-13,2024-06-13T23:00,Puno,Yunguyo,Yunguyo,211301,-16.25,-69.0833,3826,25095,10540,42.0,True,papa,8.0,50,4.7,-1.7,0.0,1,6.2,6,23,heladas_invernales,6.3,0,bajo
2024-06-14,2024-06-14T00:00,Puno,Yunguyo,Yunguyo,211301,-16.25,-69.0833,3826,25095,10540,42.0,True,papa,9.2,44,6.1,-2.4,0.0,0,4.4,6,0,heladas_invernales,5.1,0,bajo
2024-06-14,2024-06-14T01:00,Puno,Yunguyo,Yunguyo,211301,-16.25,-69.0833,3826,25095,10540,42.0,True,papa,8.6,46,5.5,-2.5,0.0,0,3.7,6,1,heladas_invernales,5.1,0,bajo
2024-06-14,2024-06-14T02:00,Puno,Yunguyo,Yunguyo,211301,-16.25,-69.0833,3826,25095,10540,42.0,True,papa,8.1,49,5.0,-2.1,0.0,0,4.0,6,2,heladas_invernales,5.1,0,bajo
2024-06-14,2024-06-14T03:00,Puno,Yunguyo,Yunguyo,211301,-16.25,-69.0833,3826,25095,10540,42.0,True,papa,7.6,50,4.4,-2.2,0.0,0,5.0,6,3,heladas_invernales,5.1,0,bajo
2024-06-14,2024-06-14T04:00,Puno,Yunguyo,Yunguyo,211301,-16.25,-69.0833,3826,25095,10540,42.0,True,papa,7.1,51,3.8,-2.4,0.0,0,5.2,6,4,heladas_invernales,5.1,0,bajo
2024-06-14,2024-06-14T05:00,Puno,Yunguyo,Yunguyo,211301,-16.25,-69.0833,3826,25095,10540,42.0,True,papa,6.5,53,3.4,-2.3,0.0,0,4.5,6,5,heladas_invernales,5.1,0,bajo
2024-06-14,2024-06-14T06:00,Puno,Yunguyo,Yunguyo,211301,-16.25,-69.0833,3826,25095,10540,42.0,True,papa,6.2,56,3.2,-1.9,0.0,0,4.0,6,6,heladas_invernales,5.1,0,bajo
2024-06-14,2024-06-14T07:00,Puno,Yunguyo,Yunguyo,211301,-16.25,-69.0833,3826,25095,10540,42.0,True,papa,5.1,72,2.4,0.5,0.0,0,4.4,6,7,heladas_invernales,5.1,0,bajo
2024-06-14,2024-06-14T08:00,Puno,Yunguyo,Yunguyo,211301,-16.25,-69.0833,3826,25095,10540,42.0,True,papa,7.2,49,4.1,-2.8,0.0,0,3.8,6,8,heladas_invernales,5.1,0,bajo
2024-06-14,2024-06-14T09:00,Puno,Yunguyo,Yunguyo,211301,-16.25,-69.0833,3826,25095,10540,42.0,True,papa,9.1,33,5.6,-6.2,0.0,0,3.8,6,9,heladas_invernales,5.1,0,bajo
2024-06-14,2024-06-14T10:00,Puno,Yunguyo,Yunguyo,211301,-16.25,-69.0833,3826,25095,10540,42.0,True,papa,10.1,33,7.8,-5.6,0.0,0,2.5,6,10,heladas_invernales,5.1,0,bajo
2024-06-14,2024-06-14T11:00,Puno,Yunguyo,Yunguyo,211301,-16.25,-69.0833,3826,25095,10540,42.0,True,papa,11.0,35,9.3,-3.8,0.0,0,4.9,6,11,heladas_invernales,5.1,0,bajo
2024-06-14,2024-06-14T12:00,Puno,Yunguyo,Yunguyo,211301,-16.25,-69.0833,3826,25095,10540,42.0,True,papa,11.6,41,10.2,-1.3,0.0,0,6.5,6,12,heladas_invernales,5.1,0,bajo
2024-06-14,2024-06-14T13:00,Puno,Yunguyo,Yunguyo,211301,-16.25,-69.0833,3826,25095,10540,42.0,True,papa,12.1,46,10.6,0.9,0.0,0,7.8,6,13,heladas_invernales,5.1,0,bajo
2024-06-14,2024-06-14T14:00,Puno,Yunguyo,Yunguyo,211301,-16.25,-69.0833,3826,25095,10540,42.0,True,papa,12.8,41,10.1,-0.0,0.0,0,10.1,6,14,heladas_invernales,5.1,0,bajo
2024-06-14,2024-06-14T15:00,Puno,Yunguyo,Yunguyo,211301,-16.25,-69.0833,3826,25095,10540,42.0,True,papa,12.9,34,9.2,-2.7,0.0,0,8.7,6,15,heladas_invernales,5.1,0,bajo
2024-06-14,2024-06-14T16:00,Puno,Yunguyo,Yunguyo,211301,-16.25,-69.0833,3826,25095,10540,42.0,True,papa,12.5,32,8.8,-4.0,0.0,0,6.5,6,16,heladas_invernales,5.1,0,bajo
2024-06-14,2024-06-14T17:00,Puno,Yunguyo,Yunguyo,211301,-16.25,-69.0833,3826,25095,10540,42.0,True,papa,11.5,34,8.1,-3.7,0.0,0,5.4,6,17,heladas_invernales,5.1,0,bajo
2024-06-14,2024-06-14T18:00,Puno,Yunguyo,Yunguyo,211301,-16.25,-69.0833,3826,25095,10540,42.0,True,papa,10.8,41,7.7,-2.0,0.0,0,5.0,6,18,heladas_invernales,5.1,0,bajo
2024-06-14,2024-06-14T19:00,Puno,Yunguyo,Yunguyo,211301,-16.25,-69.0833,3826,25095,10540,42.0,True,papa,9.5,56,6.8,1.2,0.0,0,5.4,6,19,heladas_invernales,5.1,0,bajo
2024-06-14,2024-06-14T20:00,Puno,Yunguyo,Yunguyo,211301,-16.25,-69.0833,3826,25095,10540,42.0,True,papa,9.0,51,6.2,-0.5,0.0,0,4.3,6,20,heladas_invernales,5.1,0,bajo
2024-06-14,2024-06-14T21:00,Puno,Yunguyo,Yunguyo,211301,-16.25,-69.0833,3826,25095,10540,42.0,True,papa,7.5,61,4.5,0.6,0.0,0,6.6,6,21,heladas_invernales,5.1,0,bajo
2024-06-14,2024-06-14T22:00,Puno,Yunguyo,Yunguyo,211301,-16.25,-69.0833,3826,25095,10540,42.0,True,papa,7.8,45,3.3,-3.4,0.0,0,13.0,6,22,heladas_invernales,5.1,0,bajo
2024-06-14,2024-06-14T23:00,Puno,Yunguyo,Yunguyo,211301,-16.25,-69.0833,3826,25095,10540,42.0,True,papa,6.2,44,1.9,-5.1,0.0,0,10.5,6,23,heladas_invernales,5.1,0,bajo
